//! Built-in depot AES-128 keys, ported from the terarelease extractor's `keys.cpp`.
//! Sorted by depot id so it can be binary-searched. Generated; do not edit by hand.

#[rustfmt::skip]
pub(super) static TABLE: &[(u32, [u8; 16])] = &[
    (0, [0xa1, 0x0d, 0x0b, 0xcd, 0x94, 0xce, 0x61, 0x05, 0xd0, 0xe2, 0x25, 0x6f, 0xe0, 0x6b, 0x2b, 0x22]),
    (1, [0x60, 0xef, 0x87, 0x0f, 0xb4, 0xb9, 0xa2, 0xeb, 0xb5, 0xe5, 0x11, 0xbc, 0x8c, 0xec, 0x88, 0x58]),
    (3, [0xaa, 0x4c, 0xa0, 0xb6, 0x30, 0x0e, 0x96, 0x77, 0x4b, 0xc3, 0xc2, 0xb5, 0x5c, 0x33, 0x88, 0xc9]),
    (7, [0x63, 0x6d, 0xc4, 0xb3, 0x51, 0x73, 0x2e, 0xdc, 0x60, 0x22, 0x02, 0x1b, 0x89, 0x12, 0x4c, 0xc9]),
    (11, [0x0a, 0xb5, 0x2b, 0xd5, 0xe6, 0x45, 0xdc, 0xe3, 0x86, 0x56, 0xc7, 0xbb, 0xf3, 0x1c, 0xbf, 0xf0]),
    (12, [0xc1, 0xa6, 0xe8, 0x3f, 0x05, 0x81, 0x59, 0xdd, 0xb3, 0x7b, 0xb6, 0xfa, 0x39, 0xcb, 0x24, 0xd1]),
    (13, [0x2e, 0x9b, 0xe0, 0xad, 0x09, 0x84, 0x54, 0x8f, 0x20, 0x1a, 0x58, 0x54, 0xfe, 0xc6, 0x13, 0xf0]),
    (14, [0xe2, 0x18, 0x39, 0xca, 0xe1, 0x61, 0x38, 0x93, 0x60, 0xf3, 0x79, 0x04, 0xf3, 0x1a, 0xee, 0x15]),
    (15, [0x44, 0x38, 0x43, 0x16, 0x12, 0x04, 0x4e, 0x93, 0x0e, 0x41, 0x90, 0x25, 0xad, 0xa3, 0xe2, 0xc8]),
    (16, [0xd3, 0x45, 0xb8, 0x73, 0x8d, 0x6c, 0x43, 0xbe, 0x3e, 0xa4, 0x0d, 0x1c, 0x1b, 0xa5, 0x4e, 0x22]),
    (17, [0xeb, 0xa6, 0x7c, 0xb1, 0x28, 0x88, 0xd5, 0x06, 0x64, 0xa3, 0x29, 0x20, 0xc7, 0x2e, 0xb8, 0x79]),
    (18, [0xc4, 0x54, 0xde, 0xe6, 0x5d, 0x1b, 0xaf, 0x9c, 0x27, 0x13, 0xf2, 0x31, 0x6a, 0x75, 0xa4, 0x35]),
    (19, [0x12, 0x1d, 0x09, 0x09, 0x33, 0xe1, 0x6c, 0x0f, 0x65, 0x27, 0xb9, 0x27, 0x45, 0xc8, 0x09, 0x02]),
    (21, [0xd9, 0x7f, 0x36, 0x3c, 0x95, 0xc9, 0x1d, 0xfd, 0x11, 0xed, 0x94, 0xcb, 0xbc, 0x55, 0xa1, 0x12]),
    (22, [0x78, 0x80, 0x69, 0xab, 0xd3, 0xda, 0xc3, 0xe1, 0x12, 0xdd, 0x67, 0xfc, 0xdd, 0x25, 0x8c, 0x71]),
    (23, [0xe4, 0x9c, 0x89, 0x32, 0x7b, 0x20, 0x17, 0xae, 0xb0, 0x31, 0x19, 0x43, 0x1b, 0x8c, 0x05, 0xc5]),
    (24, [0x9e, 0xca, 0xd1, 0xc4, 0x24, 0x7f, 0x20, 0x91, 0x25, 0xce, 0xe7, 0xe3, 0xf4, 0x14, 0x3a, 0x95]),
    (25, [0xb2, 0x14, 0x78, 0x1a, 0xc4, 0x49, 0xec, 0x11, 0x31, 0x8b, 0x21, 0x69, 0x32, 0xd5, 0x88, 0xd0]),
    (81, [0xdf, 0xd4, 0x63, 0x72, 0xee, 0xc3, 0xac, 0xac, 0xd5, 0x1b, 0x68, 0x54, 0xd6, 0x52, 0x60, 0x47]),
    (82, [0x85, 0xec, 0x2d, 0x0a, 0xa3, 0xc3, 0x0e, 0xec, 0x3c, 0xef, 0x14, 0x66, 0x31, 0xf1, 0x12, 0xa1]),
    (83, [0xf7, 0x0a, 0x3e, 0xba, 0x97, 0xc9, 0xf0, 0xff, 0x1f, 0xbd, 0xcb, 0x4f, 0x20, 0x98, 0x1b, 0x76]),
    (84, [0xf2, 0xf3, 0x44, 0x05, 0x65, 0x7e, 0xc2, 0xad, 0x5a, 0x1f, 0x06, 0x20, 0x61, 0x0e, 0x52, 0xd0]),
    (85, [0xa9, 0x9c, 0x33, 0xbf, 0x52, 0x66, 0xe0, 0xba, 0xc6, 0xd3, 0x61, 0x59, 0xc4, 0xd7, 0x61, 0x0c]),
    (86, [0xb8, 0x36, 0xc0, 0x4e, 0xf4, 0x47, 0x0c, 0x56, 0xf0, 0xbf, 0xce, 0x1a, 0x82, 0x7c, 0x1f, 0xbe]),
    (87, [0x6c, 0x65, 0x54, 0xbd, 0xc8, 0x58, 0xfa, 0x6f, 0x8b, 0x21, 0xe7, 0xf5, 0x7d, 0xdb, 0x46, 0x0f]),
    (88, [0x57, 0xc0, 0xc0, 0xcb, 0x26, 0x78, 0xdc, 0x82, 0x4e, 0x07, 0xe0, 0xc4, 0x55, 0xc7, 0xf7, 0xee]),
    (89, [0x0f, 0x96, 0xed, 0xb1, 0xc8, 0xff, 0x76, 0x9c, 0xab, 0x6e, 0xae, 0x2f, 0x55, 0x64, 0xaf, 0x14]),
    (92, [0x02, 0xe0, 0xcd, 0xac, 0x8d, 0xd7, 0xdc, 0x43, 0x57, 0xa5, 0x60, 0xd6, 0x0c, 0x53, 0x6d, 0xd3]),
    (95, [0xc8, 0x05, 0x14, 0x05, 0xe5, 0xf5, 0xbc, 0x8e, 0x18, 0x67, 0xe7, 0x9d, 0x54, 0x58, 0x04, 0xff]),
    (96, [0x99, 0xf0, 0xdd, 0x1e, 0xa3, 0xaa, 0x6f, 0xb0, 0x96, 0xa7, 0x85, 0xd4, 0xf4, 0xbd, 0x17, 0x4f]),
    (101, [0xb5, 0xda, 0x1c, 0x9f, 0x4b, 0x73, 0x04, 0x7c, 0xa5, 0x9a, 0x87, 0xcd, 0xee, 0x3f, 0xd7, 0x44]),
    (102, [0x10, 0x4c, 0x1a, 0xd6, 0x7c, 0x9b, 0x39, 0x24, 0x30, 0xd8, 0x12, 0x99, 0xfe, 0x93, 0x83, 0x0d]),
    (103, [0x08, 0x24, 0x28, 0x06, 0x19, 0x0c, 0x95, 0x32, 0xb7, 0xd1, 0x84, 0xb5, 0xa7, 0x97, 0x77, 0xa0]),
    (104, [0x3a, 0xd2, 0xe7, 0xc3, 0x10, 0xbc, 0x13, 0x22, 0xbd, 0x6c, 0x3b, 0x1f, 0x8d, 0xb6, 0xff, 0x03]),
    (105, [0xb6, 0x96, 0xcc, 0xed, 0x3f, 0x9e, 0xaa, 0x45, 0xa7, 0x73, 0xbf, 0x88, 0x44, 0x21, 0x4b, 0x42]),
    (106, [0xe7, 0x11, 0x10, 0xea, 0x8b, 0x8b, 0x97, 0x8a, 0x51, 0x6c, 0x1f, 0x08, 0x40, 0x65, 0x29, 0xad]),
    (107, [0x0c, 0xf5, 0x25, 0xff, 0x0f, 0xf4, 0x9f, 0xa1, 0xfa, 0x3f, 0x3a, 0x54, 0x29, 0xd3, 0x7b, 0xb5]),
    (108, [0xc9, 0x04, 0x6a, 0x8b, 0xbe, 0x25, 0x6d, 0xe4, 0x33, 0x6d, 0x8f, 0x0e, 0xb0, 0xe1, 0x5b, 0x78]),
    (109, [0x46, 0xb2, 0xc8, 0x1a, 0x0f, 0xbc, 0xe9, 0x7e, 0x15, 0x9f, 0x2e, 0x2f, 0x25, 0xfc, 0xa0, 0xa6]),
    (110, [0xa7, 0x4a, 0x2e, 0x24, 0x03, 0x21, 0x99, 0x13, 0x08, 0xee, 0xf2, 0xa3, 0xdc, 0x03, 0x15, 0xe0]),
    (111, [0x30, 0x38, 0x04, 0x8e, 0x80, 0x9c, 0xd0, 0xee, 0x0c, 0x8e, 0xbb, 0x43, 0x19, 0xa9, 0x24, 0x99]),
    (200, [0xc5, 0x96, 0xd1, 0xba, 0x1f, 0xea, 0xd9, 0xa4, 0x0d, 0xd0, 0x05, 0x81, 0x18, 0xf5, 0x89, 0x75]),
    (202, [0xb9, 0x2f, 0x4e, 0x82, 0x98, 0xc9, 0xff, 0x99, 0x7d, 0x58, 0xf3, 0xf1, 0xdf, 0xb4, 0x5b, 0x66]),
    (206, [0x33, 0x64, 0x8b, 0x73, 0xe7, 0x32, 0xe0, 0x73, 0x4e, 0x34, 0xfe, 0x3c, 0xda, 0x09, 0xab, 0x74]),
    (207, [0xd1, 0x47, 0xfc, 0x33, 0x3f, 0x1b, 0x2b, 0x18, 0xa8, 0xe0, 0xb9, 0x35, 0x4b, 0x94, 0xaf, 0xf6]),
    (208, [0x9d, 0xc5, 0x7c, 0x80, 0x9a, 0x92, 0x19, 0x6e, 0x26, 0x74, 0xad, 0xa8, 0x7a, 0xea, 0x0f, 0xce]),
    (213, [0x92, 0x9c, 0xe0, 0x78, 0x40, 0xb7, 0xee, 0xb5, 0x85, 0xad, 0x89, 0x77, 0xe1, 0xdd, 0xa6, 0xdf]),
    (216, [0x59, 0x76, 0xb9, 0x7a, 0xd4, 0x1b, 0x95, 0x04, 0x57, 0x45, 0xbf, 0xaf, 0x7f, 0xe5, 0x0c, 0x25]),
    (217, [0xc1, 0xa8, 0x8c, 0x92, 0x32, 0x0d, 0x23, 0x3c, 0x96, 0x58, 0x05, 0xc8, 0x31, 0x83, 0x05, 0x7a]),
    (221, [0x18, 0x7d, 0x51, 0x6d, 0x65, 0xc6, 0x17, 0xeb, 0x6f, 0xe9, 0x0f, 0xb2, 0x02, 0x11, 0xde, 0xc6]),
    (223, [0xab, 0x07, 0x75, 0xd3, 0x36, 0x5a, 0xeb, 0x93, 0xcf, 0x71, 0x50, 0x20, 0x40, 0xde, 0x8b, 0x45]),
    (224, [0x5f, 0x6c, 0xf8, 0xa4, 0x45, 0x2d, 0x5d, 0x09, 0x3d, 0x11, 0xd6, 0xbb, 0x53, 0xca, 0x8e, 0xa7]),
    (225, [0x50, 0x7f, 0xc4, 0xbc, 0x36, 0xf1, 0x92, 0x95, 0x45, 0x4d, 0xb9, 0xc8, 0x8c, 0x69, 0xb6, 0x0c]),
    (226, [0xc7, 0x02, 0x40, 0x80, 0xcf, 0x2d, 0x1f, 0x24, 0x49, 0xe0, 0x15, 0x7f, 0xc0, 0x8f, 0x84, 0x9b]),
    (227, [0x56, 0xbf, 0x21, 0xcf, 0x42, 0xee, 0x89, 0xff, 0xde, 0x3c, 0xaa, 0xb9, 0xc5, 0xe8, 0x81, 0x12]),
    (228, [0xd7, 0x91, 0xf8, 0x99, 0xc1, 0x81, 0x3a, 0x7d, 0x4b, 0x96, 0xab, 0x75, 0x90, 0xe9, 0xaf, 0x75]),
    (229, [0xda, 0xa3, 0xda, 0xff, 0xbb, 0xd5, 0xab, 0x91, 0xb3, 0xbf, 0xfb, 0x04, 0xe1, 0x2d, 0xb1, 0x09]),
    (230, [0x4b, 0xda, 0x3f, 0xdc, 0xe8, 0x59, 0x63, 0x26, 0xd5, 0x6a, 0xd8, 0x10, 0x59, 0x8d, 0x62, 0x49]),
    (231, [0xbe, 0x5b, 0xe8, 0xb8, 0x91, 0x1f, 0x8c, 0xff, 0x65, 0x07, 0x65, 0x10, 0x2b, 0xb9, 0x6d, 0x59]),
    (232, [0xbe, 0x18, 0x7d, 0xce, 0x3a, 0xcf, 0x68, 0xc0, 0xfa, 0xa3, 0xb8, 0xb1, 0x39, 0xdf, 0x1e, 0xc1]),
    (233, [0xe5, 0x3d, 0x7f, 0x9c, 0x9b, 0x7d, 0x52, 0x1e, 0x7a, 0xcb, 0x13, 0xeb, 0x3f, 0x6b, 0x94, 0x65]),
    (236, [0xef, 0xb7, 0x64, 0x53, 0x7f, 0x4c, 0xfb, 0x90, 0x86, 0x63, 0xc4, 0xdc, 0x98, 0x22, 0x53, 0x76]),
    (241, [0x36, 0x7d, 0x02, 0x02, 0x15, 0x52, 0xdd, 0x3e, 0x2b, 0x3f, 0xab, 0x24, 0x17, 0xa5, 0x1a, 0xbc]),
    (242, [0xd1, 0xc6, 0xea, 0x82, 0x41, 0x6e, 0xf4, 0x05, 0x3e, 0x0b, 0x7e, 0x4c, 0x24, 0x2d, 0x77, 0x0f]),
    (243, [0xe6, 0x51, 0x72, 0x95, 0xee, 0x64, 0x3f, 0xd6, 0x79, 0xaf, 0x12, 0xc1, 0x37, 0x40, 0xe2, 0x52]),
    (244, [0x14, 0x10, 0x74, 0x46, 0x2c, 0x08, 0x39, 0x5b, 0xc5, 0x1e, 0xf0, 0x57, 0x6e, 0x34, 0x4c, 0xcb]),
    (245, [0x8a, 0xa4, 0x52, 0xd6, 0x0d, 0x9b, 0xe2, 0x95, 0x8a, 0xa6, 0x64, 0x47, 0x37, 0x4b, 0x11, 0xbe]),
    (246, [0x6f, 0x7e, 0x47, 0x0f, 0x01, 0xa0, 0x94, 0x64, 0xe1, 0x9b, 0x19, 0x57, 0xb5, 0xa5, 0x16, 0x95]),
    (247, [0xff, 0x1a, 0x80, 0x38, 0x4d, 0xb8, 0xea, 0x13, 0x1c, 0xd4, 0x0f, 0x01, 0x14, 0x9e, 0x1b, 0x23]),
    (248, [0xaa, 0x11, 0xb5, 0x9b, 0x65, 0x1f, 0x04, 0x90, 0xc5, 0xf0, 0xde, 0xcb, 0xe2, 0xb5, 0x37, 0x93]),
    (249, [0xd7, 0xb6, 0x6b, 0xac, 0x4f, 0x03, 0x1a, 0x86, 0xfd, 0x7c, 0x71, 0x1a, 0x66, 0x74, 0xb6, 0xd9]),
    (250, [0x14, 0xe7, 0x79, 0x20, 0x5c, 0xfa, 0x05, 0xf7, 0xc0, 0x20, 0x45, 0x84, 0xa9, 0xd8, 0x37, 0x2e]),
    (251, [0x3e, 0x4a, 0x8b, 0x50, 0xef, 0x7f, 0xb1, 0x6c, 0x1b, 0x64, 0x47, 0x55, 0x99, 0x73, 0x97, 0xf0]),
    (252, [0x99, 0xf0, 0x48, 0xb9, 0xe0, 0x36, 0x05, 0x4d, 0x02, 0x15, 0x43, 0x43, 0x55, 0xe9, 0x2f, 0x37]),
    (253, [0xaa, 0xcc, 0x0e, 0xdd, 0xa0, 0xae, 0xb8, 0xf3, 0xa1, 0x0b, 0x47, 0x19, 0xb4, 0x47, 0xcd, 0x57]),
    (254, [0x2d, 0x00, 0x5c, 0x5a, 0x96, 0x61, 0xde, 0xbc, 0xaa, 0xee, 0x78, 0x39, 0xb2, 0xd3, 0x20, 0x75]),
    (255, [0x4a, 0x5d, 0x96, 0xa2, 0x8a, 0x9f, 0xc5, 0x1f, 0x9f, 0xa2, 0x9a, 0x65, 0xa6, 0xb6, 0xe7, 0x41]),
    (256, [0x95, 0x69, 0x17, 0x99, 0x6a, 0x82, 0x7e, 0x7a, 0xc4, 0x61, 0xa9, 0x95, 0xb0, 0xe4, 0xd3, 0x22]),
    (257, [0x59, 0x4e, 0x00, 0x88, 0xf4, 0xc2, 0xad, 0x40, 0x2a, 0xa4, 0x48, 0x5b, 0x2e, 0x4e, 0xb6, 0xba]),
    (258, [0x82, 0x07, 0xcc, 0xb9, 0x0e, 0x69, 0x9d, 0x13, 0xf0, 0x70, 0x88, 0x4c, 0xb6, 0x1e, 0xdf, 0xc7]),
    (281, [0x87, 0xb3, 0xce, 0xc5, 0x9f, 0x6e, 0xc0, 0x4a, 0x8c, 0xed, 0x79, 0x07, 0xcf, 0x8a, 0xcd, 0xd6]),
    (283, [0x1c, 0x05, 0x3d, 0x5a, 0x19, 0xf8, 0xae, 0x9e, 0x15, 0xe3, 0x5f, 0xdc, 0x68, 0x45, 0x90, 0x0f]),
    (284, [0xd7, 0xa0, 0x3c, 0x47, 0xc8, 0xc0, 0x60, 0x4c, 0xda, 0x12, 0xc2, 0x96, 0xdb, 0xb5, 0x0c, 0x85]),
    (285, [0x90, 0x7d, 0xf1, 0x5e, 0x80, 0x55, 0xd5, 0xc7, 0x8f, 0xc2, 0x46, 0xa8, 0x2c, 0x55, 0x17, 0xe1]),
    (286, [0x0d, 0x2a, 0x91, 0x1e, 0x44, 0x27, 0x3a, 0x56, 0x24, 0x6d, 0xd5, 0x31, 0xe0, 0x2f, 0x38, 0x8b]),
    (287, [0x3f, 0x5e, 0x29, 0x4e, 0xb8, 0x3d, 0x8c, 0x9c, 0x74, 0x8f, 0xdb, 0x15, 0x62, 0xc7, 0x3a, 0xa0]),
    (288, [0x6d, 0x3f, 0x4e, 0x9c, 0x60, 0xf7, 0xf4, 0xda, 0x30, 0x46, 0x24, 0x80, 0x1d, 0x12, 0x9d, 0x8c]),
    (289, [0x1a, 0x9b, 0x35, 0xf7, 0x54, 0xa4, 0x8c, 0x33, 0x7a, 0xd8, 0xd7, 0x83, 0xb2, 0x74, 0xb8, 0xee]),
    (290, [0x56, 0xb0, 0x7c, 0x02, 0xe7, 0x53, 0xea, 0xfe, 0xa8, 0xb2, 0xc0, 0xf4, 0xb3, 0x6c, 0x80, 0xfc]),
    (291, [0xba, 0x59, 0x1f, 0x2c, 0x3b, 0x6e, 0xdd, 0xe7, 0x77, 0x0c, 0x45, 0x3e, 0xfd, 0x7b, 0xc4, 0x41]),
    (292, [0xc8, 0x00, 0x9e, 0x76, 0x31, 0x91, 0x7f, 0xc6, 0xa6, 0xbc, 0xbf, 0x9d, 0x76, 0x8b, 0xde, 0x34]),
    (293, [0xd8, 0xbb, 0x2a, 0x21, 0x2d, 0x11, 0xf9, 0x28, 0x64, 0xca, 0x1f, 0x4c, 0x7a, 0x37, 0x04, 0xab]),
    (301, [0x99, 0x00, 0xa4, 0xe8, 0xb3, 0x18, 0x92, 0xeb, 0x0d, 0xd9, 0xfd, 0x06, 0x95, 0x8f, 0x0e, 0x81]),
    (305, [0xad, 0x36, 0xc1, 0x07, 0x9f, 0x3b, 0x00, 0xa4, 0x3a, 0xd8, 0x12, 0xa3, 0xb8, 0xac, 0xbe, 0x48]),
    (306, [0xba, 0x78, 0x30, 0x1e, 0xe9, 0xcf, 0xe3, 0xbd, 0x97, 0x9c, 0x7f, 0xf3, 0xcd, 0xa0, 0xfb, 0x1e]),
    (307, [0x0a, 0x1e, 0xfb, 0xcf, 0x11, 0xe7, 0x3f, 0x7a, 0x9a, 0xb9, 0xf3, 0x6a, 0x19, 0x3c, 0x68, 0x81]),
    (308, [0x61, 0x30, 0x53, 0x50, 0x08, 0xc7, 0xdd, 0x9f, 0xd4, 0x46, 0x93, 0x22, 0x32, 0xbe, 0x21, 0x9c]),
    (309, [0x3c, 0xce, 0x8f, 0x1a, 0xd5, 0x9c, 0xf0, 0xa6, 0x4c, 0x60, 0x28, 0x0d, 0x4f, 0xed, 0x04, 0x0b]),
    (312, [0x2a, 0x81, 0x19, 0x23, 0xa0, 0x70, 0xb1, 0x71, 0x86, 0x7d, 0x10, 0x90, 0xac, 0x64, 0xf6, 0x0c]),
    (315, [0xc8, 0x1c, 0x81, 0x98, 0x0f, 0x8a, 0xb1, 0x00, 0x11, 0xf2, 0x99, 0x66, 0x97, 0xd1, 0xea, 0x37]),
    (316, [0x1c, 0x90, 0x9a, 0x8c, 0x17, 0x1d, 0x71, 0xd7, 0xf8, 0x93, 0x3a, 0x10, 0x51, 0x06, 0x82, 0x36]),
    (317, [0x02, 0x65, 0xbd, 0x33, 0x8e, 0xc0, 0xfb, 0x5d, 0x24, 0x9c, 0x23, 0xd9, 0xe9, 0xe0, 0x8c, 0xfe]),
    (319, [0x49, 0x38, 0xb0, 0xb6, 0xa2, 0x15, 0xdb, 0x18, 0x6a, 0x3e, 0x46, 0x11, 0xbb, 0x0e, 0x55, 0x52]),
    (321, [0xbf, 0x3c, 0xe2, 0x2d, 0x46, 0x2a, 0x77, 0x38, 0x95, 0x62, 0x80, 0x13, 0x77, 0x02, 0x30, 0xb8]),
    (322, [0x73, 0x03, 0xcb, 0x9d, 0x50, 0x0e, 0x1b, 0x3d, 0x6d, 0x53, 0x15, 0x18, 0xc4, 0x01, 0xd8, 0x2a]),
    (360, [0x7b, 0xa9, 0xc9, 0x4f, 0x4f, 0xa9, 0x6e, 0x9b, 0xc7, 0xe5, 0x96, 0x58, 0xc7, 0x46, 0xd0, 0x38]),
    (381, [0x1a, 0x21, 0x3a, 0xc7, 0x74, 0xd2, 0x3c, 0x74, 0x74, 0xbe, 0x01, 0x8f, 0x22, 0x7a, 0x6a, 0x7d]),
    (382, [0x1c, 0xfd, 0x13, 0x27, 0x4a, 0xd5, 0x60, 0x13, 0xba, 0xa3, 0xa0, 0xf5, 0xb1, 0xf6, 0x6b, 0xe3]),
    (383, [0x1c, 0x05, 0x3d, 0x5a, 0x19, 0xf8, 0xae, 0x9e, 0x15, 0xe3, 0x5f, 0xdc, 0x68, 0x45, 0x90, 0x0f]),
    (384, [0xef, 0xd6, 0x7a, 0x80, 0xa0, 0x55, 0x96, 0xe6, 0x5e, 0x35, 0xa4, 0x43, 0x31, 0x11, 0xfb, 0x5e]),
    (385, [0x17, 0xce, 0xe5, 0xcf, 0x7d, 0x99, 0xbe, 0x3e, 0xbd, 0xfd, 0xf9, 0x63, 0x37, 0x0b, 0x75, 0x2d]),
    (386, [0x72, 0xf3, 0xa9, 0x9c, 0x8d, 0xb6, 0xf9, 0x74, 0x43, 0x5b, 0xa2, 0x7a, 0x09, 0x1c, 0x4a, 0xf3]),
    (387, [0x0f, 0x8b, 0xbb, 0xea, 0x11, 0x00, 0x96, 0x23, 0x64, 0xdb, 0xc7, 0x97, 0x4e, 0xa4, 0x77, 0x47]),
    (388, [0xc2, 0xac, 0xb5, 0x18, 0x64, 0x9b, 0x3c, 0xef, 0xcc, 0x42, 0xfd, 0x0e, 0x53, 0x78, 0x21, 0xc3]),
    (389, [0x1c, 0xc0, 0x14, 0x14, 0x5a, 0xe7, 0x64, 0xc5, 0xfb, 0x36, 0x7d, 0xc7, 0x11, 0x5a, 0x28, 0xa4]),
    (390, [0xa8, 0x0b, 0x96, 0x6d, 0xc9, 0x25, 0xe9, 0xc7, 0x07, 0xec, 0x90, 0x3d, 0xe1, 0x3d, 0x14, 0xad]),
    (401, [0xcb, 0x2c, 0x35, 0xf3, 0xb2, 0x71, 0x7f, 0xd2, 0x64, 0x33, 0xd5, 0x17, 0xcf, 0xef, 0xd6, 0xa0]),
    (402, [0x3c, 0x8e, 0xda, 0xe2, 0x1a, 0xe6, 0xda, 0x2b, 0x4d, 0x4b, 0x52, 0x56, 0xfb, 0x5c, 0xb2, 0x28]),
    (403, [0x6c, 0xaf, 0xa3, 0xdb, 0x2a, 0xb9, 0x63, 0x7c, 0x15, 0x85, 0x11, 0xeb, 0x67, 0x28, 0x4d, 0xf8]),
    (404, [0xe6, 0xf1, 0xe7, 0x85, 0x4d, 0x59, 0x50, 0x95, 0x59, 0x98, 0xc1, 0x4b, 0xa7, 0x04, 0x90, 0xf7]),
    (405, [0x42, 0x09, 0x2f, 0x47, 0xd9, 0x00, 0xbe, 0xf7, 0x7e, 0x73, 0x55, 0x49, 0xdb, 0x3f, 0x80, 0xf0]),
    (406, [0x47, 0x16, 0x61, 0x75, 0xc1, 0x41, 0x30, 0x1f, 0x92, 0xcf, 0x96, 0x51, 0xcd, 0xbe, 0x51, 0x48]),
    (421, [0x27, 0xf0, 0xea, 0x71, 0xd1, 0x7a, 0x79, 0xbc, 0xdf, 0xd4, 0x2d, 0x18, 0x9c, 0x44, 0x08, 0xcc]),
    (422, [0xd9, 0x2c, 0xb1, 0x13, 0x41, 0x40, 0x58, 0xd7, 0x2b, 0xda, 0xa4, 0x9b, 0x4c, 0x5d, 0xc6, 0xbd]),
    (423, [0xd9, 0x8b, 0xd2, 0x12, 0x78, 0xd3, 0xaa, 0x21, 0x91, 0x6a, 0x7b, 0x76, 0xb8, 0x09, 0xd9, 0x87]),
    (424, [0x2f, 0x3c, 0xf7, 0x78, 0x27, 0xaa, 0x34, 0x0b, 0xf0, 0xfe, 0xaf, 0x1b, 0x4d, 0x45, 0x5e, 0x73]),
    (425, [0x45, 0x31, 0x26, 0x48, 0xc2, 0x5b, 0x2c, 0xc3, 0xcb, 0x3b, 0xba, 0xe9, 0x8d, 0x3d, 0x29, 0x6e]),
    (426, [0xb4, 0x7b, 0x95, 0x94, 0x42, 0x78, 0x11, 0x96, 0x05, 0x03, 0xce, 0xb4, 0xfe, 0x52, 0xf5, 0xe2]),
    (427, [0x2c, 0x4f, 0x07, 0x89, 0xa8, 0xb6, 0x73, 0xda, 0xa4, 0xa9, 0x39, 0xcc, 0x02, 0xa6, 0x02, 0xe5]),
    (428, [0xa1, 0x79, 0x9f, 0x31, 0x5e, 0xfb, 0x8f, 0x0e, 0x7f, 0x45, 0x77, 0x51, 0x9f, 0x51, 0x81, 0x69]),
    (429, [0x20, 0xa7, 0xc0, 0xc2, 0x2c, 0xed, 0x5a, 0x4a, 0x1f, 0x18, 0x8a, 0xdc, 0x4f, 0x67, 0x2b, 0xb9]),
    (441, [0xdd, 0x80, 0x16, 0x76, 0x33, 0x40, 0x0e, 0xad, 0xc9, 0x4c, 0xea, 0x78, 0x05, 0x28, 0xa5, 0xa2]),
    (442, [0xd8, 0xdb, 0x39, 0x89, 0xa7, 0xdc, 0x00, 0x8e, 0x22, 0x9c, 0x6d, 0xbd, 0xd4, 0xd8, 0x1c, 0x1b]),
    (443, [0xe8, 0x9d, 0x63, 0x70, 0xfd, 0x6e, 0x31, 0xd2, 0x75, 0x6d, 0x38, 0x62, 0xba, 0x49, 0x1c, 0x7f]),
    (444, [0x5e, 0x72, 0x25, 0x47, 0x52, 0x7c, 0xc9, 0x38, 0x7e, 0x10, 0xa2, 0x69, 0xc1, 0x68, 0xe9, 0x27]),
    (445, [0x97, 0x9d, 0xee, 0x48, 0x06, 0x07, 0x07, 0xd7, 0x21, 0xa9, 0xa9, 0x49, 0xa4, 0x89, 0xcd, 0x4b]),
    (446, [0x8c, 0x49, 0xde, 0x38, 0xfd, 0x6c, 0xd8, 0x21, 0xf9, 0x23, 0x85, 0xe7, 0xd0, 0xf9, 0x40, 0x06]),
    (448, [0x6c, 0x20, 0x94, 0x55, 0x02, 0x55, 0x82, 0x42, 0xa6, 0xee, 0x9a, 0xc1, 0xf5, 0xbf, 0x52, 0xee]),
    (449, [0x56, 0xed, 0x8b, 0x53, 0x97, 0x41, 0x72, 0xd0, 0x9c, 0xeb, 0xf8, 0xb1, 0x31, 0x23, 0xe8, 0x87]),
    (461, [0xe8, 0xb1, 0xc2, 0xca, 0x20, 0xac, 0xd9, 0x95, 0x17, 0x81, 0x04, 0x02, 0xc2, 0x7e, 0xd4, 0x2b]),
    (481, [0x49, 0x68, 0x41, 0x28, 0xb3, 0x6e, 0xd1, 0x2d, 0x85, 0xbc, 0x17, 0xe8, 0xbb, 0xbf, 0x6b, 0x22]),
    (501, [0x07, 0x47, 0xba, 0xc4, 0x82, 0x16, 0x98, 0x5d, 0xad, 0x34, 0xbe, 0xd4, 0xb0, 0x9f, 0x85, 0x7e]),
    (502, [0x59, 0x70, 0xe9, 0x08, 0xff, 0x17, 0xac, 0xb1, 0xbc, 0x6e, 0x4d, 0xa4, 0x4f, 0xe3, 0x2c, 0xad]),
    (503, [0xde, 0xbd, 0x79, 0xb1, 0xff, 0xcf, 0x72, 0x7c, 0xa5, 0xf2, 0xfa, 0x94, 0x72, 0x44, 0xd6, 0x77]),
    (504, [0x9b, 0x4c, 0x39, 0x42, 0xb0, 0x16, 0x84, 0x0c, 0x8b, 0x53, 0xaa, 0x21, 0x76, 0x9d, 0x4d, 0x87]),
    (505, [0xe4, 0xdd, 0xb5, 0x27, 0xfa, 0x73, 0x31, 0x2d, 0xa5, 0x90, 0x4a, 0x1e, 0x07, 0xc5, 0xb0, 0x7b]),
    (506, [0x3a, 0x2a, 0x21, 0x4a, 0x10, 0x72, 0x0e, 0xb1, 0x79, 0x08, 0xce, 0x36, 0x31, 0x0c, 0xf0, 0x3e]),
    (507, [0x65, 0x77, 0x77, 0x0e, 0x21, 0x5c, 0xc7, 0x68, 0x9c, 0xfc, 0x87, 0x97, 0x26, 0x60, 0xbd, 0x4f]),
    (508, [0x9f, 0xd7, 0x4d, 0x47, 0xbb, 0x3a, 0x9b, 0x82, 0x2d, 0xe7, 0x93, 0xf6, 0x9c, 0x8b, 0x01, 0x5e]),
    (509, [0xb2, 0x77, 0x4f, 0x9c, 0x5d, 0xa8, 0x3b, 0xd6, 0x7e, 0x9e, 0x38, 0x0f, 0x4e, 0x99, 0x02, 0xf3]),
    (515, [0x3f, 0x51, 0xd2, 0x3a, 0x53, 0xb7, 0x71, 0xf7, 0x1c, 0xa1, 0x1a, 0x7e, 0x97, 0x83, 0x86, 0xf5]),
    (521, [0x01, 0xe6, 0x54, 0x15, 0xb2, 0xe5, 0x51, 0x14, 0xa4, 0x9e, 0xf5, 0x54, 0xa2, 0x71, 0x86, 0x69]),
    (522, [0xa6, 0x56, 0xb8, 0x25, 0x7b, 0xdd, 0x0d, 0x56, 0xb2, 0xbc, 0xa0, 0xc6, 0x9a, 0x33, 0x99, 0x9b]),
    (523, [0x2c, 0x49, 0x2e, 0x08, 0x26, 0x23, 0x58, 0x95, 0x65, 0xc6, 0xcb, 0x2a, 0x83, 0x96, 0x40, 0x11]),
    (524, [0x49, 0xa5, 0x48, 0xbd, 0x41, 0xc4, 0x0e, 0x21, 0xc9, 0x6e, 0x27, 0x70, 0xc0, 0x86, 0x23, 0x6a]),
    (525, [0x6b, 0xa2, 0xd8, 0x56, 0xf0, 0x1d, 0x47, 0x1b, 0x6f, 0xcc, 0x05, 0x5f, 0xd3, 0x47, 0xfb, 0xc9]),
    (526, [0x66, 0x9e, 0x1d, 0xb4, 0x27, 0x1f, 0x6e, 0xe2, 0x15, 0x76, 0x55, 0xda, 0x04, 0x53, 0xf5, 0xa9]),
    (527, [0xec, 0xff, 0x35, 0xc0, 0x6a, 0x97, 0xeb, 0x82, 0xaa, 0xe0, 0xf7, 0x7d, 0x2c, 0xf5, 0xb9, 0x53]),
    (531, [0x8a, 0x45, 0x02, 0x44, 0x5e, 0x41, 0xbc, 0xbc, 0x2d, 0x2b, 0x79, 0x0b, 0xd3, 0xaa, 0x91, 0x53]),
    (532, [0x05, 0x69, 0x50, 0x31, 0x0c, 0x19, 0xa6, 0x9c, 0x3c, 0xb5, 0x34, 0x4f, 0x73, 0x23, 0x0f, 0x22]),
    (533, [0xc1, 0x41, 0xb9, 0x1e, 0xdc, 0xf3, 0xea, 0xba, 0x0f, 0x1d, 0xed, 0x6b, 0xc1, 0xeb, 0x07, 0xd2]),
    (534, [0xf1, 0xc8, 0x64, 0xed, 0xba, 0x3f, 0xf0, 0x39, 0x75, 0xda, 0x53, 0xd7, 0x68, 0x09, 0xa4, 0x6e]),
    (535, [0xa6, 0x11, 0x2a, 0xfd, 0x66, 0xd4, 0x3c, 0x20, 0x40, 0x71, 0xd9, 0x62, 0x1e, 0x4e, 0x76, 0x4b]),
    (536, [0x8e, 0xbe, 0x87, 0x46, 0xe8, 0x4a, 0xda, 0x42, 0x23, 0x17, 0x2d, 0x11, 0x4f, 0x28, 0x00, 0xd5]),
    (537, [0xa1, 0x9e, 0x9b, 0x41, 0x15, 0x8c, 0x8e, 0x7b, 0x1e, 0x5e, 0xd3, 0x99, 0xe5, 0xdb, 0xd0, 0xdd]),
    (551, [0xc7, 0xb7, 0x0d, 0xdd, 0x92, 0x08, 0xe8, 0xcd, 0x35, 0x78, 0x23, 0xa5, 0x8b, 0xa8, 0x2c, 0x0a]),
    (552, [0xc6, 0xe4, 0x71, 0xf5, 0x76, 0x8a, 0xcb, 0x08, 0x0b, 0xa4, 0xf7, 0x91, 0x9c, 0xaf, 0x8f, 0x45]),
    (553, [0xdc, 0x8d, 0xa7, 0x1e, 0x63, 0x67, 0xee, 0x5a, 0x1e, 0x68, 0x99, 0xdd, 0x66, 0xf6, 0xaf, 0x43]),
    (555, [0xdd, 0xc5, 0xb1, 0x2c, 0xc0, 0x1b, 0xa5, 0xf9, 0x47, 0xd6, 0xe8, 0x25, 0x52, 0xf1, 0x5b, 0x78]),
    (556, [0xdf, 0xbb, 0x70, 0x8d, 0xcb, 0xed, 0xe7, 0xfa, 0x77, 0x67, 0xd3, 0xf8, 0x09, 0xa5, 0xc6, 0x12]),
    (557, [0xdf, 0x46, 0x6c, 0x17, 0x80, 0xc5, 0xbe, 0xe4, 0xe8, 0x45, 0xa8, 0xc7, 0x8b, 0xd7, 0xb9, 0x3c]),
    (558, [0x82, 0x41, 0x7e, 0x72, 0xd9, 0x65, 0xbc, 0x1c, 0xc9, 0x51, 0x93, 0x60, 0x37, 0x5c, 0x4e, 0x14]),
    (559, [0xf7, 0x1e, 0xae, 0x96, 0x10, 0xa9, 0x2a, 0xf8, 0x19, 0x66, 0xf4, 0x3e, 0x72, 0x53, 0xa4, 0x48]),
    (561, [0x9c, 0x8e, 0xcc, 0x45, 0xad, 0x64, 0x92, 0xe9, 0xa1, 0xe0, 0x45, 0xfb, 0x5d, 0xd3, 0x8d, 0x9e]),
    (562, [0xa1, 0xa9, 0x93, 0x8d, 0x6c, 0x35, 0x07, 0x9c, 0x53, 0x47, 0xe3, 0x26, 0x9c, 0x6a, 0xbb, 0x8a]),
    (571, [0xf3, 0x6d, 0x59, 0x63, 0x7b, 0x88, 0xae, 0x05, 0x8f, 0x31, 0x03, 0x6d, 0x36, 0x6b, 0x07, 0x3c]),
    (572, [0xba, 0x2b, 0xef, 0xe9, 0xd0, 0x81, 0x63, 0x95, 0x7e, 0x40, 0x6d, 0xf2, 0x68, 0xc7, 0x9c, 0xd5]),
    (573, [0x29, 0xd1, 0x06, 0xbe, 0xda, 0x26, 0x20, 0xde, 0xae, 0xd8, 0x29, 0x12, 0xc6, 0x8b, 0xe3, 0x9e]),
    (591, [0xb6, 0x01, 0xa3, 0x75, 0xed, 0x6a, 0xd5, 0x89, 0x02, 0x10, 0x14, 0xb9, 0x2f, 0x82, 0xf9, 0xa4]),
    (593, [0x02, 0x86, 0xb6, 0x8e, 0x8d, 0x59, 0x17, 0x62, 0xbe, 0x0c, 0x0c, 0x70, 0x06, 0xc0, 0xb3, 0xea]),
    (594, [0x59, 0xc3, 0xae, 0x64, 0xc5, 0xeb, 0xfa, 0xd0, 0x49, 0x28, 0xe3, 0x82, 0x6a, 0x47, 0xa7, 0xa1]),
    (595, [0xf7, 0x3d, 0x12, 0x1c, 0xe9, 0x2e, 0x04, 0x36, 0x04, 0x58, 0x21, 0x56, 0xb7, 0x6a, 0xb1, 0x7b]),
    (596, [0xed, 0x8f, 0x6f, 0x95, 0xfa, 0x66, 0x60, 0x07, 0x59, 0xe4, 0xdf, 0x8a, 0xbe, 0x9a, 0x4b, 0xa7]),
    (597, [0x43, 0xc6, 0xca, 0x7c, 0x66, 0xcf, 0xea, 0xb7, 0xfa, 0x89, 0x9a, 0xce, 0x8e, 0x19, 0xd6, 0xde]),
    (598, [0xe7, 0xa6, 0x78, 0x01, 0x0b, 0xeb, 0xe1, 0xad, 0xea, 0xb5, 0xd8, 0x75, 0x52, 0xba, 0x4a, 0x84]),
    (599, [0x32, 0x9d, 0x8c, 0x26, 0xfb, 0x92, 0x1d, 0x15, 0x61, 0x76, 0x9d, 0x17, 0x53, 0x82, 0x39, 0x1e]),
    (621, [0x66, 0xf6, 0x1c, 0x23, 0xe9, 0x05, 0xfa, 0x9e, 0x6c, 0xb1, 0x9b, 0xc8, 0xf8, 0xaa, 0x06, 0x98]),
    (622, [0xc6, 0x73, 0x33, 0x9e, 0xb4, 0xf9, 0xe9, 0x1c, 0xd0, 0x89, 0x6e, 0x9f, 0xf7, 0x49, 0x71, 0x97]),
    (623, [0xc6, 0x7a, 0xba, 0x09, 0x48, 0x6b, 0x83, 0x11, 0x38, 0xa4, 0x89, 0x25, 0xa0, 0xdf, 0x27, 0xfd]),
    (624, [0x72, 0x9e, 0x9d, 0xfc, 0x4c, 0x5f, 0x37, 0xcc, 0xc1, 0x2e, 0x2a, 0xee, 0x3d, 0x2b, 0x25, 0xc4]),
    (625, [0x5e, 0x14, 0xcd, 0x70, 0xd8, 0xa8, 0xf9, 0x54, 0xf3, 0xb0, 0x1d, 0xb8, 0x34, 0xd7, 0xeb, 0xaf]),
    (626, [0x67, 0xb1, 0x10, 0x71, 0x2a, 0x66, 0x90, 0x07, 0x4f, 0x5f, 0x66, 0x9f, 0x7e, 0xb9, 0xea, 0x95]),
    (627, [0xbe, 0xf9, 0xec, 0xef, 0x44, 0x71, 0xfc, 0x53, 0x8f, 0xba, 0xec, 0xb5, 0xa7, 0x37, 0xdf, 0x56]),
    (628, [0xe4, 0x67, 0xbb, 0x1c, 0xab, 0xf6, 0x9a, 0x6c, 0x46, 0xdf, 0x80, 0x71, 0x2e, 0x15, 0xb9, 0xa6]),
    (629, [0xc6, 0x38, 0xe9, 0xbb, 0x09, 0x66, 0xbf, 0x9a, 0x05, 0x16, 0x03, 0x5c, 0x5f, 0xce, 0xa3, 0xf4]),
    (631, [0x2b, 0x3e, 0x1f, 0x71, 0xfa, 0x60, 0xe2, 0xc7, 0x31, 0xdb, 0x94, 0x2e, 0xec, 0xb5, 0x44, 0x8f]),
    (641, [0xfb, 0x24, 0xd8, 0x9b, 0xcf, 0xe7, 0xb2, 0xd6, 0xd8, 0xb3, 0x05, 0x1b, 0x2c, 0x3c, 0xf0, 0x35]),
    (645, [0xc4, 0x82, 0x8b, 0xfb, 0x31, 0x6a, 0x6d, 0x50, 0xda, 0x30, 0xdf, 0x4d, 0xc0, 0x26, 0x98, 0x3d]),
    (660, [0x20, 0x71, 0xf9, 0x66, 0x5f, 0x87, 0xf6, 0x8e, 0x87, 0x50, 0xfa, 0x52, 0x75, 0x1b, 0xe0, 0x6c]),
    (711, [0xff, 0x60, 0x2c, 0x18, 0xb1, 0x1c, 0x78, 0x31, 0xdc, 0x41, 0xd6, 0x3f, 0x61, 0x61, 0x37, 0x49]),
    (712, [0x87, 0xff, 0x0a, 0x9d, 0x30, 0x73, 0x69, 0x0e, 0x71, 0x1c, 0xfc, 0x85, 0x45, 0x62, 0xc9, 0xef]),
    (713, [0x55, 0x5f, 0xc3, 0x65, 0x1a, 0xb8, 0xe6, 0x39, 0xd6, 0x31, 0x02, 0x42, 0x39, 0xf1, 0xc2, 0xd0]),
    (816, [0xdf, 0x97, 0x6c, 0xdb, 0x85, 0x95, 0x08, 0xfe, 0x26, 0x2d, 0x57, 0xe5, 0x81, 0x0b, 0x61, 0xf4]),
    (841, [0x7b, 0xd7, 0x1e, 0x1b, 0x45, 0x50, 0x8b, 0x6e, 0xdd, 0x8a, 0x8a, 0xe8, 0x40, 0xf3, 0x35, 0xba]),
    (842, [0xe9, 0x49, 0xa3, 0xf9, 0x81, 0x40, 0x61, 0x76, 0xa8, 0x22, 0xc7, 0x85, 0x58, 0xba, 0x49, 0x8d]),
    (852, [0xe2, 0x23, 0x77, 0x5b, 0xc1, 0x8b, 0xfc, 0xb0, 0x08, 0xee, 0x11, 0x49, 0x55, 0x70, 0x45, 0x07]),
    (910, [0x9b, 0x19, 0xc7, 0xac, 0xda, 0x48, 0xfd, 0xb5, 0x1c, 0xad, 0x53, 0xd1, 0xe7, 0x82, 0x8c, 0x56]),
    (1000, [0xea, 0x59, 0x29, 0x2c, 0x2a, 0xcf, 0x0c, 0x11, 0x25, 0x62, 0xc3, 0x20, 0x04, 0x42, 0xe0, 0xe7]),
    (1001, [0x65, 0x32, 0x50, 0xb9, 0xbd, 0xae, 0x6a, 0x42, 0xdc, 0xa6, 0x93, 0x74, 0x66, 0x21, 0xf9, 0xdb]),
    (1003, [0x65, 0x32, 0x50, 0xb9, 0xbd, 0xae, 0x6a, 0x42, 0xdc, 0xa6, 0x93, 0x74, 0x66, 0x21, 0xf9, 0xdb]),
    (1201, [0xf6, 0x31, 0xc0, 0x83, 0x0d, 0x7d, 0x9b, 0xe0, 0xe8, 0x26, 0x65, 0x0e, 0x22, 0xe7, 0x37, 0x34]),
    (1202, [0xc5, 0x1a, 0xe3, 0x18, 0x17, 0x37, 0x90, 0xb7, 0xea, 0x87, 0x80, 0x59, 0x2b, 0x4a, 0x11, 0xc5]),
    (1203, [0x01, 0x29, 0xb2, 0x7c, 0xab, 0x1a, 0xa4, 0xe8, 0x55, 0xfc, 0x9b, 0x88, 0xb2, 0x4a, 0xd1, 0x5d]),
    (1204, [0xf2, 0x2a, 0x62, 0x42, 0x06, 0x8a, 0x39, 0x47, 0x5d, 0xaf, 0xef, 0x70, 0xe1, 0xba, 0x8e, 0x22]),
    (1213, [0x58, 0x3e, 0x4c, 0xf2, 0xa9, 0x22, 0x7b, 0xbe, 0x88, 0x5c, 0x53, 0xac, 0x4f, 0xc9, 0x28, 0x8b]),
    (1221, [0x0d, 0x2d, 0xd9, 0xee, 0xa6, 0x6f, 0x47, 0xdd, 0x3e, 0x9f, 0x77, 0x21, 0xde, 0xc6, 0xf4, 0x50]),
    (1222, [0xc4, 0xed, 0x72, 0xba, 0xb3, 0x81, 0x1a, 0x0f, 0x17, 0xb6, 0xe9, 0xf2, 0x79, 0xc1, 0xad, 0xbe]),
    (1251, [0x63, 0xbb, 0xa7, 0xdd, 0x42, 0xca, 0x5a, 0x60, 0xa7, 0xae, 0x89, 0xc3, 0x0e, 0x6a, 0x86, 0xb1]),
    (1252, [0x7a, 0xdf, 0x6a, 0x4d, 0x22, 0x96, 0x08, 0xdf, 0xb6, 0xb4, 0x46, 0xb6, 0x0e, 0xae, 0xec, 0x57]),
    (1253, [0x5b, 0x4d, 0xf3, 0xb6, 0x98, 0xf7, 0xc1, 0x5f, 0x62, 0x5d, 0x1d, 0xd8, 0x7d, 0xd5, 0x52, 0x12]),
    (1254, [0x4d, 0xd1, 0xe7, 0xa2, 0x78, 0x62, 0x3d, 0x87, 0xda, 0xc0, 0x9b, 0x78, 0x6d, 0xbc, 0xd4, 0x1d]),
    (1258, [0x25, 0x0d, 0xfe, 0x22, 0x53, 0x5a, 0xd3, 0x7d, 0xa0, 0x6e, 0x73, 0x4a, 0xd9, 0xc2, 0xfc, 0xc3]),
    (1281, [0x79, 0xfb, 0x72, 0x26, 0xe6, 0xc0, 0x7b, 0x8e, 0xa2, 0x60, 0x35, 0x22, 0x89, 0x48, 0x2b, 0xe3]),
    (1282, [0x13, 0x4b, 0x31, 0x51, 0x77, 0x90, 0x7b, 0xab, 0xb4, 0x1c, 0xe4, 0x6b, 0x22, 0x67, 0xc8, 0x4f]),
    (1291, [0x72, 0x4e, 0x81, 0x52, 0xe6, 0x48, 0x72, 0x8c, 0x76, 0x6f, 0x96, 0x2f, 0xe3, 0x8c, 0x66, 0xa4]),
    (1301, [0xd4, 0x2b, 0xc8, 0x88, 0xd6, 0x52, 0xa4, 0xf5, 0xff, 0x3e, 0xd9, 0x3a, 0x32, 0x01, 0xcd, 0xfd]),
    (1302, [0x12, 0xe1, 0xab, 0x36, 0xfa, 0x5d, 0xb3, 0xe1, 0x9f, 0x56, 0x5f, 0x62, 0x3a, 0x27, 0x23, 0x90]),
    (1303, [0x7f, 0xa2, 0x5f, 0x96, 0xc6, 0x0a, 0x11, 0xc0, 0x85, 0x3e, 0xc5, 0x71, 0x66, 0x12, 0x91, 0x00]),
    (1304, [0xa3, 0xa9, 0xac, 0x86, 0x2e, 0x45, 0xef, 0x48, 0x1e, 0xee, 0x8a, 0x4f, 0xf2, 0xa1, 0x26, 0x30]),
    (1305, [0x6b, 0xb4, 0x3c, 0x2d, 0xa3, 0x79, 0x09, 0x81, 0x91, 0xd9, 0x6f, 0xba, 0xb1, 0x91, 0xea, 0x01]),
    (1501, [0x4b, 0x69, 0x09, 0x00, 0xfc, 0x87, 0xc0, 0x18, 0xec, 0x5a, 0x76, 0xd2, 0x98, 0xe8, 0xc8, 0x82]),
    (1512, [0xb9, 0x53, 0xc8, 0xf8, 0x1e, 0x6f, 0x7c, 0xbf, 0xb2, 0x33, 0x33, 0x79, 0xb8, 0xa0, 0x97, 0x10]),
    (1521, [0xab, 0xe5, 0xdd, 0x71, 0xc7, 0xe2, 0x26, 0x06, 0x26, 0xdf, 0xa4, 0x2b, 0xd8, 0xf2, 0xce, 0xa9]),
    (1526, [0xab, 0xe5, 0xdd, 0x71, 0xc7, 0xe2, 0x26, 0x06, 0x26, 0xdf, 0xa4, 0x2b, 0xd8, 0xf2, 0xce, 0xa9]),
    (1533, [0x5a, 0x63, 0x63, 0x04, 0x01, 0xae, 0x8b, 0xc0, 0x3b, 0x57, 0x25, 0xd8, 0xa6, 0x0d, 0xab, 0x78]),
    (1601, [0x98, 0xf0, 0x7e, 0xf0, 0xa4, 0x71, 0x6b, 0xac, 0x11, 0xf0, 0xfd, 0xd7, 0x42, 0xaa, 0x68, 0x78]),
    (1611, [0x70, 0x43, 0xa4, 0xba, 0x15, 0xfd, 0xc5, 0x9a, 0x1a, 0x09, 0x84, 0x29, 0x11, 0x40, 0xed, 0xa9]),
    (1701, [0xac, 0x65, 0x3a, 0xb3, 0x04, 0x74, 0x72, 0xcb, 0x6e, 0x4b, 0xc2, 0x51, 0xbd, 0xbc, 0x14, 0x4a]),
    (1900, [0x7a, 0xd1, 0x3c, 0xbc, 0x37, 0x52, 0xa8, 0xd1, 0x63, 0xbe, 0x29, 0x95, 0x38, 0x0f, 0xd1, 0x23]),
    (1901, [0x7a, 0xd1, 0x3c, 0xbc, 0x37, 0x52, 0xa8, 0xd1, 0x63, 0xbe, 0x29, 0x95, 0x38, 0x0f, 0xd1, 0x23]),
    (1902, [0xcd, 0xf1, 0x8b, 0x1f, 0xa0, 0x43, 0x28, 0xbb, 0xfa, 0xba, 0xda, 0xec, 0xb4, 0x6a, 0xf0, 0x6d]),
    (1903, [0x56, 0x98, 0x20, 0x3d, 0xe8, 0x23, 0x56, 0xff, 0xea, 0x2d, 0x85, 0xa7, 0x02, 0xc9, 0x70, 0xed]),
    (2101, [0x56, 0x92, 0x7d, 0x16, 0x41, 0x3d, 0xa1, 0xe7, 0xa7, 0xec, 0x3d, 0xe0, 0x0e, 0xdd, 0x73, 0xc1]),
    (2102, [0x07, 0xff, 0x36, 0xa4, 0x68, 0x67, 0x77, 0x62, 0xc9, 0x34, 0x01, 0xed, 0x26, 0x32, 0xbc, 0x69]),
    (2103, [0x13, 0x02, 0x8d, 0x77, 0x09, 0x2c, 0x10, 0x60, 0x97, 0xac, 0x67, 0xd7, 0x41, 0x98, 0x81, 0x38]),
    (2104, [0x99, 0x9d, 0xf9, 0x14, 0xe8, 0xfe, 0xdc, 0xe8, 0x37, 0x5a, 0x06, 0xac, 0x28, 0x2c, 0x8a, 0x2f]),
    (2105, [0xcd, 0xe2, 0x63, 0x79, 0x36, 0x86, 0x95, 0xbc, 0x52, 0xb3, 0xe2, 0x37, 0xb1, 0x88, 0x8a, 0xc1]),
    (2106, [0x8e, 0xe3, 0x84, 0xde, 0x35, 0x49, 0x17, 0x26, 0x65, 0xed, 0xff, 0xfc, 0x9b, 0xc5, 0xd0, 0xe5]),
    (2107, [0xf9, 0x03, 0x95, 0xd4, 0xdd, 0xc4, 0x36, 0x42, 0xab, 0x54, 0xbb, 0xa3, 0xc5, 0xbc, 0x0a, 0x93]),
    (2108, [0xd4, 0xb8, 0xd0, 0xbf, 0x9f, 0xf3, 0x27, 0x51, 0x51, 0x16, 0x50, 0x97, 0x21, 0xa2, 0xfe, 0x74]),
    (2109, [0x6f, 0x9e, 0x9a, 0x4a, 0x94, 0xf2, 0x46, 0x85, 0x57, 0xed, 0x07, 0x6d, 0x94, 0x1c, 0xd0, 0x8d]),
    (2121, [0x3b, 0x1f, 0xac, 0xb0, 0x04, 0x14, 0xb2, 0xdc, 0x18, 0x66, 0x47, 0x75, 0x10, 0x89, 0xac, 0x8e]),
    (2122, [0x08, 0x15, 0x54, 0xbc, 0x9f, 0x71, 0x66, 0x41, 0xb5, 0x06, 0x81, 0xcb, 0xc1, 0x3c, 0x7e, 0x2f]),
    (2123, [0xe3, 0xf5, 0xb6, 0x30, 0x0e, 0x5b, 0xd2, 0x66, 0x65, 0xa7, 0xee, 0x87, 0x38, 0xf0, 0xe8, 0xd3]),
    (2124, [0x4a, 0xc1, 0xa5, 0xad, 0x88, 0x1d, 0xca, 0x20, 0x56, 0x72, 0x84, 0x15, 0xeb, 0xb9, 0xe1, 0x06]),
    (2125, [0xeb, 0x8f, 0xa2, 0x93, 0x76, 0x55, 0x40, 0xa0, 0x39, 0x80, 0x6b, 0xe1, 0x8a, 0xd7, 0xf8, 0x35]),
    (2131, [0x41, 0x47, 0x8e, 0xb7, 0xd6, 0x9f, 0xf7, 0x66, 0xd5, 0x0b, 0x7a, 0x82, 0x80, 0xdf, 0x5f, 0x79]),
    (2132, [0xc7, 0x60, 0xa2, 0x65, 0x7a, 0xca, 0x40, 0xb1, 0xad, 0x15, 0x14, 0x8b, 0x70, 0xf2, 0xd8, 0xf5]),
    (2133, [0xec, 0x5b, 0x15, 0xf2, 0x90, 0x8a, 0x15, 0x6c, 0x85, 0xd4, 0xc0, 0x94, 0x0a, 0xba, 0xdb, 0xcf]),
    (2134, [0x49, 0xee, 0x7a, 0xd6, 0x5d, 0xf3, 0xb6, 0x38, 0x1d, 0x0e, 0x1a, 0x83, 0xef, 0x5f, 0x34, 0x14]),
    (2135, [0x68, 0xb7, 0x82, 0x10, 0x7a, 0x5f, 0x6b, 0x6c, 0xb7, 0xf6, 0x89, 0x2e, 0x97, 0x27, 0xcc, 0x4d]),
    (2136, [0xdd, 0xfc, 0x1a, 0xc0, 0x7d, 0x04, 0xfb, 0x46, 0xa3, 0x90, 0x3c, 0xda, 0x02, 0xc3, 0x83, 0xcf]),
    (2137, [0x6c, 0xf0, 0xf6, 0x6e, 0xab, 0x32, 0xe5, 0x6c, 0xbf, 0x3d, 0x24, 0xa6, 0x48, 0xb3, 0xf9, 0xf6]),
    (2138, [0x3d, 0xc1, 0x9b, 0x98, 0x30, 0x04, 0x77, 0x00, 0x6d, 0x4e, 0x34, 0x36, 0x75, 0x6d, 0xf3, 0x22]),
    (2139, [0xf3, 0x31, 0x19, 0xf0, 0x3c, 0x21, 0x4f, 0x1e, 0xbe, 0xf9, 0xb1, 0x0d, 0xfa, 0x6d, 0x86, 0xf9]),
    (2140, [0xab, 0xc8, 0xa6, 0x65, 0xb8, 0xcb, 0x01, 0x1c, 0x72, 0xa5, 0xf0, 0xbc, 0xb1, 0x2c, 0x66, 0x3c]),
    (2141, [0xd9, 0x63, 0x4a, 0xa0, 0xd3, 0x6b, 0x1b, 0x83, 0x5d, 0x21, 0x9a, 0xb3, 0xc1, 0x0f, 0xca, 0xae]),
    (2144, [0x41, 0x47, 0x8e, 0xb7, 0xd6, 0x9f, 0xf7, 0x66, 0xd5, 0x0b, 0x7a, 0x82, 0x80, 0xdf, 0x5f, 0x79]),
    (2151, [0xf3, 0xd3, 0xa1, 0xc6, 0xe5, 0xa3, 0xa8, 0x6f, 0x27, 0x06, 0x40, 0xa6, 0x00, 0x22, 0x48, 0x1a]),
    (2211, [0xc8, 0x33, 0x3d, 0x67, 0x12, 0x99, 0x87, 0x35, 0xd5, 0xf6, 0x60, 0x5a, 0x88, 0xa8, 0xd4, 0x50]),
    (2401, [0x92, 0x99, 0xd9, 0xb9, 0xe4, 0x8f, 0x78, 0xc2, 0x30, 0x88, 0x79, 0x77, 0xc4, 0xad, 0x13, 0xa0]),
    (2402, [0x1c, 0x44, 0xd2, 0xb0, 0x2b, 0x5a, 0x63, 0x44, 0xcb, 0xff, 0x26, 0x70, 0x70, 0xb9, 0xca, 0xc7]),
    (2465, [0x9a, 0x9d, 0xc9, 0xd3, 0xd0, 0xe3, 0xf3, 0xfd, 0xb9, 0x5b, 0x4e, 0x1e, 0x2c, 0xbc, 0x28, 0x00]),
    (2501, [0x9d, 0x9c, 0xec, 0x2a, 0x0b, 0xba, 0x87, 0x1a, 0x77, 0x15, 0x55, 0xbc, 0xf5, 0x8d, 0x54, 0x3c]),
    (2502, [0x8c, 0xf6, 0xcd, 0x02, 0x60, 0x20, 0x45, 0x69, 0xcd, 0xf2, 0x12, 0x9c, 0x53, 0x80, 0x89, 0x7b]),
    (2503, [0x93, 0xb2, 0x74, 0x87, 0xfc, 0xb3, 0x8c, 0x92, 0x00, 0x7a, 0xc1, 0x11, 0x76, 0x46, 0x59, 0xd0]),
    (2504, [0x88, 0xed, 0x4e, 0xc1, 0x8b, 0x46, 0xd6, 0x1d, 0x28, 0x66, 0x43, 0xe5, 0xee, 0x6e, 0x6e, 0x31]),
    (2506, [0x4b, 0xda, 0xfd, 0x8b, 0x1f, 0xca, 0x39, 0x5b, 0xf2, 0x9f, 0xd7, 0x9c, 0xcc, 0xae, 0xad, 0xc0]),
    (2507, [0xed, 0xca, 0x83, 0xbf, 0xda, 0xfe, 0x2d, 0x2a, 0xd2, 0x96, 0x12, 0x1e, 0x5d, 0x3b, 0x6c, 0x0e]),
    (2781, [0x84, 0xa8, 0x57, 0x2a, 0xe1, 0x3b, 0xca, 0xda, 0x03, 0x88, 0xc7, 0xfb, 0x1d, 0xdf, 0xd3, 0x1b]),
    (2821, [0xc4, 0xb5, 0x98, 0x47, 0xa9, 0x37, 0xb8, 0x86, 0x44, 0x76, 0x3f, 0x46, 0x86, 0xe0, 0x89, 0xdb]),
    (2822, [0x60, 0x77, 0xb6, 0x3f, 0xd0, 0x4d, 0x65, 0x0a, 0x7f, 0x70, 0x00, 0xe3, 0x98, 0x6a, 0xe5, 0x16]),
    (2823, [0x7d, 0xb9, 0x93, 0x81, 0x29, 0xe6, 0x95, 0x02, 0xa6, 0x6a, 0xc8, 0xc9, 0x19, 0xcd, 0x1d, 0xe9]),
    (2824, [0xbc, 0xdf, 0xb7, 0xbc, 0x89, 0x3e, 0x56, 0xb1, 0xd1, 0xdd, 0xe3, 0xd7, 0x8b, 0xb2, 0xcb, 0xeb]),
    (2825, [0x81, 0xe9, 0xfc, 0xba, 0xf8, 0x4a, 0x94, 0x3f, 0x4f, 0x9c, 0x86, 0x00, 0xde, 0xa9, 0xb5, 0xbe]),
    (2828, [0xbe, 0xd7, 0x40, 0x4b, 0x8c, 0x72, 0xe9, 0x39, 0xa3, 0x57, 0x6d, 0x51, 0x41, 0x32, 0x58, 0xeb]),
    (3171, [0x33, 0xa8, 0x04, 0x30, 0xae, 0xf2, 0x38, 0xd9, 0x73, 0x1e, 0xfb, 0x62, 0x6f, 0xf2, 0x93, 0xe6]),
    (3172, [0xb8, 0xd9, 0xbc, 0xc9, 0x2e, 0xac, 0x96, 0xda, 0x6a, 0xbd, 0xa4, 0x73, 0xba, 0x87, 0x3f, 0xfe]),
    (3173, [0x51, 0x0f, 0xfa, 0x0f, 0x1a, 0x52, 0x9b, 0x17, 0xbf, 0x72, 0xca, 0x7f, 0x8f, 0x42, 0xce, 0xad]),
    (3174, [0x83, 0xfc, 0x74, 0xaa, 0x34, 0x5c, 0xb6, 0xef, 0xe1, 0xfe, 0x5d, 0x49, 0xac, 0x2a, 0x38, 0x4d]),
    (3175, [0xc2, 0xdd, 0x34, 0x90, 0xfd, 0xb7, 0xe8, 0x92, 0xa7, 0xcb, 0x07, 0xa2, 0xad, 0x4a, 0x2e, 0xbd]),
    (3176, [0x34, 0x69, 0x12, 0x69, 0x95, 0xd6, 0x8c, 0xc6, 0x63, 0x99, 0x72, 0xd9, 0xd5, 0x35, 0x7a, 0xd6]),
    (3177, [0x52, 0x7f, 0x66, 0xad, 0x83, 0x77, 0x89, 0xa4, 0xbb, 0xec, 0xee, 0xc1, 0x03, 0xa5, 0xb9, 0x30]),
    (3331, [0xd3, 0xb5, 0x17, 0xf6, 0xf2, 0x73, 0xba, 0x77, 0xc7, 0x96, 0x9c, 0xfd, 0x96, 0x9d, 0x4c, 0x5f]),
    (3489, [0x9a, 0xc9, 0xc5, 0x82, 0xee, 0x9a, 0x1b, 0x4e, 0x19, 0x8a, 0x4c, 0xc4, 0x72, 0xc4, 0x51, 0xd2]),
    (3543, [0x88, 0xf2, 0xad, 0x61, 0xb2, 0xed, 0x16, 0x04, 0x82, 0x29, 0x81, 0xd4, 0x30, 0x08, 0x8c, 0x9a]),
    (3701, [0x7f, 0x5c, 0xfc, 0x49, 0x42, 0xdd, 0x22, 0x07, 0x38, 0x79, 0xa9, 0x29, 0xe0, 0x5c, 0x74, 0xf5]),
    (3702, [0xc9, 0x0b, 0x65, 0x15, 0x37, 0x55, 0x8e, 0x96, 0x58, 0x28, 0x48, 0xb0, 0xcf, 0x74, 0x16, 0xfe]),
    (3703, [0x07, 0xa9, 0xa9, 0x2e, 0xb8, 0xa4, 0x09, 0xd7, 0x21, 0x85, 0xce, 0x51, 0x46, 0x63, 0x60, 0xb1]),
    (3704, [0xd0, 0x59, 0x0a, 0xdf, 0x2b, 0x5f, 0x5f, 0xd7, 0x25, 0x0a, 0x2a, 0xc3, 0x9b, 0x34, 0xbd, 0xb4]),
    (3705, [0x68, 0xbf, 0x25, 0xa4, 0xc8, 0x0c, 0xff, 0x08, 0x6c, 0xf8, 0x83, 0xbc, 0x40, 0x98, 0x2c, 0xb0]),
    (3706, [0x6d, 0x41, 0x58, 0xc2, 0xf3, 0xc5, 0x96, 0xae, 0xc1, 0x0a, 0xb4, 0x37, 0xfe, 0xeb, 0x17, 0x0b]),
    (3707, [0xe3, 0x80, 0x20, 0x83, 0x5b, 0x41, 0x40, 0x9e, 0x5c, 0xa7, 0xb5, 0x4f, 0x00, 0x50, 0x3b, 0xd2]),
    (3711, [0x09, 0xab, 0xb7, 0x04, 0x9f, 0x94, 0xaa, 0x3d, 0x13, 0xda, 0xf9, 0xad, 0x9d, 0x67, 0x36, 0x4a]),
    (3831, [0x4d, 0xc8, 0x19, 0xe6, 0x7e, 0xf8, 0x7a, 0xd6, 0x35, 0x25, 0xc6, 0x50, 0x2a, 0x9d, 0x6c, 0x14]),
    (3832, [0x1d, 0x4f, 0xa4, 0xc1, 0xd3, 0x3f, 0xcb, 0x29, 0xa6, 0x4a, 0xe8, 0x04, 0xa8, 0x06, 0x74, 0x2f]),
    (3833, [0xa8, 0xf1, 0x5e, 0x67, 0xf7, 0xdb, 0xda, 0xcb, 0x82, 0x2b, 0x71, 0xb1, 0xba, 0x14, 0x89, 0xc5]),
    (3834, [0x88, 0x00, 0xd6, 0x65, 0x21, 0x67, 0x00, 0x9e, 0xa5, 0x98, 0x82, 0xb6, 0x80, 0x8e, 0x5a, 0xfa]),
    (3835, [0x87, 0x4a, 0x5d, 0xb2, 0x08, 0xc6, 0xb2, 0xd3, 0x4f, 0x0e, 0xfa, 0x7f, 0xb1, 0x2e, 0x93, 0x16]),
    (3836, [0xf7, 0x6c, 0x09, 0xcb, 0xd3, 0xb8, 0x1b, 0x53, 0x75, 0xf2, 0xc0, 0x82, 0xc7, 0xbe, 0x13, 0x4c]),
    (3837, [0x05, 0xd8, 0x33, 0xb6, 0x63, 0xc4, 0xc8, 0xbe, 0x23, 0x7c, 0x92, 0xcc, 0x8c, 0x98, 0xe5, 0x90]),
    (3838, [0x10, 0xad, 0x55, 0x0b, 0xc3, 0x83, 0x1d, 0x5c, 0x06, 0x28, 0x7b, 0xc8, 0x0f, 0x8d, 0x99, 0xf0]),
    (3839, [0x74, 0x41, 0xfe, 0x39, 0x81, 0x00, 0x87, 0x3e, 0x0b, 0x09, 0x7a, 0x49, 0xb3, 0x8e, 0x99, 0x3d]),
    (4001, [0x52, 0x8e, 0x5c, 0xd0, 0x1d, 0x3f, 0xed, 0x31, 0x2a, 0xf2, 0x11, 0x8a, 0xd4, 0x4b, 0x0d, 0x24]),
    (4011, [0x52, 0x95, 0x4c, 0xb8, 0x25, 0x77, 0x67, 0x14, 0xde, 0x25, 0x4b, 0x1a, 0x0a, 0x6a, 0xf0, 0x0d]),
    (4201, [0xd0, 0xf0, 0xdb, 0x93, 0x16, 0xe5, 0xd7, 0x34, 0x1d, 0x5d, 0xdf, 0xb4, 0xe7, 0xe5, 0x88, 0x0f]),
    (4202, [0x0d, 0x12, 0x5a, 0xd8, 0xe0, 0x77, 0x97, 0x02, 0xa3, 0x91, 0xd8, 0xb9, 0x49, 0x06, 0xd9, 0x3e]),
    (4203, [0x8c, 0x7c, 0x56, 0x42, 0x51, 0x68, 0x42, 0x7a, 0xcc, 0x33, 0xdf, 0x8a, 0xf0, 0xc1, 0x62, 0x21]),
    (4211, [0x87, 0x72, 0x8c, 0x0a, 0x99, 0xbf, 0xd4, 0x2e, 0x81, 0xaa, 0xc1, 0xe3, 0x17, 0xcb, 0xf6, 0x3d]),
    (4231, [0x96, 0x56, 0xaa, 0x3c, 0xc1, 0xdd, 0x94, 0xce, 0x3d, 0x68, 0xd4, 0x0a, 0x2e, 0x20, 0x81, 0x84]),
    (4232, [0x14, 0x94, 0x93, 0xe2, 0xc8, 0x0d, 0x66, 0x7d, 0x41, 0x73, 0x86, 0xe0, 0x7b, 0xd3, 0x5c, 0x1f]),
    (4233, [0x52, 0x56, 0x5d, 0x86, 0xf2, 0xbf, 0x2c, 0x19, 0x6f, 0x29, 0x7e, 0x18, 0x08, 0x87, 0xdf, 0xad]),
    (4234, [0xa5, 0xac, 0x5a, 0x76, 0x7b, 0xc4, 0x32, 0x04, 0x14, 0x2f, 0xee, 0xae, 0x1b, 0x55, 0x7f, 0xc6]),
    (4291, [0x22, 0xdb, 0x83, 0x5b, 0x58, 0xd3, 0xf5, 0x49, 0x44, 0x73, 0x6d, 0x2f, 0x5c, 0x12, 0x38, 0xa8]),
    (4321, [0x2f, 0xbd, 0x86, 0xee, 0xb9, 0x0f, 0x44, 0x15, 0xb4, 0xdc, 0x07, 0x9c, 0x69, 0xf8, 0x33, 0x3a]),
    (4421, [0xc4, 0x8e, 0xbf, 0xf3, 0x0a, 0x98, 0xd2, 0x21, 0xa3, 0xb2, 0x47, 0x73, 0xca, 0x50, 0x79, 0x3e]),
    (4422, [0xc3, 0x26, 0x06, 0x40, 0x31, 0x1e, 0xb4, 0x25, 0xba, 0x1e, 0xf0, 0xed, 0xf4, 0x7c, 0xb3, 0x49]),
    (4423, [0x7e, 0x14, 0xff, 0x94, 0x39, 0x2c, 0x7b, 0xc2, 0xc2, 0xa7, 0x26, 0x50, 0x6d, 0x99, 0xf6, 0x64]),
    (4424, [0x4f, 0x27, 0xb9, 0xac, 0x21, 0x5b, 0xa9, 0x45, 0x60, 0x91, 0xcd, 0xeb, 0x9f, 0x68, 0x89, 0x92]),
    (4425, [0x1e, 0x03, 0x19, 0xaa, 0xe3, 0xd7, 0xfe, 0x11, 0x0a, 0x74, 0x89, 0xa0, 0x24, 0xcb, 0x88, 0x5e]),
    (4426, [0x66, 0x4b, 0xf4, 0xb4, 0xea, 0x05, 0x23, 0x95, 0xd9, 0x38, 0x89, 0x06, 0xe7, 0xa9, 0x4d, 0x34]),
    (4427, [0x5a, 0xee, 0x66, 0x52, 0xff, 0x2d, 0x22, 0xb7, 0x9d, 0xa1, 0xa3, 0xa2, 0xae, 0xc4, 0x75, 0x70]),
    (4428, [0xdd, 0xee, 0xce, 0xb7, 0x08, 0xec, 0x56, 0x00, 0xf3, 0xc4, 0xaf, 0xc3, 0xfb, 0x1e, 0x26, 0x02]),
    (4429, [0xa7, 0xdf, 0xd6, 0xef, 0xdc, 0x83, 0x68, 0x24, 0x97, 0xb1, 0xe4, 0x58, 0x70, 0x41, 0x25, 0xb9]),
    (4430, [0x30, 0xa6, 0xcd, 0x62, 0x71, 0x0f, 0x98, 0x42, 0x23, 0xa6, 0x4e, 0xbf, 0xe1, 0xa1, 0x73, 0x4b]),
    (4431, [0x66, 0x78, 0x9a, 0xbf, 0xcb, 0x50, 0xc3, 0x81, 0x09, 0x78, 0x4c, 0x97, 0x89, 0x4a, 0xbc, 0xf8]),
    (4432, [0xda, 0xa1, 0x4a, 0x92, 0xaf, 0xc2, 0xfa, 0x81, 0x4f, 0xc7, 0x3f, 0xae, 0x36, 0x99, 0x15, 0x1b]),
    (4541, [0x01, 0xcc, 0x47, 0xd3, 0xbe, 0x2f, 0x78, 0x76, 0xc5, 0x49, 0xad, 0x85, 0x0b, 0xfc, 0x33, 0x38]),
    (4542, [0xfc, 0x37, 0x16, 0xdb, 0x24, 0x03, 0x57, 0xd2, 0x8f, 0x65, 0x80, 0xd7, 0xa1, 0xb7, 0x98, 0x65]),
    (4543, [0x64, 0xd8, 0xab, 0xa5, 0xdf, 0xf2, 0xb1, 0xb4, 0xe2, 0xfb, 0x33, 0xb2, 0xd9, 0x03, 0xad, 0xb1]),
    (4544, [0x40, 0xd1, 0x6a, 0x3d, 0xcc, 0x9e, 0xd0, 0x08, 0x58, 0xe5, 0x15, 0x30, 0x84, 0xd7, 0xcb, 0xcb]),
    (4545, [0x13, 0x27, 0x72, 0x30, 0x4c, 0x27, 0x5e, 0x55, 0x34, 0x56, 0xce, 0x9e, 0xd4, 0x39, 0xcc, 0xb5]),
    (4546, [0xe5, 0xe0, 0x01, 0xf4, 0x5d, 0x63, 0x08, 0x74, 0xdc, 0x97, 0x03, 0x98, 0x75, 0x25, 0x3d, 0x06]),
    (4547, [0x14, 0x09, 0x7b, 0xea, 0xd2, 0xc7, 0xd7, 0x06, 0x62, 0x54, 0xb7, 0xff, 0xba, 0xb7, 0x66, 0x5f]),
    (4548, [0x5c, 0x98, 0x24, 0xaa, 0xea, 0xbb, 0xd4, 0xb2, 0x5e, 0xfa, 0xbb, 0xf1, 0x8a, 0xd1, 0xb5, 0x85]),
    (4551, [0x35, 0xfc, 0xde, 0xe3, 0xb4, 0x2e, 0x46, 0x71, 0xe2, 0x14, 0x45, 0x81, 0xec, 0xa5, 0xb9, 0xeb]),
    (4552, [0xf6, 0xfc, 0x0e, 0x46, 0xc7, 0x08, 0x0f, 0xc2, 0x74, 0x98, 0xf1, 0x48, 0x1b, 0x6c, 0x06, 0x62]),
    (4553, [0x2e, 0xb7, 0xe0, 0x6e, 0x97, 0xe3, 0xbc, 0x25, 0xa0, 0x91, 0x86, 0x4d, 0x8b, 0x81, 0xb7, 0x42]),
    (4554, [0x9d, 0x51, 0x74, 0x49, 0x66, 0xb3, 0x6f, 0xf5, 0xf9, 0x82, 0xbe, 0x40, 0x92, 0xdd, 0x59, 0xd3]),
    (4555, [0x32, 0x67, 0x87, 0x70, 0x29, 0x8a, 0x6f, 0xb6, 0x0e, 0x68, 0x13, 0x07, 0x74, 0xbe, 0x58, 0x64]),
    (4556, [0xc1, 0xbe, 0x9d, 0x94, 0x1a, 0x71, 0x4f, 0x72, 0x82, 0x5b, 0xce, 0xdf, 0xa9, 0x95, 0xb9, 0xac]),
    (4701, [0x8c, 0x6d, 0xa8, 0x31, 0x2d, 0xa2, 0x03, 0x07, 0x71, 0x40, 0xd0, 0xef, 0xa8, 0xfb, 0xf8, 0x29]),
    (4702, [0x02, 0x2d, 0xa2, 0xec, 0xf1, 0xab, 0x01, 0xe8, 0x30, 0x28, 0x60, 0x7c, 0x82, 0x97, 0x26, 0x19]),
    (4703, [0x97, 0xda, 0xfa, 0x0c, 0xe3, 0xb2, 0x0b, 0x91, 0x14, 0x38, 0xcd, 0x77, 0x44, 0x4b, 0xec, 0xe8]),
    (4704, [0x39, 0x35, 0xef, 0x87, 0x3a, 0x71, 0x81, 0xb7, 0x86, 0xba, 0x5e, 0xf1, 0x2d, 0x5e, 0xf6, 0x2a]),
    (4705, [0x90, 0x10, 0x4a, 0xc6, 0x1b, 0x42, 0xb1, 0xe1, 0x08, 0x9b, 0x6d, 0xb0, 0x54, 0xfd, 0x86, 0xc4]),
    (4706, [0x3c, 0x47, 0xda, 0xf2, 0xac, 0xf2, 0xc6, 0xb8, 0x59, 0xf9, 0x9e, 0x11, 0x3d, 0xb0, 0x51, 0xd4]),
    (4707, [0xd1, 0x2c, 0xb9, 0xfb, 0xd1, 0x0a, 0x77, 0x02, 0xd3, 0xe1, 0x65, 0x88, 0x90, 0x9a, 0x4d, 0x3f]),
    (4708, [0x85, 0x11, 0xbf, 0xce, 0xac, 0x3d, 0x86, 0xc3, 0xff, 0x1b, 0x6c, 0x48, 0xba, 0x87, 0x99, 0x3d]),
    (4801, [0xce, 0x34, 0x54, 0x36, 0xce, 0xbf, 0xa9, 0xa1, 0x64, 0x20, 0xa1, 0x36, 0xbf, 0xb9, 0xce, 0x14]),
    (4802, [0xbe, 0x7d, 0xa0, 0x40, 0x84, 0x19, 0x8f, 0xbd, 0x79, 0x2c, 0xfb, 0x14, 0x97, 0xfc, 0x89, 0xb5]),
    (4803, [0xc6, 0xe5, 0xc0, 0x5d, 0x71, 0xcf, 0xe2, 0xe6, 0xbe, 0x4c, 0x79, 0x4f, 0x57, 0x80, 0x95, 0x5f]),
    (4804, [0x2d, 0xd9, 0xad, 0x6b, 0x9e, 0x43, 0x00, 0xf1, 0x09, 0x60, 0x2c, 0x76, 0xa6, 0xa6, 0x79, 0x47]),
    (4805, [0x03, 0xfe, 0xe2, 0xac, 0x00, 0x65, 0x6f, 0x40, 0x47, 0x4d, 0x71, 0xca, 0xa2, 0xd8, 0xde, 0x49]),
    (4815, [0x1c, 0x02, 0xda, 0xf4, 0x8b, 0x8c, 0x05, 0xc6, 0x08, 0x6a, 0x54, 0x7e, 0x9f, 0xdd, 0xa4, 0x1f]),
    (4921, [0xbd, 0x7a, 0x43, 0xd8, 0x02, 0x70, 0xc8, 0x9a, 0x8a, 0x87, 0xa5, 0x8b, 0x75, 0x8c, 0xf6, 0x49]),
    (4922, [0xe4, 0xba, 0xc1, 0xaa, 0xbe, 0xff, 0x5a, 0x34, 0xa2, 0x07, 0xef, 0xde, 0x6a, 0x29, 0x9e, 0xd5]),
    (6036, [0x7e, 0x07, 0x54, 0xce, 0x8f, 0xf5, 0xb5, 0xb2, 0x92, 0x19, 0xed, 0x61, 0xb3, 0xf6, 0xe9, 0x8e]),
    (6037, [0x96, 0x3f, 0x3a, 0x8f, 0xe9, 0xc1, 0xad, 0x59, 0xfe, 0x31, 0xf0, 0xc2, 0xd6, 0x1a, 0x1c, 0xa5]),
    (6252, [0xc3, 0x7b, 0x46, 0x6e, 0x96, 0x8a, 0x1e, 0x67, 0xb4, 0x3c, 0xdc, 0x80, 0x5b, 0x91, 0x18, 0x85]),
    (6371, [0x22, 0xd0, 0x94, 0x11, 0xe6, 0x65, 0xfb, 0x1b, 0x2d, 0xd5, 0x16, 0xc7, 0x07, 0x89, 0x4e, 0x37]),
    (6501, [0x69, 0xd7, 0x88, 0x51, 0x68, 0xff, 0x47, 0x7f, 0x91, 0xb3, 0x9b, 0x8a, 0xf1, 0x3c, 0xa4, 0x18]),
    (6502, [0x85, 0xe9, 0xd3, 0x5d, 0xe6, 0x95, 0x9e, 0x58, 0x8b, 0xcd, 0xe2, 0xec, 0x56, 0x44, 0x94, 0x7b]),
    (6503, [0x09, 0xa2, 0x56, 0x9d, 0x59, 0x86, 0x42, 0x84, 0xf7, 0x3c, 0x97, 0x81, 0x7c, 0x14, 0xa1, 0xaa]),
    (6504, [0x82, 0x5b, 0xc6, 0x34, 0x10, 0xba, 0x6b, 0x38, 0xfe, 0x3a, 0x8f, 0xf0, 0x2c, 0x94, 0xe2, 0x35]),
    (6505, [0x4d, 0x79, 0x8b, 0xca, 0xe7, 0xfa, 0x83, 0x74, 0x3b, 0x8a, 0xdd, 0x98, 0x39, 0xa8, 0x0f, 0xd1]),
    (6506, [0x41, 0x28, 0x5f, 0xbb, 0x88, 0x96, 0x4a, 0x55, 0x10, 0xb2, 0x35, 0x6f, 0xe9, 0x5d, 0x95, 0x02]),
    (6507, [0x6e, 0x9c, 0x62, 0x47, 0x03, 0xf0, 0x84, 0xc3, 0x45, 0x9e, 0x1c, 0xd9, 0x16, 0xc6, 0xa2, 0x85]),
    (6511, [0x4b, 0x4e, 0x90, 0xae, 0x09, 0xb7, 0xc5, 0xef, 0x0a, 0xfe, 0x7a, 0x89, 0xff, 0x33, 0x31, 0xa4]),
    (6512, [0x5d, 0xc1, 0xb6, 0xac, 0x89, 0x8b, 0xb9, 0xe2, 0x10, 0xe2, 0xdf, 0x63, 0xba, 0xe5, 0x8e, 0x59]),
    (6513, [0x7a, 0x05, 0x2a, 0x8e, 0x48, 0x8f, 0xf2, 0xab, 0xc4, 0x1d, 0xc9, 0xf4, 0xf1, 0xb9, 0x9b, 0xb0]),
    (6514, [0x4e, 0x41, 0xbd, 0x48, 0xbc, 0x2d, 0xca, 0x02, 0x3d, 0x59, 0xb2, 0x02, 0x52, 0x9c, 0xbe, 0xd5]),
    (6515, [0x59, 0xca, 0xe8, 0x35, 0x97, 0xa7, 0x7e, 0x29, 0x8a, 0xd9, 0x1b, 0x2f, 0x5d, 0x2c, 0xbc, 0xb8]),
    (6516, [0xe8, 0xf9, 0xcd, 0x5e, 0x43, 0x0a, 0x82, 0x5f, 0x65, 0x8f, 0x07, 0x69, 0xcb, 0x30, 0x4a, 0x51]),
    (6517, [0x54, 0x73, 0x49, 0xe0, 0x0a, 0x35, 0x5a, 0x40, 0x8d, 0xb1, 0x22, 0xb8, 0x8d, 0x5e, 0x95, 0x61]),
    (6521, [0x79, 0x97, 0x92, 0x30, 0x2f, 0xac, 0x8f, 0xa1, 0x7c, 0x15, 0x4f, 0x35, 0x76, 0x2b, 0xe2, 0xdc]),
    (6522, [0x2a, 0x55, 0x08, 0x58, 0x12, 0x60, 0xe7, 0xd9, 0xda, 0x01, 0x27, 0x2b, 0xda, 0x62, 0xf2, 0x07]),
    (6523, [0x33, 0x33, 0x0c, 0xdc, 0x77, 0x53, 0x96, 0x18, 0x2c, 0x11, 0xb2, 0x9a, 0x8e, 0x3f, 0x07, 0x2b]),
    (6524, [0xf5, 0xf7, 0x07, 0x5f, 0x58, 0x23, 0xf1, 0x48, 0xce, 0xc9, 0x92, 0x12, 0x1a, 0xde, 0x1b, 0x29]),
    (6525, [0x47, 0x17, 0x35, 0x67, 0x0c, 0xec, 0xa4, 0xd3, 0xda, 0x54, 0x95, 0xee, 0x7d, 0xc0, 0xcd, 0xb0]),
    (6526, [0xb7, 0xbb, 0x1b, 0xbc, 0xdc, 0x58, 0x24, 0xfe, 0x6e, 0x28, 0xc5, 0xde, 0x7b, 0xfb, 0xa5, 0x56]),
    (6527, [0xff, 0x87, 0xee, 0x65, 0xfc, 0x45, 0x68, 0xfb, 0xcf, 0x41, 0x9f, 0x0e, 0x1b, 0x67, 0x66, 0x41]),
    (6601, [0x85, 0x21, 0xdf, 0xcd, 0x0d, 0x41, 0xfa, 0xf2, 0x1c, 0x59, 0x79, 0x62, 0xec, 0xf7, 0x69, 0xd7]),
    (6602, [0xa6, 0x0c, 0xe3, 0x36, 0xa7, 0xa3, 0x6c, 0x43, 0xe4, 0x1f, 0x8a, 0x20, 0x23, 0x62, 0x12, 0x5e]),
    (6851, [0x68, 0x98, 0xc0, 0x1b, 0xe6, 0x55, 0xa4, 0x01, 0xb1, 0xaf, 0x48, 0x86, 0xa2, 0x7e, 0x12, 0x8f]),
    (6861, [0x37, 0x1a, 0x52, 0x2b, 0x56, 0x9f, 0x7c, 0x9e, 0xb8, 0xb4, 0x5d, 0xa8, 0xcb, 0x40, 0xb2, 0xe2]),
    (6862, [0x18, 0x1e, 0x9b, 0xf0, 0x92, 0x65, 0xd7, 0xd3, 0xd6, 0x89, 0x52, 0x77, 0x19, 0x48, 0x0a, 0xbc]),
    (6863, [0xa2, 0xd3, 0x63, 0x23, 0x15, 0xbe, 0x43, 0x05, 0x22, 0xd7, 0x92, 0xb3, 0x6d, 0xfa, 0x7c, 0x27]),
    (6871, [0xea, 0xda, 0xdb, 0xd0, 0xdd, 0x7a, 0xa9, 0xdf, 0x91, 0x28, 0x25, 0xdf, 0x5e, 0x67, 0x3d, 0x19]),
    (6872, [0x01, 0x1a, 0x92, 0x66, 0x17, 0xa4, 0x84, 0x8f, 0x9d, 0xdf, 0xd6, 0x1f, 0x75, 0xa0, 0xda, 0xe0]),
    (6873, [0x94, 0x03, 0x00, 0xe4, 0x0a, 0xc2, 0x55, 0x9b, 0xda, 0xd8, 0x77, 0xae, 0x75, 0xde, 0x7f, 0x90]),
    (6874, [0x73, 0x13, 0x76, 0xca, 0x10, 0x3e, 0x29, 0x9b, 0x10, 0x7e, 0x1f, 0x71, 0x84, 0x27, 0x38, 0x2a]),
    (6881, [0x60, 0x35, 0x56, 0xe4, 0x4e, 0xeb, 0xa4, 0x71, 0xee, 0xde, 0xbc, 0x98, 0xcc, 0xaa, 0x78, 0xb4]),
    (6882, [0x0d, 0x12, 0x0d, 0x87, 0x24, 0x7e, 0xa4, 0xea, 0x06, 0x60, 0xf1, 0x30, 0x23, 0x7a, 0xda, 0xa3]),
    (6883, [0x2e, 0x97, 0x02, 0xfe, 0x45, 0xd7, 0xee, 0x85, 0xc0, 0x7f, 0x4b, 0x02, 0x7d, 0xc9, 0xa2, 0xbf]),
    (6884, [0x90, 0x05, 0x79, 0x6a, 0x7d, 0xa1, 0x53, 0x8e, 0x48, 0x8e, 0x82, 0xf7, 0xfa, 0xe0, 0x9d, 0xfe]),
    (6885, [0xa5, 0x56, 0x72, 0x69, 0xe1, 0xe9, 0x78, 0x06, 0x6b, 0x41, 0x37, 0x64, 0x68, 0xad, 0x8f, 0x89]),
    (6886, [0x9e, 0x06, 0x45, 0x7c, 0x88, 0x7a, 0x1a, 0xb2, 0xdb, 0x96, 0xdf, 0x2b, 0x3c, 0x6a, 0xc6, 0xb4]),
    (6887, [0x62, 0x9f, 0x71, 0x74, 0x43, 0xf1, 0xc5, 0xc7, 0xe2, 0x98, 0xff, 0x95, 0x12, 0xf3, 0xd9, 0x5f]),
    (6888, [0xab, 0x97, 0x26, 0x30, 0xe9, 0x7c, 0xee, 0xbf, 0xec, 0x31, 0xf8, 0x2f, 0xf7, 0x5c, 0x4f, 0x1c]),
    (6889, [0xd5, 0x57, 0x77, 0x04, 0x6c, 0x41, 0x99, 0x1e, 0x44, 0x0f, 0x13, 0x29, 0x1d, 0xb3, 0xbb, 0x7c]),
    (6890, [0xa3, 0xa9, 0x42, 0xc8, 0x94, 0xc0, 0xb7, 0xa4, 0x8b, 0x77, 0x4f, 0x46, 0xb0, 0x57, 0xc4, 0x60]),
    (6891, [0xf2, 0x8c, 0xa8, 0xdd, 0x7c, 0xae, 0x15, 0x21, 0x88, 0x59, 0x15, 0x57, 0x13, 0xd7, 0xa2, 0x0e]),
    (6901, [0x95, 0x7e, 0x0e, 0x21, 0x0a, 0x3a, 0xb1, 0x24, 0x0b, 0xe3, 0x26, 0x05, 0x10, 0x77, 0xee, 0xe6]),
    (6911, [0xe1, 0x90, 0x83, 0x3b, 0xc1, 0x12, 0x90, 0xfb, 0x82, 0xc1, 0xd5, 0x64, 0x61, 0xc8, 0x95, 0x95]),
    (6921, [0x54, 0xd5, 0x07, 0xd2, 0xbb, 0x52, 0x2a, 0xff, 0x82, 0x6d, 0xbf, 0xe0, 0xbd, 0x16, 0x8d, 0xbf]),
    (6981, [0x44, 0xba, 0xfc, 0xa5, 0x2d, 0x15, 0xf6, 0x0b, 0xe7, 0x33, 0x9e, 0x59, 0xf3, 0x28, 0x86, 0x2b]),
    (6982, [0xae, 0x5f, 0xd0, 0x0e, 0x8f, 0xed, 0xff, 0xf9, 0x8d, 0x04, 0xfe, 0x19, 0x75, 0xce, 0x78, 0x44]),
    (7001, [0x42, 0x8f, 0x04, 0x48, 0xdf, 0x0a, 0x78, 0x8a, 0xc0, 0xb4, 0x33, 0x3e, 0x25, 0xf1, 0xbe, 0x76]),
    (7002, [0xa0, 0x8d, 0x6e, 0x86, 0x2f, 0x0a, 0x8c, 0x9a, 0x3e, 0x4e, 0xe7, 0x87, 0x4a, 0xb3, 0x86, 0x25]),
    (7003, [0x9e, 0xd6, 0x7c, 0xde, 0x56, 0x4b, 0x31, 0x2c, 0xe1, 0x74, 0x64, 0x06, 0x61, 0x68, 0xa5, 0xdd]),
    (7004, [0x69, 0xfd, 0x83, 0xd7, 0x78, 0x2d, 0xd5, 0xef, 0xcc, 0x28, 0xf0, 0xe2, 0x15, 0x4f, 0xd6, 0x3d]),
    (7005, [0x32, 0xe9, 0xb3, 0xcc, 0xd8, 0x7a, 0xa0, 0x97, 0x0b, 0x34, 0xa8, 0x76, 0x16, 0x41, 0xf7, 0x27]),
    (7011, [0xb0, 0x19, 0xf9, 0x63, 0xdf, 0xb3, 0x00, 0x85, 0x38, 0x05, 0xc7, 0xcf, 0xd1, 0x5d, 0xd0, 0xbc]),
    (7012, [0xa6, 0xdd, 0x8b, 0x4a, 0x5f, 0xed, 0x42, 0x70, 0x22, 0x54, 0x8f, 0x18, 0xd7, 0x37, 0x35, 0xac]),
    (7013, [0x92, 0x51, 0xc0, 0xce, 0xaf, 0xd6, 0xb6, 0x20, 0x23, 0xb5, 0x08, 0x0c, 0xfb, 0x25, 0x98, 0x61]),
    (7021, [0x61, 0x0d, 0xd8, 0xb7, 0x81, 0x62, 0xd2, 0x8c, 0x84, 0x4c, 0x28, 0x72, 0x4d, 0x45, 0x27, 0xc7]),
    (7022, [0xcb, 0xcc, 0x07, 0x33, 0xb9, 0xd4, 0x9f, 0x82, 0xf9, 0xdb, 0x89, 0xde, 0xab, 0x86, 0xac, 0xd9]),
    (7023, [0x82, 0xfe, 0x94, 0x63, 0x36, 0xec, 0x14, 0xf3, 0x7a, 0x89, 0x57, 0x97, 0x3c, 0x5a, 0x96, 0x01]),
    (7024, [0x90, 0x55, 0x37, 0xc7, 0x1c, 0x4a, 0x7a, 0xf5, 0x3f, 0xce, 0xdd, 0x98, 0x7b, 0x31, 0x32, 0x09]),
    (7025, [0x22, 0xa9, 0xb4, 0x8e, 0xf8, 0x99, 0x5a, 0x64, 0xda, 0x94, 0xe2, 0x6c, 0x1b, 0xce, 0xfc, 0x8b]),
    (7026, [0xac, 0x52, 0x41, 0x7a, 0x98, 0xfd, 0x3a, 0xe7, 0x9b, 0x1a, 0x3d, 0x7b, 0x9a, 0xd5, 0x26, 0x3a]),
    (7061, [0x08, 0x45, 0xff, 0x91, 0xb5, 0xf8, 0xf6, 0x46, 0x8e, 0x69, 0x13, 0x63, 0xfe, 0x7b, 0x45, 0xa4]),
    (7062, [0xe8, 0xa6, 0xc4, 0xe1, 0x0c, 0x5a, 0x40, 0xdf, 0xf2, 0x29, 0x93, 0x1a, 0x2b, 0xe1, 0x0d, 0x18]),
    (7063, [0x81, 0x64, 0x03, 0xd1, 0xa8, 0x1a, 0xdd, 0xcf, 0x1d, 0x01, 0xfd, 0x18, 0xa6, 0x46, 0xfe, 0x3e]),
    (7111, [0x7d, 0xda, 0xbe, 0xa9, 0x65, 0x80, 0xa7, 0xf1, 0xe6, 0x45, 0x77, 0x9b, 0x84, 0xcb, 0x0b, 0xbb]),
    (7112, [0x40, 0xac, 0x7b, 0xc1, 0x46, 0xf8, 0x94, 0x8f, 0x37, 0x18, 0xc5, 0xf0, 0x73, 0x6f, 0xdd, 0x32]),
    (7113, [0x36, 0x40, 0x20, 0xa4, 0xb2, 0x2f, 0x01, 0x8c, 0x79, 0xfb, 0xb1, 0xd7, 0x00, 0x34, 0x29, 0x84]),
    (7114, [0x1f, 0x02, 0xd4, 0x96, 0xab, 0xb2, 0xa9, 0xa1, 0xcb, 0x03, 0x72, 0x24, 0xee, 0x74, 0x46, 0x61]),
    (7115, [0x4c, 0xa0, 0x11, 0x83, 0x7f, 0x60, 0xa0, 0xfe, 0x9f, 0x48, 0xf7, 0x19, 0x95, 0x27, 0xbd, 0xc7]),
    (7116, [0x19, 0x5c, 0x3a, 0xb1, 0x84, 0x33, 0x94, 0x2d, 0x1c, 0x86, 0x7e, 0xaf, 0x6b, 0xa5, 0x46, 0xcf]),
    (7117, [0x6e, 0x44, 0xca, 0xf7, 0xbb, 0x06, 0xe7, 0xb6, 0x58, 0xf5, 0x20, 0x1a, 0xc6, 0xcb, 0xf1, 0xb9]),
    (7118, [0xa2, 0xf7, 0x70, 0xb2, 0x7d, 0xe3, 0xea, 0xf3, 0xa0, 0x08, 0x0b, 0x89, 0xcc, 0x1c, 0x15, 0xca]),
    (7119, [0x8f, 0x97, 0xf2, 0xe4, 0x65, 0x04, 0xe5, 0x66, 0xe5, 0xb2, 0x59, 0xc8, 0xd4, 0x1c, 0x88, 0x22]),
    (7202, [0x2a, 0x16, 0xd1, 0xe0, 0x7a, 0x5a, 0x11, 0x77, 0x2d, 0x61, 0x3c, 0x99, 0xca, 0x4b, 0xb9, 0xcc]),
    (7671, [0x17, 0xf9, 0x44, 0x2c, 0xb8, 0x43, 0x32, 0x1e, 0x19, 0x4d, 0xd1, 0x83, 0xe9, 0xf4, 0xca, 0x45]),
    (7672, [0xab, 0x3a, 0xbf, 0x4d, 0xf6, 0xd7, 0xe5, 0xbf, 0x22, 0x52, 0xa1, 0xb5, 0x2d, 0xcd, 0xb2, 0xa2]),
    (7673, [0x94, 0xa9, 0x64, 0x5d, 0xc7, 0x81, 0x60, 0xf6, 0x75, 0xd2, 0xef, 0xa4, 0xfb, 0xfe, 0xc0, 0x52]),
    (7674, [0x10, 0x5a, 0x3c, 0x98, 0x06, 0x83, 0x50, 0xa5, 0x37, 0xde, 0xf4, 0xaa, 0x09, 0x22, 0x0a, 0x9b]),
    (7675, [0xe6, 0x15, 0x69, 0x7c, 0x94, 0xc5, 0x07, 0x9f, 0x1c, 0xbc, 0xa6, 0xff, 0xd5, 0xe4, 0x32, 0x35]),
    (7676, [0x93, 0xd1, 0xdc, 0x7e, 0xa7, 0x43, 0xee, 0x8c, 0x2e, 0x7e, 0x82, 0xe9, 0x93, 0xc4, 0x92, 0x54]),
    (7677, [0x31, 0xec, 0x36, 0x91, 0xb3, 0x26, 0x0d, 0x03, 0xea, 0x97, 0x90, 0xf1, 0xed, 0x3d, 0xef, 0xae]),
    (7678, [0x70, 0x62, 0xa3, 0xa6, 0x52, 0x29, 0xb8, 0x63, 0xce, 0xff, 0x63, 0xdb, 0xf8, 0x59, 0xbd, 0x9b]),
    (7679, [0x0a, 0xce, 0x45, 0xfd, 0x50, 0x71, 0xe6, 0x01, 0x09, 0x32, 0x0d, 0xc5, 0x5e, 0x60, 0x41, 0xd6]),
    (7701, [0xfb, 0x24, 0xf6, 0x6a, 0xfa, 0x3f, 0x10, 0x32, 0xd1, 0xf6, 0x1a, 0x50, 0x28, 0xb3, 0x3f, 0x10]),
    (7702, [0x07, 0x1c, 0x54, 0xc7, 0x4f, 0xee, 0x0b, 0x79, 0x9c, 0x27, 0xed, 0x2e, 0x3a, 0xd5, 0xaf, 0xb0]),
    (7703, [0x95, 0x86, 0x1e, 0x7f, 0x67, 0x61, 0x72, 0x0f, 0xc7, 0xa7, 0xc9, 0x2a, 0xcd, 0xa6, 0xdc, 0x07]),
    (7721, [0x5e, 0x41, 0x96, 0xd6, 0x51, 0x14, 0x56, 0x81, 0x18, 0x0e, 0xb4, 0x12, 0xe3, 0x7d, 0x1d, 0x72]),
    (7722, [0x3b, 0xa2, 0x7f, 0x33, 0x58, 0x65, 0x7e, 0xe9, 0xeb, 0xd5, 0x7e, 0xdf, 0xc1, 0x6b, 0x4f, 0x13]),
    (7741, [0x1b, 0x6e, 0xd9, 0x02, 0x60, 0x4b, 0x7f, 0xf7, 0x9d, 0xaa, 0x0a, 0x9d, 0x49, 0x4a, 0x0c, 0x9f]),
    (7751, [0x2b, 0x99, 0x35, 0xee, 0x45, 0x82, 0x33, 0x4a, 0x73, 0x6f, 0x78, 0x44, 0x50, 0xe3, 0x26, 0xab]),
    (7865, [0xe7, 0x31, 0x19, 0x98, 0xb9, 0x38, 0x8f, 0x43, 0xb5, 0x63, 0x93, 0x53, 0xb2, 0xf8, 0x2a, 0x0b]),
    (7866, [0xe0, 0xa9, 0xc8, 0xd6, 0x47, 0xbd, 0xf2, 0x88, 0x59, 0x73, 0x47, 0xb5, 0x84, 0x8b, 0xfb, 0x34]),
    (7962, [0x3a, 0x85, 0x5c, 0xe0, 0x46, 0x73, 0xdc, 0xaa, 0x73, 0x06, 0xfe, 0x28, 0x3a, 0x49, 0xfe, 0xa9]),
    (7963, [0x9b, 0xb1, 0xa3, 0xf6, 0x46, 0xfc, 0xbb, 0xa3, 0x57, 0x28, 0x1d, 0xbb, 0x51, 0xd0, 0xc7, 0xac]),
    (7964, [0xf2, 0x0f, 0x2b, 0x1e, 0x24, 0xa9, 0x53, 0x42, 0xa2, 0xda, 0xa9, 0xbe, 0x87, 0x48, 0x93, 0x04]),
    (7965, [0xff, 0x1a, 0x15, 0x0f, 0x3c, 0x1e, 0x3d, 0x73, 0x77, 0x37, 0x8d, 0xee, 0x7b, 0xa1, 0x26, 0xcd]),
    (7966, [0x35, 0x82, 0x89, 0xf6, 0xa4, 0x83, 0x91, 0xc1, 0xfb, 0xc2, 0xb5, 0x53, 0x8f, 0xcf, 0xe5, 0xb9]),
    (8001, [0x2a, 0x16, 0xc2, 0x02, 0x40, 0x38, 0xfd, 0x56, 0xbd, 0x07, 0x98, 0x0d, 0xc5, 0x6a, 0x2b, 0x00]),
    (8002, [0x3a, 0x09, 0x0c, 0x77, 0x99, 0x33, 0xb7, 0xba, 0x4a, 0x6a, 0x7d, 0xba, 0x85, 0xd0, 0x47, 0x82]),
    (8003, [0x92, 0xab, 0x1d, 0x20, 0x8e, 0xd8, 0xd6, 0xc1, 0xd7, 0x17, 0xf6, 0x6a, 0xba, 0x99, 0xb3, 0x56]),
    (8101, [0xd2, 0xd0, 0xc2, 0x41, 0x45, 0xc7, 0x96, 0x3d, 0xbb, 0x83, 0xfc, 0xab, 0x56, 0xe6, 0x31, 0xc3]),
    (8102, [0x74, 0x5e, 0x2f, 0x22, 0xa3, 0x99, 0x99, 0x9c, 0x9f, 0x18, 0x17, 0xed, 0x22, 0xe7, 0x87, 0x2d]),
    (8103, [0x99, 0xe6, 0x03, 0x26, 0x3f, 0x6c, 0x7f, 0xa3, 0x27, 0x92, 0x08, 0x5b, 0x6f, 0x25, 0xc5, 0xd8]),
    (8104, [0xb7, 0x84, 0xd7, 0x9b, 0xf7, 0x60, 0x67, 0x73, 0x89, 0x19, 0x9b, 0x8f, 0xfe, 0x67, 0x77, 0x60]),
    (8105, [0xa3, 0xd6, 0xaa, 0xae, 0xba, 0xf5, 0x65, 0x79, 0x27, 0xa2, 0xdd, 0x99, 0x72, 0x4d, 0x89, 0x5c]),
    (8106, [0xf2, 0x66, 0xa2, 0xaa, 0x3c, 0xab, 0xd1, 0x1b, 0xf5, 0xb4, 0x4c, 0xa8, 0x63, 0x16, 0x60, 0xd2]),
    (8107, [0xff, 0x31, 0x0a, 0xeb, 0x31, 0x5b, 0x1c, 0xfc, 0xfb, 0x2a, 0x15, 0xe1, 0xde, 0x47, 0x8e, 0x9b]),
    (8108, [0xd3, 0x0d, 0x60, 0x65, 0x40, 0x85, 0xcf, 0xc9, 0xeb, 0x93, 0xf1, 0xa5, 0x5d, 0x67, 0x09, 0x08]),
    (8109, [0x3a, 0xde, 0xdf, 0x31, 0x04, 0x2e, 0xc4, 0x0a, 0x75, 0xe4, 0x08, 0x3a, 0x59, 0x2e, 0x0d, 0x7f]),
    (8121, [0xfc, 0xcf, 0x2c, 0xbb, 0x69, 0x66, 0x22, 0x66, 0x65, 0x7e, 0xcc, 0x75, 0x71, 0xfb, 0x28, 0xeb]),
    (8161, [0x4b, 0x5c, 0xad, 0x2a, 0xf9, 0xaa, 0xc1, 0x92, 0x07, 0x3f, 0x7d, 0xb9, 0x85, 0x9d, 0x99, 0xea]),
    (8162, [0xb4, 0x1b, 0xb5, 0x22, 0x5a, 0x14, 0x0c, 0xd3, 0x92, 0x7b, 0x85, 0x37, 0x44, 0xcb, 0x2a, 0xb6]),
    (8163, [0xda, 0xdc, 0xba, 0x71, 0x1f, 0x94, 0x13, 0x5f, 0xca, 0xf0, 0x0e, 0x25, 0xed, 0x44, 0x66, 0x35]),
    (8164, [0x0e, 0x74, 0x5a, 0x41, 0x5f, 0x3a, 0x73, 0xeb, 0x64, 0x40, 0x49, 0x83, 0xc8, 0x6a, 0x4f, 0x05]),
    (8165, [0xbe, 0xe7, 0xa9, 0xdf, 0xdb, 0x11, 0xbc, 0x97, 0x63, 0x7b, 0xce, 0xc5, 0x54, 0x20, 0x2b, 0x35]),
    (8166, [0x85, 0x75, 0x5a, 0x99, 0x23, 0x1c, 0xe8, 0x30, 0x20, 0x5e, 0xf7, 0x8b, 0x94, 0xac, 0xe8, 0x9c]),
    (8171, [0xa4, 0xac, 0xca, 0x09, 0x7f, 0xcc, 0x6b, 0xd4, 0x87, 0x0f, 0xe4, 0x5c, 0x61, 0x92, 0x89, 0xc2]),
    (8181, [0xfa, 0x33, 0xe3, 0x8e, 0x93, 0x04, 0x98, 0x90, 0xad, 0xb1, 0x34, 0xd6, 0xbd, 0xb4, 0x98, 0xba]),
    (8191, [0x9b, 0x70, 0x49, 0xb3, 0x7a, 0x4a, 0x52, 0x71, 0x0a, 0x8e, 0x77, 0x66, 0xf5, 0xd4, 0x5b, 0x57]),
    (8601, [0xc4, 0x8d, 0x83, 0x2d, 0x78, 0xd5, 0x5a, 0x42, 0x35, 0xd1, 0x78, 0x0c, 0x80, 0xf1, 0x56, 0x58]),
    (8602, [0x4e, 0x27, 0x8a, 0xae, 0xc2, 0xb7, 0x00, 0x6d, 0xeb, 0xbd, 0xf0, 0x31, 0x59, 0x24, 0xac, 0xe4]),
    (8603, [0x2f, 0x12, 0x18, 0xb9, 0xfb, 0xd9, 0x7b, 0xa4, 0x74, 0xc6, 0x69, 0x73, 0x2f, 0xc7, 0x55, 0x66]),
    (8604, [0x16, 0x28, 0x94, 0xeb, 0x21, 0x5c, 0xfe, 0x26, 0xcb, 0x77, 0x1f, 0x35, 0x32, 0x4e, 0x20, 0xc3]),
    (8605, [0x8c, 0x21, 0x2e, 0x42, 0xce, 0xf8, 0xca, 0xb3, 0xd7, 0xef, 0x07, 0x09, 0xe6, 0x6e, 0x47, 0x91]),
    (8606, [0x6c, 0xea, 0x09, 0xa3, 0x25, 0x47, 0x97, 0x5e, 0x74, 0xff, 0x2a, 0xb1, 0xbd, 0x1c, 0xfc, 0x61]),
    (8607, [0x33, 0x05, 0x1c, 0xde, 0xd9, 0x35, 0x1c, 0x83, 0xbe, 0x0b, 0xeb, 0x15, 0x0f, 0x56, 0x4b, 0x4e]),
    (8608, [0xfc, 0x22, 0x06, 0xf5, 0x8b, 0x0f, 0x5f, 0x8c, 0x31, 0x64, 0x63, 0x9e, 0x24, 0x01, 0xf2, 0x4d]),
    (8611, [0xf7, 0x3d, 0x7d, 0x39, 0xdc, 0x52, 0xbf, 0xfd, 0x80, 0x27, 0x74, 0xde, 0x05, 0xa2, 0xc1, 0xd6]),
    (8612, [0xb9, 0x7a, 0xd0, 0x98, 0x45, 0x28, 0x21, 0x81, 0xfb, 0x57, 0x8f, 0xb1, 0x18, 0x1f, 0xfa, 0xe9]),
    (8613, [0xe6, 0x6d, 0xea, 0x8f, 0x2f, 0xb6, 0x84, 0x44, 0xa5, 0x37, 0x6f, 0x48, 0x04, 0x21, 0xc6, 0xaa]),
    (8614, [0xb0, 0x26, 0x3a, 0x1a, 0xa6, 0x66, 0x16, 0x96, 0x80, 0x3f, 0x61, 0x6f, 0x48, 0xaf, 0x5d, 0x71]),
    (8615, [0x98, 0xbc, 0xcc, 0xad, 0xd0, 0x73, 0xc9, 0x44, 0x22, 0x5c, 0x05, 0x0e, 0x56, 0x00, 0x82, 0x0e]),
    (8616, [0x96, 0x3a, 0xb1, 0x8c, 0x76, 0x66, 0x85, 0x90, 0x39, 0x79, 0x62, 0xc1, 0x67, 0x6a, 0xd4, 0xa8]),
    (8618, [0x34, 0xd4, 0x17, 0xb1, 0x8d, 0x51, 0x93, 0x54, 0x93, 0x6f, 0xcf, 0x81, 0x8a, 0xda, 0x35, 0x33]),
    (8619, [0xac, 0x25, 0x3e, 0x59, 0x9b, 0xbd, 0x2c, 0xab, 0x32, 0x53, 0x6c, 0x4d, 0xe9, 0x6b, 0x77, 0xdd]),
    (8621, [0x81, 0xe2, 0xe0, 0x45, 0x87, 0xab, 0x47, 0x92, 0xa8, 0x67, 0xf8, 0xd2, 0xde, 0x79, 0xb4, 0x5a]),
    (8641, [0x10, 0xbc, 0x08, 0x1e, 0x1b, 0x78, 0x9a, 0x6e, 0xce, 0x5f, 0xb5, 0x07, 0xd5, 0x10, 0x2b, 0xa2]),
    (8661, [0xdb, 0x66, 0x7b, 0xa8, 0xed, 0x07, 0xd4, 0x4f, 0x3a, 0xb7, 0x70, 0xc9, 0x16, 0xc0, 0x31, 0x7b]),
    (8691, [0x2a, 0x06, 0x94, 0x35, 0x6e, 0x6a, 0x62, 0x6e, 0x14, 0x78, 0x89, 0xa7, 0xf2, 0x1e, 0x28, 0xdc]),
    (8701, [0x6a, 0xc5, 0x4c, 0x57, 0x96, 0xf3, 0x7a, 0xa4, 0x9c, 0xb9, 0x9c, 0xda, 0x84, 0x19, 0x71, 0x9b]),
    (8721, [0x26, 0x84, 0x80, 0x6c, 0x41, 0x05, 0x04, 0x40, 0xaf, 0xa5, 0xee, 0x92, 0x5c, 0xc1, 0xfa, 0xa7]),
    (8761, [0x67, 0x0c, 0xee, 0x39, 0xea, 0x38, 0x50, 0xa4, 0xb8, 0x84, 0x57, 0xbf, 0x0a, 0x64, 0x92, 0xe7]),
    (8791, [0x9b, 0x42, 0x57, 0x60, 0x46, 0x9d, 0xca, 0x94, 0xd7, 0x16, 0x43, 0x5f, 0xb4, 0x37, 0xce, 0xf8]),
    (8801, [0x9e, 0x3d, 0xd5, 0xb9, 0xa8, 0xae, 0xe7, 0x6f, 0x2c, 0xc9, 0x0b, 0xd4, 0x3e, 0x28, 0x7b, 0x29]),
    (8802, [0xb1, 0xe5, 0xee, 0x3e, 0x3b, 0x5f, 0xe7, 0x02, 0x0b, 0xef, 0xac, 0xfb, 0x79, 0xb7, 0x17, 0x87]),
    (8803, [0xad, 0x47, 0xb7, 0x31, 0x4f, 0xa5, 0x0a, 0x3a, 0x6c, 0xc5, 0xc3, 0xcf, 0x31, 0xf9, 0xd8, 0xbf]),
    (8851, [0x83, 0xa5, 0x77, 0x94, 0x1b, 0x5b, 0xb8, 0xa8, 0xfc, 0x2b, 0xb3, 0x22, 0xb4, 0x43, 0x93, 0xcc]),
    (8852, [0x77, 0x22, 0xc6, 0x89, 0x93, 0x4d, 0x61, 0xf9, 0x23, 0x1a, 0xfd, 0x03, 0xe8, 0xfc, 0x68, 0xf3]),
    (8853, [0x65, 0x96, 0xc4, 0x26, 0x2d, 0x63, 0xff, 0xea, 0xed, 0xb1, 0xa8, 0xa2, 0x81, 0xe0, 0xca, 0x23]),
    (8854, [0x67, 0x8b, 0x49, 0xee, 0x65, 0x62, 0x65, 0x11, 0xb0, 0x3d, 0x39, 0x36, 0xd9, 0xf7, 0x30, 0x07]),
    (8855, [0x7b, 0x1d, 0x0a, 0xe3, 0x79, 0x64, 0x87, 0x72, 0x88, 0xa5, 0x2b, 0x81, 0xcd, 0x7f, 0x89, 0x79]),
    (8931, [0x48, 0x0f, 0xbb, 0x15, 0x71, 0x0f, 0x5d, 0xa3, 0x2e, 0x1f, 0x4d, 0xdc, 0x8d, 0xd0, 0xd3, 0x25]),
    (8932, [0x98, 0xbc, 0xb2, 0x72, 0x89, 0xb7, 0x53, 0x68, 0xbf, 0x7a, 0x0d, 0x25, 0xcc, 0x18, 0x62, 0x3d]),
    (8933, [0x5a, 0x76, 0x34, 0x97, 0x52, 0x77, 0xf2, 0x03, 0x53, 0x2d, 0x2c, 0x37, 0xb2, 0x60, 0x55, 0x50]),
    (8934, [0xbf, 0x7e, 0x04, 0xf0, 0x66, 0x08, 0x5a, 0x6a, 0xb0, 0x84, 0x77, 0x56, 0x86, 0x12, 0xbd, 0x5e]),
    (8935, [0xa4, 0x51, 0x50, 0x2b, 0xc6, 0x21, 0x61, 0x16, 0x72, 0x7b, 0xc5, 0x6d, 0x00, 0xac, 0x85, 0x5d]),
    (8936, [0x65, 0x37, 0xe2, 0x04, 0x55, 0x21, 0x0c, 0xe0, 0x23, 0x89, 0x61, 0x73, 0x11, 0x0b, 0xab, 0x3e]),
    (8937, [0x50, 0x5e, 0x91, 0xfa, 0xf9, 0x4f, 0x7b, 0xbe, 0xdd, 0x27, 0x6d, 0x95, 0x93, 0x30, 0xb7, 0xe0]),
    (8938, [0xfd, 0xfb, 0x81, 0xb0, 0xf4, 0xc1, 0xa7, 0xae, 0xc3, 0xff, 0x41, 0x80, 0x1c, 0x2d, 0x03, 0x7e]),
    (8939, [0xf6, 0xfd, 0x7d, 0x31, 0x1a, 0xd6, 0xd3, 0xae, 0x18, 0x97, 0x8c, 0x53, 0x9f, 0x92, 0x12, 0x56]),
    (8941, [0x61, 0x24, 0xdf, 0x72, 0x06, 0xf9, 0x91, 0xc0, 0xeb, 0x64, 0xf1, 0x7e, 0x36, 0xe6, 0x07, 0x1e]),
    (8956, [0x9e, 0x4e, 0x88, 0x03, 0xf5, 0x5d, 0xbd, 0xdc, 0x99, 0x3d, 0x27, 0x50, 0x0e, 0x0d, 0xd6, 0xd2]),
    (8957, [0xa2, 0xaf, 0x01, 0x42, 0x5d, 0x7f, 0x8e, 0xce, 0x41, 0x62, 0xdd, 0x26, 0x01, 0xc6, 0x8e, 0x52]),
    (8958, [0x97, 0x87, 0xb2, 0x7f, 0xad, 0xe5, 0xa0, 0xf9, 0x14, 0x5c, 0x41, 0xd5, 0xae, 0xa6, 0x28, 0xe2]),
    (8959, [0xb8, 0x9b, 0x63, 0x0b, 0x00, 0x5a, 0xb4, 0x3b, 0x1e, 0x95, 0xcc, 0x3b, 0x89, 0x06, 0x51, 0x64]),
    (8981, [0xef, 0xb8, 0x1d, 0xd2, 0x0b, 0xd2, 0x42, 0x6e, 0x0c, 0x19, 0xe1, 0x2f, 0x33, 0x22, 0x6c, 0xd3]),
    (8982, [0x9e, 0x4e, 0x88, 0x03, 0xf5, 0x5d, 0xbd, 0xdc, 0x99, 0x3d, 0x27, 0x50, 0x0e, 0x0d, 0xd6, 0xd2]),
    (8983, [0xa2, 0xaf, 0x01, 0x42, 0x5d, 0x7f, 0x8e, 0xce, 0x41, 0x62, 0xdd, 0x26, 0x01, 0xc6, 0x8e, 0x52]),
    (8984, [0x97, 0x87, 0xb2, 0x7f, 0xad, 0xe5, 0xa0, 0xf9, 0x14, 0x5c, 0x41, 0xd5, 0xae, 0xa6, 0x28, 0xe2]),
    (8985, [0xb8, 0x9b, 0x63, 0x0b, 0x00, 0x5a, 0xb4, 0x3b, 0x1e, 0x95, 0xcc, 0x3b, 0x89, 0x06, 0x51, 0x64]),
    (8986, [0x84, 0xc7, 0x1b, 0x4a, 0x43, 0xbc, 0x15, 0xa1, 0x4c, 0x37, 0x7c, 0x81, 0x3d, 0x2d, 0x3c, 0xf1]),
    (8991, [0xf9, 0x68, 0x28, 0x6c, 0x66, 0xc5, 0x66, 0xd3, 0x24, 0x12, 0x9b, 0xfc, 0x16, 0x19, 0xfc, 0x2a]),
    (8992, [0xc6, 0x10, 0xcb, 0x67, 0x61, 0x06, 0x8b, 0x28, 0x94, 0xff, 0xbb, 0xbe, 0xcd, 0x1f, 0xef, 0x63]),
    (9201, [0xee, 0xb2, 0xa8, 0x66, 0x10, 0xcd, 0x9e, 0xca, 0x72, 0x5d, 0x02, 0x66, 0x5e, 0xe3, 0xed, 0x9f]),
    (9202, [0x3b, 0x00, 0xbf, 0x99, 0x11, 0x8a, 0xa3, 0xaa, 0x08, 0x22, 0x7b, 0xc9, 0xb2, 0xbe, 0x48, 0x5a]),
    (9203, [0x16, 0x73, 0xf1, 0x2a, 0xa2, 0xe5, 0xce, 0xb8, 0x0f, 0xcf, 0xc1, 0x76, 0x7d, 0x79, 0x50, 0xa0]),
    (9204, [0x11, 0xc2, 0xd6, 0xb2, 0xed, 0x12, 0x20, 0xe1, 0x05, 0xad, 0x71, 0x77, 0x60, 0xc0, 0x66, 0x5b]),
    (9205, [0xbf, 0x18, 0xed, 0x60, 0x03, 0x82, 0x11, 0x7f, 0x52, 0x02, 0xe3, 0xcc, 0x38, 0x31, 0x0d, 0x18]),
    (9206, [0xdc, 0x3d, 0x6d, 0x05, 0x38, 0x99, 0xfd, 0xdd, 0x21, 0x0e, 0xc3, 0x7e, 0x65, 0x20, 0xca, 0xc6]),
    (9207, [0x60, 0xa5, 0xaa, 0x1c, 0x07, 0xa9, 0xad, 0x92, 0x4f, 0x82, 0x41, 0x70, 0xe5, 0xd4, 0x53, 0x12]),
    (9208, [0x51, 0xc8, 0xd6, 0x43, 0x7c, 0xa1, 0x5e, 0x7a, 0x26, 0x74, 0xd4, 0x5c, 0xd9, 0x59, 0xde, 0xd7]),
    (9209, [0xf0, 0xd4, 0x06, 0xad, 0xdc, 0xa1, 0x80, 0x07, 0x91, 0xba, 0x75, 0x2b, 0xb9, 0x07, 0x1e, 0xc4]),
    (9210, [0x17, 0x75, 0x03, 0x9c, 0xf3, 0x51, 0x33, 0x2b, 0x5c, 0x76, 0xe0, 0xf0, 0x82, 0x5a, 0x1d, 0x5e]),
    (9238, [0xf6, 0x2c, 0x90, 0xba, 0xd0, 0x9d, 0x25, 0xfd, 0xb4, 0xc5, 0xe7, 0xb4, 0x77, 0xfa, 0x49, 0x6e]),
    (9239, [0xd6, 0xc1, 0xe8, 0x73, 0x5a, 0x85, 0x54, 0x4f, 0xaa, 0x37, 0x88, 0xef, 0x55, 0xf6, 0xde, 0xb1]),
    (9240, [0x0f, 0x51, 0xc5, 0x1b, 0x88, 0xce, 0xe3, 0xe0, 0x51, 0x27, 0x63, 0xb9, 0xbf, 0x1b, 0x28, 0xde]),
    (9241, [0x1e, 0xa3, 0xbc, 0x85, 0xb7, 0xf4, 0x98, 0xe1, 0x49, 0xdf, 0x80, 0x60, 0xc1, 0xd9, 0xd5, 0x5f]),
    (9351, [0x09, 0xbf, 0x40, 0x48, 0x03, 0x3c, 0xf9, 0xf2, 0xb4, 0x3a, 0x3e, 0xa0, 0x8b, 0xa2, 0x98, 0xf3]),
    (9352, [0x34, 0xe0, 0xd0, 0x3b, 0x52, 0x69, 0xd7, 0x00, 0xd0, 0x46, 0xef, 0x8b, 0x59, 0xa0, 0x91, 0x29]),
    (9353, [0x19, 0xb4, 0xbb, 0xfc, 0x97, 0x88, 0x01, 0xdb, 0x27, 0xcf, 0x31, 0x38, 0x58, 0xbc, 0x0f, 0xc4]),
    (9354, [0xbd, 0x55, 0x9a, 0x71, 0x8c, 0xf2, 0xa0, 0x10, 0xc0, 0x67, 0xb2, 0xe8, 0xca, 0x2d, 0x21, 0x10]),
    (9355, [0x46, 0x19, 0x17, 0xb9, 0x99, 0x5e, 0x01, 0x0f, 0xa2, 0x62, 0x23, 0x47, 0x00, 0x73, 0x01, 0xf9]),
    (9356, [0xc9, 0xeb, 0xa0, 0xf8, 0xf9, 0xa7, 0x38, 0x33, 0x27, 0x80, 0x26, 0x7b, 0x61, 0x9d, 0x6f, 0xd7]),
    (9357, [0x0e, 0xc2, 0x86, 0x66, 0x7f, 0x11, 0x78, 0x14, 0x30, 0x6d, 0x9d, 0xb4, 0x74, 0x84, 0x17, 0x32]),
    (9358, [0x18, 0xb7, 0xca, 0x7e, 0x9b, 0xb3, 0x7f, 0x84, 0x8f, 0xd9, 0x90, 0x9a, 0xa7, 0x23, 0x05, 0x37]),
    (9359, [0x01, 0x93, 0x80, 0x59, 0x76, 0xf3, 0x66, 0x59, 0x0b, 0x9b, 0x53, 0x3e, 0xa4, 0xa1, 0xb7, 0x89]),
    (9360, [0x77, 0xde, 0x01, 0x07, 0x1f, 0xed, 0xfd, 0x57, 0x93, 0xad, 0x89, 0xc7, 0x57, 0x1e, 0x0a, 0x4c]),
    (9361, [0x12, 0xce, 0x52, 0xb7, 0xa4, 0xcf, 0x07, 0xc1, 0x0c, 0xc9, 0xb3, 0x80, 0xfe, 0x86, 0x2c, 0x2e]),
    (9362, [0x5c, 0x22, 0xdf, 0xca, 0x02, 0x7e, 0xf3, 0x51, 0xa5, 0x25, 0x15, 0x57, 0xd9, 0x7f, 0x64, 0xc6]),
    (9363, [0x11, 0x76, 0x3b, 0x57, 0x55, 0xe5, 0xe7, 0x48, 0xc4, 0xae, 0x87, 0xc3, 0x2d, 0xcd, 0x0e, 0x29]),
    (9364, [0x11, 0xae, 0xa4, 0x19, 0x96, 0x1f, 0xfc, 0x73, 0x6d, 0xc7, 0x54, 0x21, 0xd4, 0x2a, 0x0e, 0x8f]),
    (9421, [0xa9, 0x4b, 0x4c, 0x49, 0xa9, 0xb9, 0x4b, 0x4d, 0x19, 0xb1, 0xc6, 0x64, 0x75, 0x14, 0x17, 0x90]),
    (9422, [0xed, 0x50, 0xc7, 0x58, 0xed, 0xe7, 0x55, 0x84, 0xb0, 0xcf, 0x72, 0x45, 0x43, 0x61, 0x4c, 0x72]),
    (9423, [0xba, 0x1f, 0x63, 0xae, 0x1f, 0x30, 0xfc, 0xd6, 0x91, 0xce, 0xfa, 0xe5, 0xa0, 0x32, 0xea, 0x7a]),
    (9424, [0x64, 0xd5, 0xb9, 0x19, 0x24, 0xdb, 0x38, 0xa7, 0xa5, 0x76, 0x79, 0xbb, 0x2e, 0x87, 0xf2, 0xbb]),
    (9425, [0x55, 0x69, 0x4b, 0xb1, 0x03, 0x49, 0x3e, 0xa2, 0x6c, 0xe5, 0x3e, 0x6c, 0x55, 0x00, 0x88, 0x73]),
    (9426, [0xa8, 0xcb, 0x7b, 0x29, 0x0c, 0xfa, 0x48, 0x9e, 0x64, 0x3b, 0xd7, 0x6a, 0x15, 0x7e, 0xff, 0xd1]),
    (9427, [0x92, 0xa4, 0xc0, 0x7b, 0xe0, 0x22, 0x83, 0x48, 0x4d, 0x43, 0x67, 0x43, 0xe2, 0x4b, 0x19, 0x07]),
    (9428, [0xb7, 0x08, 0x27, 0x11, 0x07, 0xdb, 0xa4, 0xfa, 0x53, 0xda, 0x43, 0x1e, 0x9f, 0x84, 0xda, 0x74]),
    (9429, [0xa1, 0x58, 0x49, 0x87, 0x58, 0x5c, 0x4a, 0x19, 0x2e, 0x03, 0x45, 0xe2, 0xa5, 0x0f, 0xa7, 0x38]),
    (9430, [0x27, 0x29, 0xdb, 0x33, 0x69, 0x5c, 0x79, 0xc0, 0xce, 0x29, 0x77, 0x9e, 0x8e, 0x00, 0xe3, 0x5b]),
    (9431, [0x82, 0xd7, 0x02, 0x20, 0x1a, 0xa6, 0x41, 0xf2, 0x54, 0x3f, 0x87, 0x23, 0x29, 0xc2, 0x35, 0x46]),
    (9432, [0x37, 0xf5, 0x04, 0xf9, 0x70, 0x54, 0xb5, 0x27, 0xe9, 0x00, 0xa9, 0xfe, 0xb8, 0xc4, 0x29, 0xd1]),
    (9433, [0xf4, 0xe9, 0xc5, 0xba, 0xf0, 0x2c, 0x1b, 0x6d, 0x60, 0x87, 0xda, 0x76, 0xdb, 0x5e, 0x2c, 0xcb]),
    (9434, [0x35, 0xeb, 0xad, 0xef, 0x3a, 0x74, 0x05, 0xf5, 0x6a, 0xa4, 0x56, 0xf2, 0x69, 0x20, 0x5f, 0x52]),
    (9461, [0x5d, 0x5c, 0xe9, 0x08, 0x10, 0x6a, 0xc1, 0x53, 0xe3, 0x47, 0x05, 0x23, 0xca, 0x98, 0x4d, 0x44]),
    (9462, [0x9c, 0xa1, 0x45, 0xf6, 0x05, 0xee, 0xda, 0x24, 0x0c, 0x1d, 0x0a, 0x72, 0x92, 0x46, 0x59, 0x43]),
    (9463, [0xbf, 0x80, 0x48, 0x66, 0x6e, 0x7f, 0x8d, 0xa1, 0xa5, 0xa6, 0xf8, 0xe1, 0xe7, 0xd3, 0x07, 0x9a]),
    (9464, [0xb2, 0x3b, 0x8f, 0x7f, 0x73, 0x5f, 0x7a, 0xd5, 0x88, 0x8d, 0x9d, 0x82, 0x5d, 0x97, 0xe9, 0x0f]),
    (9465, [0x4e, 0xd8, 0x44, 0xa8, 0xde, 0xcb, 0x93, 0xcc, 0x10, 0xbb, 0x36, 0x7c, 0x62, 0x50, 0x24, 0xf4]),
    (9466, [0x58, 0xf5, 0xc5, 0xb9, 0x07, 0x93, 0x13, 0x7e, 0x00, 0x88, 0xaa, 0x88, 0x7d, 0x59, 0x4e, 0xa9]),
    (9467, [0xaf, 0x05, 0x0a, 0x13, 0x9b, 0xbc, 0xef, 0x94, 0x6f, 0x3f, 0xf7, 0xce, 0x07, 0x0c, 0xe5, 0x55]),
    (9468, [0x83, 0x83, 0xa2, 0x91, 0xa7, 0x11, 0x6a, 0xdd, 0xb6, 0x00, 0x02, 0x0f, 0x4d, 0x82, 0x84, 0x4a]),
    (9469, [0x3f, 0xc9, 0xc4, 0x31, 0x1f, 0x54, 0xeb, 0x73, 0xe4, 0xa4, 0x43, 0x28, 0x9c, 0x7e, 0xa2, 0xe8]),
    (9471, [0xe5, 0x3c, 0xa9, 0x0d, 0xc8, 0x98, 0x46, 0x39, 0xf6, 0x7c, 0xff, 0xdb, 0xec, 0xad, 0x03, 0x62]),
    (9472, [0xd9, 0xef, 0x20, 0xb7, 0x36, 0xb4, 0x37, 0x8e, 0xbc, 0x06, 0xa6, 0xc2, 0xf4, 0x8b, 0x4c, 0xc5]),
    (9473, [0x58, 0x3c, 0xfa, 0x1a, 0x0e, 0xb0, 0xa1, 0x70, 0xcb, 0x02, 0x72, 0xf4, 0xbc, 0x45, 0xff, 0x21]),
    (9481, [0xce, 0x39, 0xa6, 0x46, 0xca, 0x00, 0x31, 0xf0, 0xc8, 0x5c, 0xc9, 0x1f, 0xe9, 0x7e, 0x49, 0x1a]),
    (9482, [0xd7, 0xc1, 0xaa, 0x8c, 0x47, 0xe2, 0x9a, 0x54, 0x56, 0xa1, 0x1c, 0x96, 0xd4, 0x19, 0x0f, 0x62]),
    (9483, [0x88, 0xf2, 0x3e, 0x7b, 0xb1, 0xf6, 0x44, 0xe0, 0x9a, 0x1e, 0x70, 0x8e, 0x7e, 0xb1, 0x6f, 0x15]),
    (9484, [0xac, 0xf8, 0xcb, 0x1d, 0xf2, 0x45, 0x69, 0x4e, 0xf3, 0x22, 0xf8, 0x0c, 0x6b, 0xdf, 0xf6, 0x5a]),
    (9485, [0x3d, 0xfb, 0x2d, 0x15, 0xa1, 0x16, 0x49, 0x97, 0xb1, 0x1a, 0x27, 0x72, 0x2d, 0xa4, 0xcd, 0x4c]),
    (9486, [0x58, 0x6f, 0xa0, 0x06, 0x5c, 0xde, 0xc7, 0x09, 0x1e, 0x7e, 0xe4, 0xeb, 0x06, 0x8b, 0x6c, 0xb8]),
    (9487, [0x07, 0x63, 0xc8, 0xee, 0xf5, 0x6e, 0x95, 0x7c, 0xc6, 0x94, 0x6c, 0x61, 0xf0, 0xa6, 0xff, 0xc6]),
    (9488, [0x2d, 0x4b, 0x4a, 0x47, 0xd3, 0xf9, 0x05, 0x38, 0x1c, 0xeb, 0xcc, 0xb9, 0xaf, 0x02, 0xe8, 0xfd]),
    (9489, [0x5c, 0x4c, 0xa3, 0x3c, 0x74, 0x0c, 0x42, 0x59, 0x72, 0x8b, 0x82, 0x7b, 0xe4, 0xd2, 0x21, 0x82]),
    (9490, [0x9f, 0x55, 0xc2, 0x13, 0xdd, 0x97, 0x49, 0xe4, 0x41, 0x3f, 0xa5, 0xc7, 0xcd, 0xe4, 0x72, 0xdd]),
    (9491, [0xc5, 0xa7, 0x7b, 0x48, 0x88, 0xbc, 0xfe, 0x45, 0x3e, 0x85, 0x24, 0xaa, 0x49, 0x87, 0xc2, 0x55]),
    (9492, [0x21, 0x0c, 0x7b, 0xdd, 0xdb, 0xe5, 0x01, 0xc3, 0xbd, 0x2c, 0x49, 0x5d, 0x30, 0x56, 0x01, 0x8f]),
    (9494, [0x20, 0x45, 0x2d, 0x97, 0x87, 0x38, 0xff, 0xc1, 0xdb, 0x42, 0x02, 0xd3, 0xc5, 0x33, 0x28, 0x0a]),
    (9495, [0x68, 0xc6, 0x49, 0xe2, 0xcc, 0x41, 0xea, 0x28, 0x29, 0x18, 0xe0, 0xef, 0xa1, 0x80, 0xa3, 0xb8]),
    (9496, [0x34, 0xcc, 0x8f, 0x5e, 0xca, 0xcc, 0xb6, 0x07, 0x78, 0x3f, 0xc1, 0x78, 0x79, 0xce, 0x9f, 0x39]),
    (9905, [0x58, 0x66, 0x88, 0xdf, 0xeb, 0xb2, 0xf0, 0x07, 0xee, 0x6c, 0x55, 0x3d, 0xe4, 0xd5, 0xc9, 0xa8]),
    (9906, [0x99, 0xde, 0x83, 0xd1, 0x03, 0xe8, 0xd6, 0x55, 0x4b, 0x5d, 0xaf, 0x47, 0x77, 0x73, 0x57, 0xcf]),
    (9907, [0x99, 0xde, 0x83, 0xd1, 0x03, 0xe8, 0xd6, 0x55, 0x4b, 0x5d, 0xaf, 0x47, 0x77, 0x73, 0x57, 0xcf]),
    (9932, [0x11, 0xed, 0x69, 0xed, 0x74, 0x38, 0xa6, 0x8d, 0xb4, 0xed, 0x75, 0x97, 0x6d, 0xa9, 0xf3, 0x0e]),
    (9933, [0x11, 0xed, 0x69, 0xed, 0x74, 0x38, 0xa6, 0x8d, 0xb4, 0xed, 0x75, 0x97, 0x6d, 0xa9, 0xf3, 0x0e]),
    (9941, [0xb0, 0xde, 0x4c, 0xbd, 0xd5, 0x70, 0x5b, 0x2f, 0x0d, 0x2f, 0x5e, 0xca, 0x7f, 0xd1, 0xe0, 0x2e]),
    (9942, [0x75, 0xf5, 0x1c, 0x7d, 0x15, 0xb8, 0x78, 0x46, 0x74, 0x62, 0x40, 0xf5, 0x93, 0x6d, 0x43, 0x21]),
    (9971, [0x83, 0x59, 0xba, 0x50, 0x21, 0x0a, 0x6e, 0x04, 0x95, 0x99, 0x6b, 0x34, 0x76, 0x46, 0x27, 0xc5]),
    (10181, [0x6c, 0xd6, 0x48, 0x1e, 0xdf, 0xd2, 0xd9, 0x9c, 0xc0, 0xe2, 0x56, 0x2e, 0x37, 0x57, 0xc9, 0x8f]),
    (10182, [0x1c, 0xa3, 0xa6, 0x85, 0xf1, 0xcf, 0x02, 0x76, 0xfc, 0x06, 0xbf, 0x9a, 0xef, 0x9d, 0xd8, 0xaf]),
    (10183, [0x0e, 0x8d, 0x42, 0xba, 0x0c, 0xf6, 0xc5, 0xa7, 0xfa, 0x59, 0xfe, 0xb9, 0x53, 0x94, 0xb1, 0xc6]),
    (10184, [0x68, 0xbb, 0xdc, 0xe9, 0x9b, 0xef, 0xb0, 0x20, 0xbd, 0x3e, 0xe0, 0x3a, 0x20, 0x13, 0x99, 0x92]),
    (10185, [0x51, 0xfc, 0x6b, 0x98, 0xbf, 0x1f, 0x52, 0x8f, 0xa2, 0x8d, 0xbf, 0x37, 0x47, 0x71, 0x88, 0xbe]),
    (10186, [0xce, 0x99, 0x42, 0xfd, 0xbf, 0x99, 0x5d, 0x95, 0x95, 0xad, 0xa9, 0x15, 0xc4, 0xbe, 0x8e, 0x2b]),
    (10187, [0x9c, 0x22, 0x0b, 0x3c, 0x86, 0x10, 0x0f, 0x97, 0xf3, 0x35, 0x4e, 0xab, 0x29, 0x9d, 0x3d, 0x7b]),
    (10188, [0x88, 0x1c, 0x06, 0x17, 0x60, 0x85, 0x60, 0x73, 0x61, 0xc1, 0x85, 0x42, 0x42, 0x0d, 0xf9, 0x9f]),
    (10189, [0x69, 0x7d, 0xc2, 0x17, 0x2c, 0x1f, 0xac, 0x4a, 0x50, 0x2e, 0x48, 0xd6, 0x9b, 0x4c, 0x86, 0x66]),
    (10191, [0xe6, 0xf8, 0x0d, 0xdd, 0xce, 0x8a, 0x63, 0x43, 0xae, 0x67, 0xd2, 0x48, 0x2b, 0x11, 0x47, 0x1b]),
    (10192, [0x4c, 0x90, 0xcb, 0x71, 0x16, 0xc9, 0xc2, 0xac, 0xd8, 0x49, 0xc9, 0x1b, 0xef, 0xd5, 0x3e, 0xdd]),
    (10193, [0xfc, 0x28, 0xb4, 0x36, 0x00, 0x69, 0x67, 0xfe, 0x5b, 0xfc, 0x75, 0xce, 0x04, 0x3e, 0x47, 0x21]),
    (10195, [0x3e, 0x5f, 0x9a, 0xf9, 0xe8, 0x11, 0xbc, 0x49, 0xfd, 0xde, 0x47, 0xdd, 0x0d, 0x9a, 0x44, 0x2b]),
    (10196, [0xa8, 0x96, 0x25, 0x8c, 0x3c, 0x51, 0x5a, 0x36, 0xb8, 0xc4, 0x6e, 0xeb, 0x2a, 0x81, 0xde, 0xa6]),
    (10197, [0x3e, 0x5f, 0x9a, 0xf9, 0xe8, 0x11, 0xbc, 0x49, 0xfd, 0xde, 0x47, 0xdd, 0x0d, 0x9a, 0x44, 0x2b]),
    (10221, [0xf6, 0xcf, 0x8d, 0x48, 0x6e, 0x8b, 0x4a, 0x1d, 0x30, 0x6c, 0x28, 0x17, 0xa6, 0x21, 0x97, 0x73]),
    (10222, [0xd6, 0x5c, 0x91, 0xbc, 0x0f, 0x8d, 0x33, 0xe5, 0x13, 0xf7, 0x40, 0x9d, 0x7b, 0xbf, 0xec, 0x07]),
    (10223, [0xf5, 0x32, 0x8d, 0x26, 0x99, 0xb9, 0x56, 0xe1, 0xc2, 0x1c, 0xeb, 0xcf, 0x52, 0x5a, 0x7f, 0x1f]),
    (10224, [0x52, 0x36, 0xc8, 0x8a, 0xe5, 0xe0, 0x38, 0xeb, 0x7c, 0xd9, 0x17, 0xcb, 0xa5, 0xf8, 0x89, 0x85]),
    (10231, [0x89, 0x6c, 0xd8, 0xc6, 0x9b, 0xc9, 0xd9, 0xb5, 0x79, 0x87, 0x98, 0x04, 0x56, 0x33, 0x6e, 0x22]),
    (10232, [0x97, 0xf7, 0xeb, 0xcd, 0x47, 0xce, 0xd5, 0x00, 0xfa, 0x67, 0x36, 0xf4, 0xf8, 0xf5, 0x74, 0xae]),
    (10233, [0x5d, 0xf4, 0x88, 0x56, 0x04, 0x67, 0xa8, 0x4d, 0x0a, 0x56, 0xfa, 0xc6, 0x27, 0x3a, 0xfa, 0xe7]),
    (10234, [0x39, 0x3d, 0xdf, 0x25, 0x3a, 0x79, 0xfd, 0xe2, 0x41, 0x2d, 0x96, 0x99, 0x09, 0x89, 0x2e, 0xa9]),
    (10241, [0xba, 0x1b, 0x7b, 0x75, 0xd1, 0xff, 0xb4, 0x11, 0x32, 0xd6, 0x24, 0xbc, 0x3f, 0x44, 0x8b, 0xb0]),
    (10251, [0x2c, 0x55, 0x76, 0x11, 0x7a, 0x51, 0xe3, 0x59, 0x2e, 0x69, 0x0e, 0xa0, 0x0b, 0x3e, 0x49, 0x73]),
    (10252, [0x2c, 0xf3, 0x81, 0x4d, 0xe7, 0x3a, 0x3d, 0x84, 0x52, 0x73, 0x34, 0xde, 0xd6, 0xee, 0x05, 0x4b]),
    (10253, [0xc0, 0x4f, 0xc0, 0x9e, 0x42, 0x9c, 0xf1, 0x62, 0x0a, 0x3c, 0xf6, 0xcc, 0xb1, 0xcc, 0xa2, 0xdf]),
    (10261, [0x7e, 0x43, 0x81, 0xb0, 0x29, 0x25, 0xba, 0x0a, 0x5e, 0xff, 0x2b, 0x10, 0x00, 0x30, 0x6b, 0xf5]),
    (10262, [0x3f, 0xf9, 0xe4, 0xf7, 0x4c, 0xd7, 0x44, 0xc9, 0xcc, 0x91, 0x8c, 0xda, 0x5f, 0x19, 0x9c, 0xc8]),
    (10263, [0x67, 0xa2, 0x60, 0x8b, 0x8f, 0xb7, 0xec, 0xa3, 0x53, 0x5c, 0x3e, 0x7b, 0xeb, 0x12, 0x37, 0x36]),
    (10271, [0x2a, 0xcd, 0x3c, 0xcb, 0x8d, 0x29, 0x38, 0xe4, 0xab, 0x25, 0x61, 0xbe, 0x1c, 0x5e, 0x6a, 0x85]),
    (10501, [0x61, 0x43, 0xee, 0x9f, 0x1c, 0xfd, 0xf6, 0x8b, 0x0c, 0x2a, 0x34, 0xdb, 0x27, 0xa0, 0xcd, 0x6c]),
    (10502, [0x71, 0xc5, 0xfb, 0x91, 0x3c, 0x50, 0xfd, 0x95, 0x2c, 0x1d, 0xa9, 0x6e, 0x86, 0x4a, 0x66, 0xdf]),
    (10503, [0x7e, 0xe9, 0x0d, 0xe0, 0xd7, 0x4a, 0xaf, 0xe4, 0x00, 0x72, 0x7b, 0x6c, 0x09, 0x0f, 0xb2, 0xfc]),
    (10504, [0x28, 0x7b, 0x94, 0x0d, 0xc2, 0x6a, 0x63, 0x57, 0xb5, 0x46, 0x0a, 0x93, 0x05, 0xd2, 0x73, 0x3e]),
    (10505, [0x33, 0x7a, 0x22, 0x0c, 0x6f, 0xea, 0x17, 0x05, 0xc2, 0x04, 0x41, 0xc4, 0xe6, 0x40, 0x81, 0x34]),
    (10506, [0x2a, 0x19, 0xc3, 0xad, 0x71, 0xec, 0x7f, 0x35, 0x96, 0x13, 0xb9, 0x2b, 0x3c, 0x2b, 0x76, 0x20]),
    (10507, [0xb0, 0x43, 0x46, 0x61, 0xe6, 0x26, 0x47, 0xaa, 0x76, 0x92, 0x92, 0x0b, 0x72, 0x8c, 0xbb, 0xa3]),
    (10508, [0xe4, 0xaf, 0x83, 0xa1, 0xff, 0x55, 0x42, 0x88, 0xe0, 0x0a, 0x62, 0x86, 0xad, 0xd2, 0x99, 0x3b]),
    (10509, [0x71, 0xd9, 0x74, 0xf9, 0x65, 0x9d, 0xc0, 0xa4, 0x33, 0x8a, 0xe2, 0xd0, 0xaa, 0x86, 0xd8, 0x03]),
    (10512, [0x51, 0x5f, 0xef, 0xe3, 0xef, 0x7b, 0x3d, 0xbd, 0x31, 0xf7, 0x8c, 0xa7, 0x2a, 0x12, 0x3c, 0xd7]),
    (10513, [0x6c, 0xdd, 0xe2, 0x2f, 0xfa, 0x81, 0x96, 0xaf, 0xee, 0x49, 0x4f, 0x57, 0xe2, 0x7e, 0xff, 0xe2]),
    (10514, [0xfd, 0x47, 0xb3, 0xb6, 0x9f, 0x29, 0x86, 0x75, 0xc8, 0x1a, 0x5b, 0x8d, 0x57, 0xec, 0xf0, 0x34]),
    (10541, [0x9b, 0x5d, 0x6a, 0xf1, 0x6a, 0xbc, 0xc4, 0x62, 0xad, 0x08, 0x15, 0xe8, 0x50, 0x6d, 0x3f, 0x03]),
    (10542, [0x75, 0xbc, 0x0a, 0x5a, 0xb0, 0x7a, 0x3c, 0x5f, 0xb5, 0x36, 0x33, 0x22, 0x73, 0x56, 0x75, 0x83]),
    (10561, [0x6f, 0x18, 0x8e, 0x52, 0x6c, 0x51, 0x4e, 0xea, 0x78, 0x66, 0x68, 0x6b, 0x3c, 0x4e, 0x27, 0x3b]),
    (10562, [0x0b, 0x0b, 0x26, 0x15, 0xa9, 0xbe, 0xc9, 0xec, 0xfd, 0x4c, 0xd0, 0xaa, 0x53, 0x20, 0x6d, 0xb6]),
    (10571, [0xf2, 0xe1, 0xe3, 0xdc, 0x9c, 0x91, 0x52, 0xa5, 0x2f, 0xe2, 0xf1, 0x4e, 0xce, 0xe9, 0xd5, 0xed]),
    (10581, [0x8f, 0x34, 0x0e, 0x76, 0x97, 0x4b, 0x1c, 0xe3, 0xa2, 0xde, 0xc0, 0xaa, 0xee, 0x6f, 0xa7, 0xa6]),
    (10582, [0x4d, 0x64, 0x22, 0x7b, 0x55, 0x28, 0xdc, 0xef, 0xed, 0x0c, 0x0e, 0x6b, 0x4a, 0x2b, 0x1c, 0x20]),
    (10583, [0xf3, 0xaf, 0x0c, 0x69, 0x20, 0x13, 0x53, 0x02, 0x82, 0xb1, 0x81, 0xc1, 0xad, 0x29, 0x24, 0x8e]),
    (10584, [0x71, 0x86, 0x9e, 0xab, 0x1c, 0x2b, 0xe1, 0x73, 0x50, 0x29, 0x58, 0x3b, 0x39, 0xe5, 0x71, 0xd4]),
    (10591, [0x1f, 0xab, 0x88, 0xfd, 0x97, 0x0e, 0x7f, 0x8b, 0x63, 0x4f, 0xdd, 0x64, 0x63, 0xaa, 0xd2, 0xe1]),
    (10621, [0x7d, 0xc0, 0x2d, 0xde, 0x1f, 0x52, 0x94, 0x2a, 0x8d, 0xf5, 0x23, 0x6b, 0x89, 0x12, 0x80, 0x7c]),
    (10622, [0x80, 0x50, 0x64, 0x69, 0x13, 0xd6, 0x0e, 0xdd, 0x90, 0x6a, 0xfb, 0x99, 0x78, 0x96, 0x83, 0xad]),
    (10623, [0x2d, 0xec, 0x3d, 0x48, 0x22, 0x24, 0x2e, 0xda, 0x19, 0xce, 0x4f, 0xf1, 0xb7, 0x14, 0xe4, 0x37]),
    (10624, [0xbe, 0x37, 0xb6, 0x66, 0x99, 0xb6, 0x15, 0x85, 0x45, 0xf4, 0x16, 0xa5, 0x83, 0xa1, 0x47, 0x25]),
    (10681, [0xd3, 0x2a, 0x77, 0xb7, 0x04, 0x1e, 0x72, 0x28, 0x45, 0x26, 0xf7, 0xc8, 0x5b, 0x78, 0xab, 0x1d]),
    (10682, [0xd5, 0xe5, 0xe0, 0x8f, 0xd0, 0x2e, 0xe7, 0x28, 0xeb, 0x4a, 0xb0, 0x8c, 0x3a, 0xab, 0x4a, 0x75]),
    (10683, [0xb3, 0x73, 0x11, 0xf4, 0x35, 0x00, 0x1a, 0xb4, 0x8b, 0x05, 0x0e, 0xa5, 0xea, 0x93, 0xac, 0x15]),
    (10684, [0xa8, 0xb5, 0x5e, 0x61, 0x80, 0x5c, 0xb6, 0x07, 0x15, 0x00, 0x84, 0x3b, 0xe4, 0x54, 0xce, 0x8a]),
    (10685, [0xd4, 0xd2, 0x43, 0x97, 0xcc, 0xed, 0x34, 0x86, 0x01, 0x3e, 0x2e, 0x05, 0x31, 0x21, 0x3b, 0xee]),
    (10686, [0xef, 0x74, 0x92, 0xe8, 0x83, 0xd3, 0xc2, 0x66, 0x27, 0x3d, 0x33, 0x5e, 0x83, 0xcf, 0xba, 0x76]),
    (10687, [0x09, 0xa0, 0x91, 0x44, 0xc4, 0x80, 0xe1, 0x1e, 0x9d, 0xbc, 0xdf, 0x85, 0xa0, 0x53, 0xbc, 0xeb]),
    (10688, [0x27, 0xb1, 0x4a, 0x7a, 0xa2, 0x56, 0xd5, 0x94, 0x7f, 0x3b, 0x0d, 0x6c, 0x99, 0x75, 0x52, 0x9b]),
    (10689, [0xdb, 0x5f, 0x80, 0x39, 0xe2, 0x22, 0xb7, 0x7e, 0xf7, 0x4f, 0x86, 0xf0, 0x70, 0xbd, 0x1d, 0x2d]),
    (10695, [0xc7, 0x00, 0x52, 0x8e, 0x2c, 0x06, 0x15, 0x7d, 0x8c, 0x08, 0x8d, 0x4b, 0x6e, 0xd5, 0x50, 0x26]),
    (10697, [0xf1, 0x42, 0x22, 0x41, 0x8b, 0xa6, 0x03, 0x03, 0xd1, 0xef, 0x6c, 0x68, 0x86, 0x6d, 0xa5, 0xbd]),
    (10701, [0x50, 0x5c, 0x12, 0xc7, 0xb8, 0xf2, 0x09, 0xac, 0x82, 0x0d, 0xb7, 0xfd, 0x44, 0x3c, 0x50, 0xe4]),
    (11203, [0x94, 0x49, 0xd2, 0xda, 0xdf, 0x6d, 0x99, 0x12, 0xf0, 0x63, 0x7c, 0xdd, 0x93, 0x3b, 0x53, 0x88]),
    (11281, [0x71, 0x50, 0x4a, 0xc1, 0xe1, 0x2c, 0x4c, 0x1f, 0x6b, 0x91, 0x13, 0x15, 0x26, 0x1b, 0xe7, 0x5e]),
    (11421, [0xb0, 0xf6, 0xb4, 0x46, 0x0b, 0x5d, 0x28, 0x95, 0x5b, 0xfd, 0x1f, 0xad, 0x59, 0xaa, 0x71, 0x48]),
    (11422, [0x73, 0x3a, 0xb5, 0xf3, 0x5a, 0x6b, 0x05, 0x7c, 0x16, 0x5f, 0xbf, 0xe5, 0x03, 0x6a, 0xf7, 0x89]),
    (11423, [0x47, 0xa2, 0xc8, 0x85, 0x15, 0xd7, 0xb9, 0x9c, 0x8b, 0xbb, 0xd7, 0x33, 0x01, 0xb8, 0x25, 0xc6]),
    (11604, [0x9a, 0x0f, 0x81, 0x78, 0x52, 0x8a, 0x33, 0x7a, 0xfc, 0xe1, 0xea, 0x4a, 0x00, 0xe5, 0x27, 0x79]),
    (12902, [0x30, 0x39, 0x50, 0x25, 0xec, 0xc3, 0x54, 0xc1, 0xab, 0x60, 0x6e, 0x4a, 0x13, 0x63, 0x43, 0x59]),
    (13121, [0x24, 0xea, 0x7b, 0x7d, 0x9d, 0xb0, 0x68, 0x0e, 0x4b, 0xcf, 0xe0, 0xac, 0x0d, 0x41, 0x2c, 0xcb]),
    (13123, [0xc3, 0x3a, 0x12, 0xe9, 0x5f, 0xd5, 0x8e, 0x6f, 0xc5, 0x6c, 0x67, 0x24, 0x8c, 0xec, 0x74, 0x7d]),
    (13141, [0x02, 0x27, 0xd3, 0xc4, 0xcd, 0xff, 0x50, 0xd7, 0x29, 0x6b, 0x75, 0x6b, 0x72, 0xef, 0x8a, 0xa5]),
    (13163, [0xdd, 0x26, 0x00, 0xdf, 0xff, 0x58, 0xce, 0x55, 0x1c, 0xf4, 0xdb, 0x51, 0x6d, 0x86, 0x82, 0xad]),
    (13181, [0xd3, 0x1b, 0x12, 0x80, 0xdc, 0x25, 0x9f, 0xeb, 0xe9, 0x93, 0x8f, 0xde, 0x01, 0x1a, 0x62, 0xfc]),
    (13182, [0x69, 0x4b, 0xb2, 0xa6, 0x42, 0xe2, 0x06, 0x94, 0x38, 0x9f, 0x19, 0x01, 0x5f, 0xa6, 0x2f, 0xdb]),
    (13701, [0x3f, 0xf3, 0xf2, 0x05, 0x2b, 0xe3, 0x2e, 0xbc, 0x66, 0x97, 0x73, 0x50, 0x78, 0x27, 0x1a, 0xac]),
    (13702, [0xd1, 0xfe, 0xfc, 0x73, 0xeb, 0x10, 0x47, 0xbb, 0x9d, 0x75, 0xda, 0xdc, 0x77, 0x18, 0xdb, 0x50]),
    (15101, [0xeb, 0x63, 0x86, 0x07, 0xb6, 0xe1, 0x97, 0xb0, 0x72, 0x86, 0x88, 0x64, 0x6e, 0x70, 0x52, 0x2a]),
    (15102, [0xab, 0xcc, 0x16, 0xa1, 0xa0, 0xe6, 0x37, 0x79, 0x95, 0x8e, 0xb1, 0x77, 0x16, 0xe1, 0xe7, 0x61]),
    (15103, [0xee, 0x9c, 0xa9, 0x5f, 0x98, 0x74, 0x8d, 0x20, 0x73, 0x40, 0x20, 0xb6, 0xbe, 0xc3, 0x90, 0x7c]),
    (15104, [0x57, 0x21, 0x0a, 0x27, 0xad, 0x68, 0xc2, 0x59, 0x2c, 0xbe, 0xb5, 0xed, 0x57, 0x35, 0x8f, 0xee]),
    (15105, [0xd1, 0x25, 0x6c, 0x23, 0x9f, 0x17, 0xaf, 0xe9, 0x97, 0x42, 0xc0, 0xc1, 0x40, 0x13, 0xe4, 0xb0]),
    (15106, [0x1b, 0xd7, 0x7b, 0xfa, 0x3d, 0x44, 0x67, 0xf8, 0xaa, 0xc6, 0x85, 0x58, 0xfd, 0x49, 0xa5, 0xe0]),
    (15107, [0xe3, 0x6b, 0xbd, 0x26, 0x6f, 0xf2, 0x05, 0x06, 0x91, 0x52, 0x2d, 0x8a, 0x80, 0x75, 0x70, 0x1f]),
    (15108, [0xba, 0xe6, 0x95, 0x47, 0xe1, 0xf3, 0xa9, 0x51, 0x63, 0xc2, 0x4d, 0xc6, 0x3d, 0x60, 0xce, 0xb3]),
    (15109, [0x28, 0xfb, 0x85, 0xaf, 0xb1, 0x5e, 0x3f, 0xb8, 0x28, 0x46, 0x3a, 0x19, 0xed, 0x3d, 0x6c, 0xef]),
    (15401, [0xee, 0xb1, 0xf2, 0x0d, 0xa3, 0xd6, 0x9d, 0xd2, 0x16, 0x81, 0x4e, 0x1f, 0x60, 0x57, 0x11, 0xe1]),
    (15402, [0x99, 0x21, 0xee, 0xf9, 0xb5, 0xff, 0x28, 0x0c, 0xbd, 0x55, 0xa6, 0x95, 0xb1, 0xac, 0x1d, 0xb8]),
    (15501, [0x68, 0x66, 0x05, 0xf0, 0x55, 0x00, 0x99, 0x8b, 0x3f, 0x7e, 0xf1, 0x7d, 0xd6, 0x60, 0x8f, 0x82]),
    (15541, [0xb4, 0xb9, 0x05, 0x3b, 0x6d, 0xc1, 0x73, 0x32, 0xd5, 0xe8, 0xea, 0x87, 0xdb, 0x77, 0x6b, 0x93]),
    (15561, [0x77, 0xd4, 0x3b, 0x34, 0x97, 0x6e, 0x02, 0xf1, 0x26, 0xe9, 0xd8, 0x62, 0x08, 0xe1, 0xd7, 0x61]),
    (15562, [0x0e, 0x6e, 0xe3, 0xe0, 0x5c, 0x74, 0x55, 0x78, 0x07, 0x5e, 0xd4, 0x5b, 0x5b, 0x17, 0xfe, 0xa6]),
    (15621, [0xb8, 0x94, 0x19, 0xb9, 0x15, 0x52, 0x40, 0x91, 0x9a, 0xe5, 0x72, 0xcf, 0x47, 0x91, 0x23, 0x98]),
    (15622, [0xe5, 0x39, 0xe4, 0x0f, 0x99, 0x2e, 0xfd, 0x2e, 0x30, 0x31, 0xdd, 0xd1, 0x53, 0xba, 0x16, 0xa0]),
    (15623, [0x7c, 0x22, 0xaa, 0x20, 0x5d, 0x0c, 0x5c, 0xdc, 0x27, 0x8f, 0x8d, 0x1d, 0x6a, 0x06, 0x04, 0x91]),
    (15624, [0xe1, 0x0d, 0xca, 0x30, 0xa5, 0x15, 0x5e, 0x47, 0xd4, 0xcd, 0xf4, 0xcf, 0xf0, 0xb1, 0xa0, 0x03]),
    (15625, [0x53, 0x76, 0x0c, 0x13, 0x0b, 0x3d, 0x1e, 0x9e, 0x13, 0x4c, 0x02, 0x43, 0x7a, 0xb3, 0x1f, 0x8c]),
    (15626, [0x77, 0x9a, 0x40, 0x12, 0xd0, 0x6d, 0x9d, 0x1c, 0x02, 0x66, 0x7c, 0xf7, 0x14, 0xc4, 0xb0, 0x1e]),
    (15627, [0xe8, 0xa4, 0x09, 0xbb, 0x48, 0x1a, 0x17, 0xfc, 0x46, 0x34, 0x7b, 0xb4, 0xa9, 0x65, 0xe4, 0x3b]),
    (15628, [0x28, 0xee, 0xd5, 0xd2, 0xc1, 0x9c, 0x9d, 0xd6, 0xb7, 0xff, 0x1b, 0x4e, 0x03, 0x85, 0x0a, 0x2e]),
    (15629, [0x02, 0x0e, 0x34, 0x14, 0x1c, 0xf2, 0x68, 0x76, 0x6c, 0x39, 0xac, 0x19, 0xab, 0x03, 0xf5, 0x3c]),
    (15630, [0x1e, 0x9b, 0x66, 0x6f, 0xd9, 0x7d, 0x7a, 0x26, 0x6f, 0x95, 0x7e, 0x22, 0xd3, 0xda, 0x33, 0x55]),
    (15631, [0x16, 0xd6, 0x2f, 0xd8, 0xad, 0x72, 0xa9, 0x83, 0x67, 0x44, 0xd7, 0xed, 0xb4, 0xde, 0x5e, 0xf4]),
    (15641, [0x43, 0xfa, 0x78, 0x4c, 0xde, 0x78, 0x44, 0x50, 0x8b, 0x93, 0x7f, 0xc1, 0xca, 0x26, 0xf9, 0xa9]),
    (15642, [0xb9, 0x64, 0x3c, 0xda, 0x6f, 0x0a, 0x41, 0xcf, 0x59, 0xa8, 0x54, 0x36, 0x59, 0x18, 0x88, 0x40]),
    (15643, [0x49, 0x90, 0x63, 0x7d, 0xba, 0x30, 0x9e, 0x56, 0x69, 0x9e, 0xe3, 0x32, 0x2a, 0x39, 0x17, 0xa9]),
    (15644, [0xba, 0x58, 0xad, 0x73, 0xf7, 0x32, 0x43, 0xfe, 0x8e, 0xbd, 0x8b, 0xd5, 0x91, 0x1e, 0x7c, 0xe1]),
    (15645, [0x97, 0xb9, 0x11, 0x79, 0xf2, 0x24, 0x0d, 0xda, 0x17, 0xde, 0xac, 0x67, 0xe7, 0x11, 0xb1, 0x47]),
    (15646, [0x64, 0x5b, 0x9a, 0xdc, 0x82, 0x23, 0x2b, 0x66, 0xf7, 0xc1, 0xff, 0xc8, 0xcb, 0xcd, 0xe4, 0x84]),
    (15647, [0x75, 0xc9, 0x9d, 0xc2, 0x73, 0x8b, 0x59, 0x21, 0x5b, 0x7b, 0x5e, 0xa0, 0x41, 0x21, 0x25, 0x70]),
    (15648, [0x97, 0x6f, 0x74, 0x58, 0xf7, 0x62, 0x8d, 0x38, 0x3c, 0xf6, 0x55, 0xdb, 0x64, 0x70, 0x24, 0x01]),
    (15649, [0x2b, 0xcb, 0x70, 0xbe, 0x72, 0x95, 0xfc, 0xce, 0x1f, 0x6c, 0x61, 0xb3, 0x89, 0x13, 0x01, 0x47]),
    (15650, [0x22, 0x21, 0xa1, 0x53, 0x2b, 0xf4, 0xbe, 0x01, 0x52, 0x0d, 0xf1, 0x16, 0x5d, 0x28, 0x2b, 0x38]),
    (15651, [0x4f, 0x68, 0xc6, 0x75, 0x71, 0x9e, 0xb9, 0x06, 0x02, 0xa3, 0xe6, 0xe2, 0xfd, 0x76, 0x01, 0x44]),
    (15652, [0xf1, 0xb5, 0x64, 0x4b, 0xa6, 0xb7, 0x24, 0x47, 0xaa, 0x89, 0xce, 0xa4, 0x2e, 0xe7, 0x5f, 0x70]),
    (15653, [0x1a, 0x11, 0x1d, 0x33, 0xd5, 0xe7, 0xa1, 0x61, 0xc3, 0x7d, 0x59, 0xcf, 0x38, 0x6d, 0x61, 0xa8]),
    (15654, [0x98, 0x26, 0xde, 0x56, 0x71, 0x57, 0xe1, 0xcc, 0x98, 0x69, 0xa4, 0xd1, 0xa4, 0x7f, 0xb8, 0x61]),
    (15655, [0x55, 0x73, 0x89, 0xd8, 0x25, 0x4d, 0x83, 0x7c, 0xd1, 0xef, 0x1d, 0x8f, 0x7d, 0x71, 0xc5, 0x95]),
    (15656, [0x47, 0xbe, 0xa0, 0x8e, 0x06, 0x3b, 0x78, 0xaa, 0xc1, 0x51, 0x9d, 0xaf, 0x25, 0x0c, 0x19, 0x09]),
    (15661, [0xc7, 0xf5, 0xd6, 0xce, 0x5b, 0xd0, 0x09, 0x04, 0xc3, 0x8e, 0x70, 0x5e, 0xe7, 0xc6, 0xe4, 0x72]),
    (15662, [0x10, 0x38, 0xe1, 0xc5, 0x44, 0x4c, 0x82, 0x2c, 0x56, 0xd5, 0xd8, 0x76, 0xb1, 0x5b, 0xdc, 0x8b]),
    (15663, [0x91, 0x1d, 0xae, 0xac, 0xd7, 0xd5, 0xc0, 0xe3, 0xb1, 0x9a, 0x1e, 0xde, 0x1e, 0xce, 0x4d, 0x9a]),
    (15664, [0x40, 0x5e, 0xa4, 0x87, 0x78, 0xb4, 0xc2, 0x18, 0x5a, 0x79, 0xd2, 0x3b, 0x6e, 0x30, 0x80, 0xf4]),
    (15665, [0xc1, 0x8f, 0xaf, 0x0f, 0xb7, 0xe4, 0x04, 0xe9, 0x53, 0x16, 0x01, 0x41, 0xb9, 0xcd, 0xc0, 0x05]),
    (15666, [0xc2, 0xb4, 0xbd, 0xe3, 0x2e, 0xf3, 0x0d, 0xaf, 0x76, 0xea, 0xa8, 0x26, 0xe8, 0xf0, 0x83, 0xff]),
    (15681, [0xc2, 0x10, 0xa0, 0x31, 0x0b, 0x9e, 0x11, 0x7b, 0x35, 0xb1, 0x4f, 0x31, 0x3c, 0x8c, 0x70, 0x0b]),
    (15682, [0x3b, 0x09, 0x3d, 0x2d, 0x3f, 0x83, 0x74, 0xb1, 0x0e, 0xab, 0xb5, 0xe9, 0xb1, 0x0c, 0x07, 0xd3]),
    (15683, [0x73, 0x0f, 0x58, 0xf6, 0x84, 0x2a, 0x5f, 0xbc, 0xff, 0xd0, 0xe5, 0x9e, 0xf6, 0xe9, 0xaf, 0x5f]),
    (15684, [0x66, 0xc0, 0x16, 0x46, 0xae, 0xa3, 0x4a, 0x4a, 0xec, 0xc1, 0xc6, 0xbe, 0x7c, 0x96, 0xfa, 0x17]),
    (15685, [0xc5, 0x52, 0x1f, 0xb7, 0xd9, 0x1c, 0x44, 0x35, 0xd0, 0xdf, 0x89, 0xe3, 0xac, 0xf8, 0x59, 0xb6]),
    (15686, [0xc8, 0xbb, 0x17, 0xa7, 0xba, 0xa2, 0x7b, 0x55, 0x8a, 0x44, 0x63, 0xe1, 0x18, 0xb6, 0x5f, 0x8c]),
    (15687, [0xf4, 0x4a, 0xfa, 0xb6, 0x1e, 0x38, 0x72, 0xc1, 0x44, 0x6f, 0x14, 0xed, 0xe0, 0x2e, 0x07, 0xa5]),
    (15688, [0x45, 0xeb, 0x4d, 0x07, 0x10, 0x4b, 0x4c, 0x93, 0x2b, 0x8e, 0x48, 0xf3, 0xe1, 0x77, 0x8b, 0x66]),
    (15689, [0x0b, 0x8b, 0xb9, 0x7b, 0x36, 0x93, 0x89, 0xa7, 0x5b, 0x68, 0x2e, 0xb9, 0x21, 0x3a, 0x8c, 0x41]),
    (15690, [0x6e, 0x75, 0x1f, 0xcc, 0x22, 0x00, 0xb5, 0xe4, 0xd3, 0x63, 0x70, 0x51, 0xe6, 0x69, 0x2e, 0x38]),
    (16451, [0xf1, 0x83, 0xe8, 0x45, 0xb8, 0xa0, 0xa3, 0x40, 0xcb, 0xd6, 0xf7, 0x92, 0x24, 0x27, 0xd7, 0xc1]),
    (16452, [0x4e, 0x18, 0x5b, 0xe9, 0xd1, 0x86, 0xa7, 0x92, 0xec, 0x1e, 0x1a, 0x03, 0xfe, 0xd3, 0x62, 0xc2]),
    (16453, [0xd7, 0x99, 0xd4, 0x7e, 0x9c, 0x37, 0x79, 0x95, 0x46, 0xf6, 0xf6, 0xe9, 0x57, 0xf0, 0x4b, 0xbf]),
    (16454, [0xe3, 0x4c, 0xe9, 0x7d, 0x2d, 0xc3, 0x2b, 0x73, 0xaf, 0x55, 0x36, 0xfd, 0x3f, 0x07, 0xed, 0xf0]),
    (16455, [0xfa, 0xe7, 0x57, 0x99, 0x61, 0x4e, 0x25, 0x2a, 0x6c, 0x3c, 0x5e, 0x84, 0xe9, 0xb8, 0x33, 0x63]),
    (16456, [0x61, 0x10, 0x04, 0xc5, 0x12, 0x85, 0xec, 0x56, 0xfe, 0x59, 0xcf, 0xce, 0xc7, 0x9f, 0x74, 0xd7]),
    (16457, [0xf9, 0xeb, 0xc9, 0x49, 0x22, 0x04, 0xda, 0xb9, 0x8b, 0x67, 0x25, 0x5b, 0xc6, 0xdf, 0x3e, 0x1e]),
    (16458, [0x48, 0xc8, 0x10, 0x30, 0x50, 0xc7, 0xd1, 0xe9, 0x1d, 0xfa, 0xd1, 0x45, 0x9f, 0x9d, 0x81, 0x02]),
    (16459, [0x93, 0x0c, 0x33, 0x5a, 0x9d, 0xee, 0x21, 0x0b, 0xee, 0x68, 0x9a, 0x17, 0x3b, 0x15, 0xff, 0x50]),
    (16461, [0x19, 0x45, 0xdd, 0x85, 0x66, 0xf8, 0x9c, 0x50, 0xce, 0x8e, 0x9b, 0xcc, 0xb3, 0x2b, 0x62, 0x43]),
    (16462, [0xa6, 0x3e, 0xa9, 0xf8, 0x3e, 0xac, 0x71, 0x16, 0xd2, 0x6c, 0x28, 0x0b, 0x0b, 0xae, 0xbf, 0xbf]),
    (16463, [0xd8, 0x02, 0xc8, 0x67, 0x82, 0x8b, 0xfb, 0x72, 0xf2, 0x3b, 0x04, 0x0b, 0x3b, 0x80, 0xce, 0xcf]),
    (16481, [0xfd, 0x6c, 0x31, 0x87, 0xb6, 0xe7, 0x55, 0x80, 0xc1, 0x6c, 0xd5, 0x65, 0xfd, 0x9a, 0xf6, 0xce]),
    (16482, [0x17, 0xe6, 0xa8, 0x15, 0x91, 0xe0, 0x32, 0xa3, 0xe6, 0xe9, 0x0d, 0xec, 0xc7, 0x27, 0x9b, 0x5c]),
    (16721, [0xf1, 0xed, 0x20, 0xd5, 0xbf, 0xa2, 0xa3, 0xec, 0x48, 0x78, 0x53, 0xe6, 0x78, 0xd7, 0xae, 0xea]),
    (16801, [0xc2, 0xee, 0x0d, 0x1f, 0x91, 0x1b, 0x89, 0xe7, 0xfb, 0xb5, 0x88, 0x85, 0xd3, 0x4f, 0x73, 0xba]),
    (16831, [0xe8, 0xd0, 0xc9, 0xcc, 0xad, 0x18, 0x96, 0xf2, 0xb4, 0xa2, 0x46, 0x64, 0x88, 0x16, 0xc0, 0x3c]),
    (16841, [0xb2, 0xe1, 0xed, 0x3b, 0x56, 0x07, 0x25, 0x13, 0xfc, 0xbc, 0xfe, 0x4a, 0xfc, 0x53, 0xf4, 0x90]),
    (16842, [0x31, 0x52, 0x3c, 0x3b, 0x56, 0x48, 0x4f, 0xdb, 0xb4, 0xbe, 0xa6, 0x99, 0xb7, 0x53, 0x56, 0x14]),
    (16843, [0xd3, 0xd6, 0x84, 0x45, 0xd9, 0x35, 0x16, 0x3e, 0xd3, 0x73, 0x87, 0x59, 0x94, 0xf6, 0xea, 0x45]),
    (16844, [0x9c, 0x98, 0x62, 0xb6, 0xea, 0xbe, 0x3b, 0x1c, 0x81, 0x1f, 0x78, 0x9f, 0xd2, 0xf3, 0x41, 0xea]),
    (16845, [0xfc, 0xe9, 0x10, 0x05, 0x75, 0x33, 0x58, 0xf0, 0x31, 0x75, 0xd8, 0xf7, 0xf2, 0xd0, 0xd5, 0x9b]),
    (16846, [0xd1, 0xa8, 0xe3, 0xa7, 0xa6, 0xc4, 0xaf, 0x6e, 0x63, 0x98, 0xfa, 0xa2, 0xcb, 0xc7, 0x6a, 0x1a]),
    (16847, [0x6b, 0xb9, 0x9c, 0xae, 0x3c, 0xd6, 0x5a, 0xbc, 0x98, 0x45, 0xb9, 0xfd, 0x0f, 0x7b, 0xf5, 0xea]),
    (16848, [0x7a, 0xe6, 0xec, 0x6c, 0xba, 0x9e, 0xb3, 0xbd, 0x4c, 0x16, 0x06, 0x70, 0xc0, 0x09, 0xa9, 0x82]),
    (16849, [0xb6, 0x29, 0xe0, 0x3c, 0x1c, 0xc9, 0xe1, 0x3e, 0x28, 0x1d, 0xb7, 0x37, 0x2f, 0x68, 0x9e, 0x3f]),
    (16851, [0x6b, 0x31, 0x2e, 0x38, 0xa3, 0x20, 0x69, 0xa7, 0xf9, 0xcc, 0x99, 0xd4, 0xd8, 0x98, 0x17, 0x65]),
    (16860, [0xad, 0x19, 0xbc, 0x55, 0x48, 0x63, 0xbd, 0xa6, 0xbc, 0xc5, 0x16, 0xba, 0xb1, 0x01, 0x1d, 0x92]),
    (16861, [0x51, 0x0b, 0x34, 0xe9, 0x07, 0x9b, 0x87, 0xa8, 0x1c, 0x7c, 0x2b, 0xaa, 0x27, 0xdd, 0x10, 0x1f]),
    (16862, [0x59, 0xc8, 0x6b, 0x35, 0xe1, 0xaa, 0xd5, 0x93, 0x34, 0x34, 0x2d, 0xb8, 0xd7, 0x99, 0x9e, 0x7b]),
    (16863, [0x71, 0x3a, 0xbf, 0x86, 0xbf, 0xdd, 0xeb, 0x8b, 0xaa, 0x5a, 0x9c, 0x0f, 0x62, 0xdd, 0x5c, 0xa9]),
    (16864, [0x93, 0x57, 0x70, 0x5a, 0xb5, 0xd9, 0x4a, 0x50, 0xe2, 0x78, 0xb1, 0x83, 0xbb, 0x72, 0x4e, 0x1b]),
    (16865, [0xfc, 0xf9, 0xd4, 0xce, 0x59, 0xe4, 0x6a, 0xb2, 0xb5, 0x28, 0x9c, 0x40, 0xe4, 0x64, 0x69, 0x37]),
    (16866, [0xb8, 0x5e, 0x89, 0xd0, 0x7d, 0x66, 0xe9, 0xd8, 0x0b, 0xfd, 0xa5, 0x17, 0x85, 0x17, 0x93, 0x95]),
    (16867, [0x21, 0xdf, 0xa9, 0x6b, 0xb6, 0x30, 0xc5, 0x0d, 0xb2, 0x7e, 0xb6, 0x9a, 0xfe, 0x4b, 0x83, 0x54]),
    (16868, [0x17, 0x76, 0x81, 0xad, 0x3c, 0xf4, 0x94, 0x37, 0x9f, 0x44, 0xfe, 0x7d, 0x5c, 0xd4, 0x1e, 0x99]),
    (16869, [0x58, 0x46, 0xfc, 0x20, 0x1b, 0x70, 0xb2, 0xb9, 0xe8, 0xc3, 0xc6, 0xbf, 0xdf, 0x1a, 0xd7, 0xe7]),
    (16870, [0x16, 0x5a, 0x68, 0x03, 0xea, 0x22, 0x9b, 0x45, 0x74, 0x88, 0x4a, 0xa7, 0x08, 0x03, 0x96, 0x9b]),
    (16871, [0x09, 0x52, 0xf2, 0x6c, 0x62, 0x65, 0xfa, 0xd8, 0x68, 0xa8, 0x6e, 0x4f, 0xd7, 0x61, 0x98, 0xd9]),
    (16880, [0x3d, 0xa4, 0x8c, 0x58, 0x0b, 0x37, 0x6a, 0x66, 0xad, 0x57, 0xdc, 0xf1, 0x48, 0xfd, 0x95, 0x65]),
    (16881, [0xc6, 0xe2, 0x0d, 0xe7, 0xd7, 0xb0, 0x03, 0x14, 0xce, 0x6a, 0x22, 0x33, 0x82, 0x96, 0xfb, 0x6e]),
    (16890, [0x20, 0x52, 0xa3, 0x00, 0x55, 0xd4, 0xef, 0xea, 0xad, 0x47, 0xb6, 0x38, 0xe0, 0x4b, 0x4a, 0xde]),
    (16891, [0x18, 0xca, 0x0d, 0x66, 0x04, 0x3b, 0x1a, 0xc3, 0xc9, 0xa5, 0x65, 0x96, 0x42, 0x96, 0x5e, 0xf5]),
    (16901, [0x27, 0xdf, 0x81, 0xb2, 0x75, 0x86, 0x1e, 0x48, 0x25, 0xcb, 0xb7, 0x67, 0x45, 0xe7, 0xc7, 0xff]),
    (17001, [0xce, 0x13, 0x94, 0x4d, 0x88, 0x48, 0xd0, 0x7c, 0xaf, 0xb8, 0xd5, 0xdc, 0xbb, 0xac, 0x30, 0xa6]),
    (17021, [0x48, 0x4e, 0x50, 0xeb, 0xa8, 0x5c, 0xaa, 0xbd, 0x3f, 0x21, 0x60, 0xc3, 0x3d, 0x0f, 0xe4, 0xf4]),
    (17082, [0xa7, 0x92, 0x71, 0x46, 0x09, 0x76, 0x84, 0xd8, 0x3e, 0xc7, 0x03, 0x87, 0x19, 0x8f, 0x89, 0xd5]),
    (17103, [0x6d, 0xe7, 0xa5, 0x90, 0x32, 0xc6, 0x77, 0x49, 0x92, 0x71, 0x39, 0x1f, 0x49, 0xec, 0x1b, 0xa8]),
    (17104, [0xb8, 0x84, 0xd4, 0x51, 0xa3, 0x79, 0x7f, 0x7f, 0x64, 0x33, 0x86, 0xe6, 0xc8, 0xba, 0xf8, 0x25]),
    (17105, [0xc1, 0x93, 0xd3, 0xed, 0x64, 0x30, 0xc8, 0xa9, 0xe7, 0x0c, 0xd1, 0x26, 0xfb, 0x6b, 0x2b, 0x71]),
    (17106, [0x62, 0x8a, 0x22, 0x93, 0x7f, 0x1c, 0x4e, 0x2e, 0x1b, 0xe8, 0x9c, 0x25, 0x2e, 0x4f, 0x07, 0xa1]),
    (17113, [0x89, 0x0b, 0xef, 0x58, 0x1e, 0x3b, 0x0c, 0xdd, 0xbc, 0x65, 0xcd, 0x13, 0xb7, 0x27, 0xa5, 0x63]),
    (17115, [0xe7, 0x96, 0xd8, 0xd4, 0x43, 0xef, 0x41, 0xb7, 0x72, 0x51, 0xa5, 0x8c, 0xf3, 0xf3, 0x06, 0xcb]),
    (17121, [0x62, 0x06, 0xdf, 0xb2, 0x00, 0x68, 0x00, 0xf2, 0x63, 0x5a, 0xd9, 0xcb, 0xba, 0x18, 0x3d, 0xba]),
    (17122, [0x20, 0x62, 0x95, 0x61, 0x53, 0x85, 0x5f, 0x96, 0x7f, 0x39, 0x57, 0x21, 0xcc, 0x1b, 0x66, 0x02]),
    (17132, [0x7f, 0xb3, 0xc9, 0x6d, 0x4d, 0x87, 0xc3, 0x30, 0x38, 0x09, 0x5b, 0xdb, 0x6a, 0x3d, 0x00, 0xbe]),
    (17133, [0xd5, 0x0a, 0x56, 0x9f, 0x03, 0x6f, 0x7e, 0xd6, 0x6d, 0xc3, 0x4d, 0xf4, 0x85, 0x66, 0xc1, 0x15]),
    (17134, [0xba, 0x71, 0xc1, 0x27, 0x1f, 0xf1, 0x22, 0xaf, 0xd9, 0x44, 0x91, 0x44, 0xf3, 0x8f, 0x1c, 0xf4]),
    (17135, [0xfa, 0xd2, 0x42, 0xae, 0x65, 0xd5, 0xb2, 0xa6, 0x97, 0x51, 0x64, 0x65, 0xe1, 0x24, 0x75, 0x40]),
    (17136, [0x1b, 0x2f, 0x56, 0xa0, 0xfd, 0x11, 0x78, 0xb4, 0xec, 0xe5, 0x76, 0xbd, 0x46, 0x21, 0xd9, 0xaf]),
    (17201, [0x00, 0x7f, 0x45, 0x12, 0x3d, 0xd0, 0xeb, 0x4e, 0x08, 0xf4, 0x11, 0x16, 0x36, 0xc8, 0x5d, 0xfd]),
    (17202, [0x6d, 0xe3, 0xa4, 0xf6, 0xb0, 0x51, 0xf6, 0x77, 0x30, 0xd9, 0xfc, 0x4d, 0xf4, 0x50, 0x7a, 0x95]),
    (17203, [0x10, 0xae, 0x97, 0xb8, 0x77, 0xc6, 0xeb, 0xff, 0x08, 0xea, 0xde, 0xea, 0x9b, 0x06, 0xd1, 0xd1]),
    (17204, [0x39, 0xe4, 0x9f, 0x1d, 0xc0, 0x56, 0x5a, 0xb4, 0x8d, 0x7e, 0xb2, 0xcf, 0x60, 0x50, 0xe8, 0x5e]),
    (17205, [0x16, 0x62, 0x5d, 0x1a, 0xd3, 0x63, 0xd9, 0x97, 0x71, 0x9e, 0x9e, 0xbc, 0x5f, 0xd0, 0x06, 0x70]),
    (17206, [0x6c, 0x53, 0x00, 0x40, 0xcd, 0xf2, 0x87, 0xab, 0x1b, 0x83, 0xad, 0x8b, 0xaf, 0x8d, 0xe1, 0xf0]),
    (17207, [0x80, 0x51, 0x35, 0x59, 0xc3, 0x3f, 0x79, 0xee, 0x98, 0x43, 0x74, 0x36, 0x65, 0x5e, 0x68, 0xf7]),
    (17208, [0x87, 0xb7, 0x6f, 0x20, 0x1e, 0x05, 0xea, 0x92, 0xa7, 0x20, 0xbd, 0x9c, 0xcb, 0xca, 0x36, 0x40]),
    (17209, [0xe3, 0xa5, 0xbb, 0xfd, 0x39, 0x21, 0xbc, 0x06, 0x5e, 0x02, 0xb6, 0x96, 0x5b, 0x7f, 0xbe, 0x49]),
    (17210, [0x34, 0x3b, 0xaf, 0xbc, 0x34, 0xe4, 0x82, 0x11, 0xdf, 0x76, 0xb7, 0x0e, 0x62, 0x54, 0xf5, 0xb6]),
    (17220, [0x12, 0xc2, 0xce, 0x8e, 0x77, 0x64, 0x93, 0xee, 0xbe, 0x68, 0x4f, 0xbd, 0x66, 0x52, 0x52, 0x7a]),
    (17451, [0xfc, 0xb4, 0x8f, 0x0c, 0xa0, 0xa1, 0xdd, 0x65, 0x95, 0x17, 0x11, 0xfc, 0xca, 0xa5, 0x7b, 0x2a]),
    (17452, [0x94, 0x0e, 0x8d, 0x74, 0x14, 0x43, 0x23, 0xb9, 0xcf, 0x79, 0xbe, 0xa3, 0xad, 0x74, 0xf1, 0x04]),
    (17453, [0x88, 0x8e, 0x85, 0x76, 0x66, 0x2b, 0x26, 0x83, 0x22, 0x44, 0x37, 0xe0, 0x2e, 0x6b, 0x1f, 0xd0]),
    (17454, [0x04, 0xe5, 0x7f, 0x3e, 0xc1, 0x60, 0x8f, 0x05, 0xcd, 0x7b, 0x8f, 0x37, 0xf3, 0x50, 0xc7, 0xc8]),
    (17455, [0x67, 0xff, 0x7f, 0x2b, 0x2a, 0x1f, 0xc1, 0x71, 0xae, 0xc6, 0xbc, 0x04, 0x2a, 0xdb, 0x3a, 0xe3]),
    (17456, [0x03, 0x21, 0xb7, 0xab, 0x06, 0xb2, 0x32, 0xe5, 0xee, 0xde, 0xef, 0x3f, 0x5f, 0x79, 0x82, 0xea]),
    (17457, [0x2a, 0xe1, 0x6c, 0x5a, 0xc0, 0x04, 0xf1, 0x3f, 0xbc, 0x03, 0x4c, 0x60, 0x82, 0x19, 0x3e, 0x54]),
    (17458, [0xae, 0x5f, 0x37, 0x8d, 0xf5, 0xce, 0x14, 0xfe, 0x52, 0x7c, 0x86, 0x3a, 0xb1, 0xc2, 0x51, 0x12]),
    (17459, [0xcc, 0x28, 0xe3, 0xf0, 0xf9, 0xc5, 0x15, 0x08, 0xd9, 0x08, 0x4b, 0x22, 0xcd, 0xd5, 0x4a, 0x47]),
    (17531, [0x6c, 0x34, 0xc6, 0x3e, 0xd5, 0x95, 0x87, 0x31, 0x2e, 0x30, 0x45, 0x67, 0xaa, 0x98, 0xf2, 0x7d]),
    (17551, [0xde, 0xdd, 0x5b, 0x32, 0x58, 0x96, 0xa8, 0xd1, 0xea, 0x74, 0x72, 0x03, 0x78, 0x49, 0xdf, 0x60]),
    (17571, [0xd0, 0xcc, 0xfa, 0xf8, 0x3d, 0x03, 0xbe, 0xb4, 0x00, 0x9c, 0x94, 0x9d, 0xf1, 0x51, 0x5f, 0xac]),
    (17711, [0xf9, 0x34, 0x0e, 0x93, 0x8e, 0x8d, 0xf5, 0x89, 0x1f, 0xdb, 0x9c, 0x3f, 0x4a, 0x10, 0x86, 0x44]),
    (17712, [0xac, 0x35, 0x41, 0xe0, 0x58, 0xde, 0x74, 0xdb, 0x27, 0x63, 0x82, 0xaa, 0xf6, 0x37, 0xa5, 0xa3]),
    (17713, [0x2b, 0xc7, 0x17, 0xc4, 0xd8, 0x1a, 0xe3, 0x4b, 0x8f, 0x30, 0x3f, 0x45, 0x73, 0xc3, 0x21, 0x2a]),
    (17714, [0x74, 0x19, 0x4a, 0x05, 0x1a, 0xaa, 0xec, 0xc6, 0x4f, 0xca, 0x60, 0x64, 0x11, 0x44, 0xa4, 0x81]),
    (17715, [0x2e, 0xff, 0x25, 0xe7, 0x35, 0x2f, 0x9a, 0xdf, 0x55, 0xf6, 0x93, 0x99, 0x9e, 0xe7, 0x04, 0xc2]),
    (17716, [0x13, 0x0f, 0xd1, 0xea, 0x91, 0x2b, 0x5d, 0x56, 0x4a, 0xd1, 0x8a, 0x77, 0x00, 0x05, 0x49, 0xb4]),
    (17741, [0xdd, 0xcb, 0x58, 0xf1, 0xe3, 0xcb, 0x6d, 0x22, 0xcd, 0x2d, 0x59, 0xc6, 0x06, 0x07, 0x7c, 0xf6]),
    (17742, [0x48, 0xce, 0x60, 0xae, 0x95, 0xe8, 0x7b, 0xa3, 0x91, 0x70, 0x99, 0x91, 0x13, 0x9d, 0xfe, 0x69]),
    (17743, [0x88, 0x43, 0x13, 0x35, 0x97, 0x0a, 0xa4, 0x48, 0x3a, 0x88, 0xdf, 0xd9, 0x84, 0xa9, 0x31, 0x62]),
    (18071, [0x01, 0x7c, 0xc6, 0x04, 0xd1, 0x74, 0xcb, 0x36, 0xfd, 0x1f, 0x4c, 0x38, 0x14, 0x2a, 0x4e, 0xdf]),
    (18072, [0x9b, 0x7d, 0xf2, 0xd3, 0x15, 0x42, 0x08, 0x37, 0x05, 0x3c, 0xcf, 0x40, 0xb1, 0x8c, 0xb8, 0x30]),
    (18080, [0xb0, 0x3b, 0x3d, 0xe3, 0x3c, 0xd0, 0xfc, 0xe4, 0xe8, 0xec, 0x78, 0x7a, 0xce, 0xea, 0xd2, 0xdb]),
    (18081, [0x2b, 0xe0, 0xd5, 0x08, 0x21, 0x37, 0xe3, 0x25, 0xcd, 0xdc, 0x7e, 0x30, 0x2b, 0x59, 0xcc, 0x11]),
    (18111, [0x09, 0x4c, 0xd4, 0xd3, 0x6b, 0x69, 0x95, 0x13, 0xba, 0x84, 0xc2, 0x16, 0x9a, 0x8c, 0xc0, 0x43]),
    (18112, [0x85, 0x63, 0x0e, 0xc6, 0x78, 0x78, 0x7b, 0x2c, 0x21, 0x21, 0xdb, 0x4d, 0x0e, 0x4a, 0x02, 0xa4]),
    (18121, [0x21, 0x04, 0x3b, 0xe7, 0x76, 0xd2, 0x8c, 0xb1, 0x59, 0xd7, 0x1e, 0x98, 0x85, 0x8a, 0x11, 0x95]),
    (18122, [0x45, 0x78, 0xcc, 0x22, 0x9b, 0x61, 0x71, 0x6e, 0xb5, 0x88, 0x78, 0x74, 0xff, 0xb1, 0x3a, 0xfa]),
    (18409, [0xb6, 0x62, 0xa0, 0x45, 0x43, 0x28, 0x50, 0x8c, 0xf2, 0x25, 0x81, 0x05, 0xf5, 0x8f, 0x1e, 0xea]),
    (18501, [0x7d, 0xc6, 0xbc, 0x63, 0xbe, 0x56, 0xb3, 0x0d, 0x2d, 0xfc, 0x17, 0x9e, 0x3c, 0x6b, 0xa8, 0xd8]),
    (18502, [0x70, 0x0f, 0x12, 0x2e, 0x8a, 0xdc, 0xd1, 0xcc, 0x88, 0xf9, 0x58, 0x3c, 0xf8, 0xc1, 0x89, 0x9c]),
    (18503, [0x1d, 0xe2, 0x5a, 0x54, 0xaa, 0x42, 0xe8, 0x14, 0x0f, 0xd3, 0x82, 0xef, 0xd9, 0x79, 0x27, 0xdb]),
    (18504, [0x96, 0x70, 0x6f, 0xd5, 0x9a, 0x28, 0x2a, 0x5a, 0x5b, 0x73, 0x96, 0x1b, 0xcc, 0xdd, 0x0b, 0x8f]),
    (18505, [0x26, 0x9a, 0x25, 0xa5, 0x6a, 0x4e, 0xbd, 0xe8, 0xde, 0x7a, 0xc2, 0x1a, 0x70, 0xe9, 0xfb, 0xfe]),
    (18506, [0x66, 0x54, 0x78, 0x4b, 0x64, 0x0b, 0x3c, 0x85, 0xa9, 0x09, 0x5d, 0x28, 0x05, 0x0d, 0x5c, 0x0b]),
    (18507, [0x55, 0xd8, 0xd9, 0x83, 0x22, 0x4b, 0x31, 0xca, 0xe6, 0x4f, 0x5e, 0x31, 0x65, 0xd6, 0x5e, 0x6b]),
    (18508, [0x36, 0x8d, 0xe5, 0x47, 0xd2, 0xb3, 0xb1, 0xec, 0x47, 0x4b, 0xaa, 0x98, 0xea, 0xb5, 0x9b, 0xc3]),
    (18509, [0x71, 0x57, 0x20, 0x2d, 0x73, 0x34, 0x42, 0x6d, 0xbb, 0x3b, 0xd9, 0x7d, 0x77, 0x60, 0x5c, 0x5a]),
    (18511, [0x51, 0x5d, 0x0c, 0xe3, 0x05, 0xcc, 0xa8, 0x54, 0xdc, 0x39, 0x25, 0xf9, 0xb4, 0xad, 0x51, 0xfd]),
    (18520, [0xc3, 0x85, 0xd4, 0xb0, 0x60, 0xb5, 0xa5, 0xe6, 0x43, 0xb2, 0x72, 0xa3, 0xe1, 0xbb, 0xcb, 0x0b]),
    (18521, [0x9d, 0xf3, 0x4d, 0xa9, 0x86, 0x01, 0xc3, 0x8a, 0x49, 0x8f, 0xc4, 0x7a, 0xef, 0xec, 0x17, 0x47]),
    (18522, [0xc9, 0x6d, 0x40, 0xe8, 0xa5, 0x6a, 0x0e, 0x91, 0x73, 0xd1, 0x87, 0x32, 0x4f, 0xce, 0x41, 0x87]),
    (18701, [0x09, 0x19, 0x00, 0xb9, 0x18, 0x7f, 0x3d, 0xc3, 0x75, 0x7f, 0xf7, 0x8c, 0xd9, 0x15, 0x36, 0xdd]),
    (18702, [0xf5, 0xa0, 0x1b, 0xa7, 0xeb, 0x6a, 0xfe, 0x67, 0x59, 0x32, 0xae, 0xfc, 0x38, 0x2e, 0x23, 0xe1]),
    (19002, [0x26, 0xa1, 0x16, 0x33, 0xc4, 0xdc, 0x1d, 0xb0, 0x7c, 0xa0, 0x7b, 0x25, 0x57, 0x62, 0x59, 0xda]),
    (19003, [0xd6, 0x50, 0xb5, 0xf6, 0x37, 0xae, 0x5a, 0x4c, 0xe5, 0x72, 0x85, 0xb8, 0x6c, 0x68, 0x7e, 0x05]),
    (19004, [0x9b, 0xe8, 0xa9, 0xa2, 0x35, 0x16, 0xa3, 0xb0, 0x94, 0xbe, 0x93, 0x3f, 0xb3, 0xc9, 0x0b, 0xaf]),
    (19005, [0xd1, 0x1f, 0x4d, 0x9a, 0x5d, 0x64, 0x50, 0x1d, 0xdb, 0x32, 0x22, 0x1b, 0x81, 0xb2, 0xbb, 0xdf]),
    (19006, [0xc8, 0xaa, 0x74, 0xf0, 0xc6, 0xd8, 0x9d, 0x10, 0x3d, 0x25, 0x01, 0x4e, 0xbb, 0x8e, 0x03, 0xd0]),
    (19101, [0xd5, 0xdb, 0x32, 0xef, 0x84, 0x6c, 0x75, 0x15, 0x20, 0x7f, 0x83, 0xea, 0x48, 0xa3, 0x76, 0x58]),
    (19321, [0xba, 0x8b, 0xd3, 0x16, 0x61, 0xc3, 0x08, 0x9b, 0x23, 0xa2, 0x64, 0x27, 0x1e, 0x4b, 0x49, 0x23]),
    (19331, [0xf4, 0xac, 0xf0, 0x4e, 0x49, 0x91, 0xcc, 0x6e, 0x1a, 0x41, 0x0f, 0xad, 0xc9, 0x1e, 0xcc, 0x7c]),
    (20201, [0xcf, 0xcf, 0xf1, 0xf3, 0x7e, 0x88, 0xd9, 0x43, 0x41, 0xe5, 0x25, 0x1f, 0xc4, 0x7b, 0x9c, 0xc2]),
    (20511, [0x62, 0xc3, 0x57, 0x08, 0x5e, 0x8d, 0x05, 0x5a, 0xeb, 0xfb, 0x0c, 0x4e, 0xff, 0xf2, 0xb5, 0x96]),
    (20512, [0x74, 0xf4, 0xa9, 0x73, 0x4a, 0xc3, 0xab, 0x60, 0xfb, 0x09, 0x0b, 0xad, 0xa1, 0x89, 0xda, 0x48]),
    (20513, [0x2d, 0x75, 0xaf, 0xb3, 0x6e, 0x5d, 0xe7, 0xaf, 0x14, 0x5d, 0xeb, 0xb3, 0xe9, 0x00, 0xaf, 0xdd]),
    (20514, [0xe7, 0x98, 0x8b, 0x35, 0xa7, 0x02, 0xfd, 0x51, 0x18, 0xa0, 0xe4, 0xc9, 0xcb, 0x3d, 0x8f, 0xa9]),
    (20515, [0xbf, 0x16, 0x8f, 0x08, 0xe8, 0xdb, 0x2f, 0x4c, 0x7c, 0x42, 0x3d, 0x50, 0x22, 0xb0, 0xfa, 0x6b]),
    (20516, [0x41, 0xda, 0x67, 0x56, 0x9d, 0xfb, 0xe9, 0xac, 0xfc, 0x96, 0x80, 0x1a, 0xa1, 0x9a, 0xa2, 0x05]),
    (20571, [0x6a, 0x38, 0xe9, 0xb0, 0xb6, 0xc0, 0x88, 0x41, 0x0f, 0x40, 0x5f, 0x15, 0x50, 0x10, 0x9e, 0x2e]),
    (20821, [0x7f, 0x27, 0x98, 0x67, 0xfb, 0x40, 0xd7, 0xdb, 0x55, 0x39, 0x00, 0x5d, 0x05, 0x40, 0x28, 0x28]),
    (20822, [0x57, 0x01, 0x8e, 0x9d, 0x09, 0x98, 0xd9, 0xcf, 0x90, 0x22, 0xfb, 0xc6, 0xb0, 0x80, 0x9a, 0x00]),
    (20823, [0x0a, 0x53, 0xcd, 0x16, 0x41, 0x6b, 0xee, 0xd1, 0x8d, 0x78, 0x04, 0xa9, 0xac, 0x24, 0x18, 0xe4]),
    (20824, [0xce, 0x51, 0xf8, 0xbf, 0xdb, 0x87, 0x59, 0x2f, 0xea, 0xd7, 0x06, 0x43, 0x6b, 0xed, 0xcd, 0x21]),
    (20825, [0xe1, 0x36, 0xdb, 0xcf, 0xd8, 0x39, 0xae, 0x45, 0x56, 0x42, 0x61, 0xe9, 0x1e, 0xd7, 0x24, 0x17]),
    (20826, [0x75, 0x84, 0xaf, 0x47, 0xbc, 0x29, 0xc1, 0xf1, 0xc7, 0xcb, 0xa3, 0x2f, 0x4c, 0xae, 0xbc, 0x12]),
    (20827, [0xab, 0x1d, 0x7f, 0xd2, 0x0f, 0xcd, 0x5c, 0xbc, 0x84, 0xf4, 0xdd, 0xb5, 0x66, 0x7f, 0xa0, 0xb5]),
    (20841, [0xc7, 0xa7, 0x7e, 0x66, 0x74, 0xca, 0x84, 0x00, 0xee, 0x1f, 0x95, 0x86, 0xf7, 0x31, 0x16, 0x53]),
    (20901, [0x93, 0x9e, 0x75, 0xc5, 0xd2, 0x52, 0x46, 0x91, 0x89, 0x86, 0x06, 0xd1, 0x42, 0x26, 0x28, 0xaa]),
    (20902, [0xdb, 0x1c, 0x5b, 0x21, 0xd8, 0x68, 0x3b, 0x58, 0xfe, 0x98, 0x1b, 0x74, 0xce, 0xf3, 0x6d, 0x56]),
    (20903, [0xee, 0x7a, 0x10, 0x21, 0x28, 0x07, 0xb0, 0xb6, 0x04, 0x71, 0x40, 0xf9, 0xd3, 0x5d, 0xae, 0x6b]),
    (20904, [0x9f, 0xb4, 0x1a, 0xab, 0xab, 0xa8, 0xfc, 0x8b, 0x0d, 0xbd, 0x97, 0xea, 0x3a, 0x14, 0xb3, 0x46]),
    (20905, [0xcb, 0x8c, 0x9b, 0x6c, 0x0c, 0xd2, 0xa4, 0xab, 0x02, 0x23, 0x67, 0xc6, 0x1b, 0x9e, 0x29, 0x28]),
    (20906, [0xc7, 0x26, 0x06, 0x95, 0x23, 0x4d, 0x2a, 0x9f, 0x61, 0x7c, 0xe1, 0x8a, 0x92, 0x80, 0x61, 0x16]),
    (20907, [0x38, 0x2f, 0x2a, 0x0e, 0xff, 0x30, 0xd7, 0x80, 0xc0, 0x3a, 0x3a, 0xb6, 0xdc, 0x27, 0xad, 0x48]),
    (20908, [0xee, 0x21, 0x63, 0xdc, 0x46, 0x60, 0xe1, 0xbe, 0xac, 0x64, 0xde, 0x46, 0x95, 0x2c, 0x60, 0x82]),
    (20909, [0x49, 0x38, 0x4e, 0x18, 0xa4, 0x63, 0x4c, 0x11, 0xf2, 0xa0, 0xd3, 0x54, 0xca, 0x4e, 0x6c, 0x50]),
    (20910, [0xd9, 0xae, 0xca, 0xe4, 0x0c, 0xfd, 0x17, 0xa9, 0xfa, 0x8c, 0xa8, 0x00, 0x8b, 0x55, 0xf8, 0x43]),
    (20911, [0x37, 0x7c, 0x71, 0x94, 0xc8, 0x74, 0xd0, 0xf1, 0xbc, 0xdf, 0xe9, 0xfb, 0x15, 0x70, 0x3a, 0x4a]),
    (20912, [0xfc, 0x45, 0x42, 0xf7, 0x98, 0x1e, 0x6f, 0xf2, 0x7d, 0xbd, 0x7b, 0x3c, 0xe1, 0xeb, 0x68, 0x5d]),
    (20913, [0x65, 0x44, 0xe9, 0x21, 0x5f, 0xae, 0x32, 0xec, 0xb7, 0x86, 0xee, 0x11, 0x98, 0xb6, 0x09, 0xb0]),
    (20921, [0xad, 0x7d, 0xe9, 0xd1, 0x8e, 0x91, 0x12, 0x53, 0xb6, 0x48, 0xd3, 0xfe, 0xef, 0x95, 0xfb, 0xc2]),
    (20922, [0x6b, 0x05, 0xc5, 0x58, 0x90, 0x56, 0xfe, 0xef, 0x2b, 0x3c, 0x0e, 0x6b, 0xe9, 0xe4, 0x4d, 0x7e]),
    (20932, [0xe6, 0xb3, 0xf1, 0x74, 0x6c, 0x61, 0xa0, 0x4e, 0x94, 0x2c, 0x70, 0xda, 0x9d, 0xca, 0x63, 0xfb]),
    (20937, [0x2c, 0xae, 0x07, 0xc9, 0xd8, 0xff, 0xe1, 0x6e, 0x15, 0x9e, 0x3d, 0x8a, 0x26, 0xc3, 0xe5, 0x2a]),
    (20938, [0xd8, 0x35, 0x38, 0x17, 0x53, 0x93, 0xcb, 0xd9, 0xe7, 0xf3, 0xf2, 0xb5, 0x35, 0x78, 0x45, 0x2c]),
    (21031, [0x57, 0x5a, 0x72, 0xc7, 0xb5, 0x6d, 0x7a, 0x61, 0xf0, 0xd6, 0xea, 0x9c, 0x30, 0xd8, 0x2f, 0xee]),
    (21041, [0x62, 0x8c, 0x2b, 0x72, 0xf5, 0xd0, 0x73, 0x32, 0xa8, 0xb6, 0xcd, 0xed, 0x56, 0x7d, 0xf3, 0xba]),
    (21101, [0x2b, 0xc3, 0x57, 0x5b, 0xbc, 0xea, 0xfd, 0xd2, 0x01, 0xef, 0xff, 0x41, 0x91, 0xdb, 0x1e, 0x25]),
    (21102, [0xb8, 0x6f, 0x14, 0x7c, 0x3b, 0x2e, 0x68, 0x7b, 0x56, 0xb2, 0x5d, 0xd7, 0x7c, 0xc1, 0x31, 0xe3]),
    (21103, [0xf8, 0x51, 0x85, 0x9f, 0x9b, 0x6b, 0x6c, 0x67, 0x18, 0x94, 0xb7, 0x69, 0x80, 0xea, 0x14, 0x2a]),
    (21104, [0xc4, 0x65, 0x4f, 0xe0, 0xc0, 0x6f, 0xff, 0x5a, 0xaa, 0xa4, 0x47, 0x75, 0xc8, 0x19, 0x1c, 0xf5]),
    (21105, [0x86, 0x58, 0x3c, 0x49, 0xbf, 0xaa, 0x8e, 0xc7, 0xd0, 0xfc, 0x52, 0x9a, 0x98, 0x14, 0xc6, 0xc6]),
    (21106, [0x21, 0x52, 0xc4, 0xb7, 0x44, 0x06, 0xdf, 0xbf, 0x10, 0xee, 0xcd, 0xb3, 0x65, 0xa4, 0x59, 0xba]),
    (21107, [0x7c, 0x3e, 0xb8, 0xf7, 0x07, 0x64, 0xbb, 0x5c, 0xc7, 0xf3, 0x24, 0xbd, 0x40, 0x5f, 0x3e, 0x14]),
    (21108, [0xa5, 0x18, 0xb4, 0x63, 0x39, 0x7b, 0xcb, 0x81, 0x68, 0x16, 0xcc, 0x8c, 0x01, 0x59, 0xd4, 0x72]),
    (21109, [0x7b, 0x16, 0xe3, 0xcd, 0x51, 0x2e, 0xd1, 0xd3, 0xbd, 0xfa, 0x0d, 0xd8, 0x91, 0xbc, 0x30, 0xf7]),
    (21131, [0xb7, 0xf3, 0xf7, 0x55, 0x73, 0x82, 0x4a, 0x75, 0x1a, 0x65, 0x7f, 0x40, 0x35, 0x61, 0x1e, 0x6c]),
    (21141, [0x62, 0xd6, 0x42, 0x5c, 0x35, 0x67, 0xf0, 0xe2, 0xcb, 0xf0, 0xe0, 0x14, 0x82, 0x24, 0x97, 0x1f]),
    (21150, [0xdf, 0x8a, 0x04, 0xd1, 0xbb, 0x46, 0xad, 0x5b, 0x62, 0x79, 0x33, 0x19, 0x7f, 0x6c, 0x0e, 0x31]),
    (21160, [0xbc, 0xb7, 0x5d, 0x2c, 0xf6, 0x07, 0xa1, 0xf9, 0x89, 0xa0, 0x65, 0xd9, 0x91, 0x93, 0x49, 0x78]),
    (21171, [0x5b, 0x22, 0xc4, 0x37, 0x66, 0x19, 0x76, 0x1e, 0x65, 0xe4, 0xac, 0xd0, 0x2a, 0x38, 0xd1, 0xb4]),
    (21172, [0x34, 0x9f, 0xc3, 0xee, 0xb2, 0x56, 0x4d, 0xe5, 0x72, 0xdf, 0x69, 0x59, 0x0d, 0xfc, 0xee, 0xbf]),
    (21173, [0x83, 0x5d, 0x98, 0xda, 0x56, 0x2a, 0x2e, 0x51, 0xb4, 0x35, 0x3b, 0x01, 0x8f, 0xd8, 0x8b, 0x34]),
    (21174, [0x26, 0xb9, 0x4b, 0x27, 0x80, 0x81, 0xc3, 0x04, 0xe3, 0xb3, 0xa2, 0x67, 0x5a, 0x15, 0x7d, 0xde]),
    (21175, [0x4f, 0xe5, 0x9a, 0xd2, 0xd0, 0x29, 0xfc, 0x8b, 0x23, 0xaa, 0x56, 0x55, 0xbe, 0xaa, 0xd3, 0xbf]),
    (21176, [0x6a, 0x67, 0x06, 0x15, 0x25, 0xc6, 0xdc, 0xa9, 0x4a, 0x60, 0xb8, 0x92, 0xcb, 0x7c, 0x44, 0x42]),
    (21177, [0xa2, 0xa5, 0x57, 0x31, 0x9c, 0xf8, 0x2c, 0x98, 0x25, 0x4c, 0xa0, 0x6f, 0x63, 0x07, 0x2d, 0xe1]),
    (21178, [0x56, 0x76, 0x1d, 0xe9, 0x74, 0x9e, 0x7a, 0x55, 0xb1, 0xd2, 0xb7, 0x80, 0x79, 0xd0, 0xa2, 0x5d]),
    (21181, [0xa0, 0xf7, 0xd7, 0x80, 0x29, 0x63, 0xdd, 0x51, 0xa1, 0x97, 0xee, 0xa5, 0xca, 0x05, 0x80, 0x52]),
    (21182, [0x42, 0xb5, 0x95, 0x0d, 0x6e, 0x30, 0x13, 0x9a, 0xae, 0xab, 0x9c, 0x20, 0x2c, 0x6a, 0xb1, 0xbd]),
    (21183, [0x7b, 0xff, 0x36, 0xcd, 0x29, 0xc7, 0xf2, 0x34, 0xcb, 0x6f, 0x04, 0xfb, 0xba, 0xe7, 0x24, 0x19]),
    (21184, [0x97, 0x22, 0x02, 0x23, 0x70, 0xf2, 0xff, 0xc8, 0xb5, 0x23, 0x38, 0xde, 0x32, 0x64, 0x24, 0x69]),
    (21185, [0x97, 0x56, 0x50, 0xe3, 0x5b, 0xe1, 0xcf, 0x14, 0x5a, 0x0b, 0x56, 0xa9, 0x0e, 0xe7, 0x83, 0x16]),
    (21186, [0x3a, 0xa2, 0x0c, 0xa7, 0xc2, 0x43, 0xfb, 0x2a, 0x6d, 0x41, 0x19, 0xa3, 0x4f, 0x40, 0xa6, 0xc2]),
    (21187, [0x34, 0xf1, 0x5d, 0x0d, 0xd0, 0x70, 0x35, 0xe5, 0x48, 0xed, 0x5e, 0xd1, 0xc6, 0x1d, 0x11, 0xb8]),
    (21188, [0x10, 0xfb, 0x29, 0xf6, 0xde, 0x6b, 0xd7, 0xb0, 0x3d, 0xdd, 0xc2, 0x78, 0x28, 0xad, 0xbc, 0x3f]),
    (21661, [0x33, 0xcf, 0xb1, 0x5b, 0x31, 0x10, 0x5f, 0x5a, 0xd0, 0x87, 0xfa, 0x7c, 0xe9, 0x2d, 0xb7, 0x89]),
    (21681, [0x91, 0xb5, 0xd4, 0x41, 0x35, 0x66, 0x43, 0xc4, 0xc7, 0xf0, 0x0f, 0xf5, 0x52, 0xb0, 0xb6, 0x78]),
    (21901, [0xaa, 0x54, 0x0d, 0xfe, 0x84, 0x63, 0xb1, 0x84, 0xfb, 0x51, 0x90, 0xde, 0x05, 0xe4, 0x53, 0xa8]),
    (21962, [0x5a, 0xda, 0x94, 0xdc, 0x5e, 0x86, 0x6d, 0x7f, 0x10, 0xf5, 0x59, 0x0a, 0xcf, 0x1b, 0x01, 0xff]),
    (21963, [0x71, 0x96, 0xfe, 0x49, 0xf7, 0xbf, 0xf3, 0xa7, 0x6c, 0x39, 0x8e, 0xd7, 0x8a, 0x83, 0xf6, 0x4d]),
    (21964, [0xd0, 0x8d, 0x48, 0xfc, 0x05, 0xd1, 0x57, 0xb5, 0x94, 0x2b, 0xb5, 0xb1, 0x2d, 0xb2, 0xcf, 0xc5]),
    (21971, [0xd6, 0x90, 0xb8, 0xfe, 0xd4, 0xba, 0xe0, 0x47, 0x87, 0x09, 0x3c, 0x48, 0x5b, 0x14, 0x42, 0x98]),
    (21972, [0xbe, 0x7a, 0xfa, 0x68, 0x33, 0x49, 0xa2, 0xf1, 0xe3, 0x55, 0x46, 0x0c, 0xbe, 0x26, 0x71, 0xff]),
    (21973, [0xb2, 0x68, 0x7f, 0x72, 0x46, 0x70, 0x62, 0x2b, 0xae, 0x75, 0xa9, 0x29, 0x09, 0xd2, 0xfc, 0x4e]),
    (21974, [0xf9, 0x1b, 0x77, 0x20, 0x87, 0xa8, 0x4d, 0xa5, 0xc8, 0xb0, 0x82, 0x3b, 0x5e, 0x58, 0x36, 0x29]),
    (21975, [0xa9, 0x37, 0xa5, 0x46, 0x44, 0x3d, 0x19, 0xbe, 0x01, 0x34, 0x3a, 0x2d, 0x0b, 0x03, 0xfd, 0xb5]),
    (21976, [0x7d, 0x5c, 0x01, 0x7d, 0xdc, 0xe3, 0x51, 0x96, 0x11, 0xce, 0xed, 0x8b, 0x0a, 0x36, 0xbf, 0x72]),
    (21977, [0xf2, 0x10, 0xbd, 0x32, 0xd8, 0xf5, 0xab, 0xd1, 0x3f, 0xbb, 0x7e, 0x0d, 0xb5, 0xc1, 0xb8, 0xb2]),
    (21978, [0x79, 0x7c, 0xd1, 0x5b, 0xcc, 0x0a, 0x15, 0x3b, 0xba, 0x75, 0xeb, 0xfc, 0xee, 0xbd, 0xb1, 0x9d]),
    (21979, [0xcd, 0x0d, 0x62, 0xe9, 0xae, 0xa6, 0x11, 0xe7, 0x89, 0x58, 0xa1, 0xd6, 0x7d, 0x74, 0x42, 0xdb]),
    (21996, [0x88, 0xd3, 0xe1, 0xe7, 0xdb, 0xab, 0x12, 0xd9, 0xce, 0x5d, 0x71, 0xbc, 0x5e, 0x15, 0x27, 0x84]),
    (21999, [0x63, 0x42, 0xea, 0x95, 0x5f, 0x64, 0xa0, 0x86, 0x83, 0x57, 0xc5, 0x95, 0xf0, 0x61, 0xd1, 0xaf]),
    (22101, [0xa2, 0x99, 0xbb, 0x06, 0x0a, 0xf3, 0x4b, 0x95, 0xd1, 0x9c, 0xd1, 0x6d, 0xbc, 0xf2, 0x22, 0xea]),
    (22102, [0xd0, 0x70, 0x83, 0xde, 0xde, 0xdf, 0xb3, 0x8b, 0xec, 0xb8, 0x97, 0xfb, 0x8f, 0x4f, 0xec, 0x4b]),
    (22201, [0x8f, 0xbb, 0x9e, 0xc6, 0xf7, 0x45, 0x5b, 0xf6, 0x17, 0x39, 0x09, 0x34, 0xc6, 0xd0, 0x62, 0x52]),
    (22202, [0x52, 0xb0, 0xd6, 0x28, 0x4f, 0x3d, 0xb7, 0xe5, 0x08, 0xc8, 0xf6, 0xca, 0x97, 0x02, 0xe5, 0xa6]),
    (22203, [0x12, 0x81, 0x16, 0x9f, 0x33, 0xda, 0xeb, 0x28, 0x52, 0x9a, 0xca, 0xf5, 0x16, 0x13, 0x05, 0x92]),
    (22204, [0x4b, 0x13, 0x5d, 0x70, 0x72, 0xca, 0x56, 0xa4, 0xfa, 0xa2, 0x0b, 0x73, 0x3f, 0x38, 0x2a, 0x47]),
    (22206, [0x85, 0xb9, 0xd3, 0xaf, 0x07, 0x2f, 0x23, 0xd2, 0x46, 0x1e, 0x92, 0x12, 0x9c, 0x59, 0x32, 0x6e]),
    (22207, [0xda, 0xf0, 0xdb, 0x81, 0xfc, 0x14, 0xee, 0x6e, 0x4f, 0x09, 0x25, 0x55, 0xac, 0x09, 0x92, 0x81]),
    (22208, [0x30, 0xcd, 0xda, 0xd7, 0x94, 0x2f, 0x43, 0x96, 0x37, 0x38, 0x46, 0x62, 0xdc, 0xf0, 0x45, 0xed]),
    (22209, [0xd9, 0xb5, 0x58, 0x7b, 0x30, 0x88, 0x2e, 0x4d, 0xf2, 0x65, 0x78, 0x21, 0x49, 0x65, 0x21, 0x06]),
    (22221, [0x56, 0x57, 0xf3, 0xd3, 0x18, 0xa3, 0xbf, 0x0f, 0x08, 0xfa, 0x4e, 0xf6, 0xcd, 0x89, 0x2b, 0xa3]),
    (22222, [0x92, 0x34, 0x41, 0x82, 0x00, 0x3c, 0x29, 0xb7, 0x2a, 0xd3, 0xee, 0xb8, 0x63, 0x19, 0xf2, 0xf1]),
    (22223, [0xf3, 0xe6, 0x33, 0x76, 0x52, 0x76, 0xde, 0xec, 0xe9, 0x9c, 0x7c, 0x8b, 0x15, 0xd1, 0xd2, 0x72]),
    (22224, [0xc3, 0x7d, 0xf8, 0x6e, 0x42, 0x0e, 0x72, 0xb2, 0xf9, 0x51, 0xff, 0x59, 0xb5, 0x23, 0xc6, 0x82]),
    (22231, [0xe7, 0xe7, 0xc1, 0x68, 0xc2, 0xa8, 0x21, 0xcb, 0x61, 0x03, 0x72, 0xbf, 0xc5, 0x7a, 0xf0, 0xbb]),
    (22232, [0x9e, 0xf6, 0x7f, 0xc8, 0x27, 0x5f, 0x64, 0xf2, 0xbe, 0x03, 0x6a, 0xdb, 0xaf, 0x9b, 0x6e, 0x82]),
    (22233, [0xab, 0x08, 0x9b, 0x49, 0x40, 0x3a, 0x0d, 0xcc, 0x2d, 0x23, 0xb5, 0xfe, 0x89, 0x21, 0x90, 0x08]),
    (22234, [0x9b, 0xdb, 0xf3, 0x2a, 0x87, 0x29, 0xa9, 0x66, 0x37, 0x56, 0x42, 0x64, 0xd9, 0x25, 0x0d, 0xf7]),
    (22235, [0xd4, 0x2c, 0x00, 0x73, 0x67, 0x66, 0x13, 0x51, 0xfc, 0x25, 0xea, 0x9b, 0xe0, 0xe4, 0x69, 0xf0]),
    (22236, [0xdc, 0x75, 0x0e, 0xdc, 0x45, 0x88, 0x0a, 0x44, 0x29, 0xa4, 0x80, 0x3c, 0x56, 0xfc, 0x99, 0x41]),
    (22237, [0x78, 0x1b, 0xb0, 0x9d, 0xd8, 0xce, 0x15, 0x1e, 0xa6, 0x03, 0x91, 0x35, 0x88, 0xbf, 0x5b, 0x43]),
    (22238, [0x84, 0x41, 0x4f, 0xae, 0x37, 0x19, 0x30, 0x13, 0x09, 0x51, 0x72, 0x5c, 0xa9, 0x7d, 0x41, 0xba]),
    (22311, [0xfc, 0x01, 0x7d, 0x49, 0x4f, 0xdb, 0x08, 0xd6, 0xdb, 0x58, 0x39, 0x43, 0x74, 0x99, 0x09, 0x1d]),
    (22312, [0x1d, 0x34, 0x79, 0xf2, 0x8d, 0xbe, 0x41, 0x6c, 0xb0, 0x34, 0x00, 0xe0, 0xfe, 0x49, 0x38, 0x72]),
    (22313, [0xd0, 0xb2, 0xde, 0x2c, 0x1e, 0x99, 0x93, 0xe5, 0xca, 0x1b, 0x84, 0xfe, 0xb4, 0xe2, 0x8e, 0xc5]),
    (22314, [0x78, 0x9a, 0x40, 0x97, 0xfa, 0x77, 0xe5, 0x3f, 0x21, 0x22, 0x8c, 0x7b, 0xf7, 0xf2, 0x20, 0x75]),
    (22315, [0x0a, 0x23, 0xab, 0x45, 0xb5, 0x1f, 0xd5, 0x50, 0xb3, 0x4f, 0xb5, 0x49, 0x08, 0x9b, 0xf5, 0x43]),
    (22316, [0x0a, 0x74, 0x9e, 0x46, 0x39, 0xe9, 0xf9, 0x9d, 0xe0, 0x3a, 0x6a, 0xa0, 0xb2, 0x40, 0xf2, 0xbc]),
    (22351, [0xa2, 0x2f, 0x07, 0xea, 0x24, 0x0d, 0x21, 0x2d, 0x95, 0x9d, 0x43, 0x6b, 0x82, 0x28, 0xc1, 0xd5]),
    (22352, [0xe8, 0x61, 0x05, 0x05, 0x32, 0x2a, 0x3c, 0x61, 0x8a, 0xbf, 0x5d, 0xe8, 0x2f, 0xe7, 0x00, 0x13]),
    (22353, [0x34, 0xcc, 0x6c, 0xc5, 0xdb, 0x32, 0x11, 0xd5, 0xd7, 0x7b, 0xda, 0x91, 0xb2, 0x04, 0xf0, 0xe0]),
    (22354, [0x53, 0xd4, 0x70, 0x76, 0xd1, 0x15, 0xb9, 0x8e, 0xaf, 0xc3, 0x09, 0x76, 0xdb, 0x07, 0xff, 0xe1]),
    (22355, [0xe5, 0xe2, 0x3c, 0x7a, 0xf7, 0x48, 0x11, 0x4c, 0xdb, 0x66, 0x67, 0xf6, 0xd6, 0xb4, 0xc0, 0xae]),
    (22356, [0x21, 0x46, 0x52, 0x4f, 0x67, 0x9e, 0x3c, 0x12, 0x71, 0x34, 0xf2, 0xac, 0x8c, 0x1b, 0xf5, 0xe4]),
    (22357, [0xdd, 0x2d, 0xb0, 0xe0, 0x85, 0x4f, 0x48, 0x7b, 0x5a, 0xa0, 0xb8, 0x86, 0xcd, 0xf9, 0x16, 0xb9]),
    (22358, [0x53, 0x4a, 0xfe, 0x8b, 0x5a, 0xbe, 0xf9, 0xd7, 0x9d, 0x7f, 0x90, 0xa4, 0x94, 0xdc, 0x12, 0x7d]),
    (22364, [0x6b, 0x15, 0xd3, 0x3d, 0x50, 0xa5, 0x48, 0x4c, 0x16, 0x28, 0x53, 0x84, 0xe3, 0xf4, 0x9b, 0xf2]),
    (22381, [0x57, 0x48, 0xd8, 0x3a, 0xe0, 0x6f, 0x7e, 0x24, 0x58, 0x01, 0x3e, 0x50, 0xf3, 0xb8, 0x37, 0xc4]),
    (22382, [0x30, 0x55, 0xf8, 0x5c, 0xa1, 0xbd, 0xfc, 0x85, 0xd8, 0xaa, 0xc9, 0x78, 0x06, 0x0b, 0xca, 0x9d]),
    (22383, [0x28, 0x5d, 0x30, 0xa8, 0xea, 0x61, 0x59, 0x84, 0x14, 0x8a, 0xa9, 0x49, 0x14, 0xdf, 0x82, 0xaa]),
    (22384, [0x57, 0x51, 0x67, 0x4f, 0x3e, 0x59, 0xc6, 0xae, 0x15, 0x89, 0x9f, 0x9c, 0x6c, 0x5d, 0x8a, 0xc3]),
    (22385, [0xe6, 0x64, 0x0a, 0x84, 0xef, 0x4f, 0xd5, 0x0c, 0x7a, 0x43, 0xba, 0x8e, 0x7d, 0xa7, 0x21, 0x36]),
    (22386, [0x29, 0xa1, 0x31, 0xd8, 0x63, 0x29, 0xdd, 0xfa, 0x7d, 0xd0, 0xef, 0xad, 0xf0, 0x7d, 0x55, 0xf0]),
    (22387, [0xa2, 0x1b, 0xce, 0xdf, 0x27, 0x12, 0x69, 0x79, 0x02, 0x07, 0x94, 0x8d, 0x6a, 0x43, 0x89, 0x63]),
    (22393, [0x7f, 0x4d, 0xbd, 0xdd, 0x93, 0x70, 0x7d, 0x06, 0x4c, 0x4e, 0xcd, 0xce, 0xbc, 0x9f, 0xa3, 0xf4]),
    (22451, [0x3a, 0xa7, 0x88, 0x9b, 0x36, 0xa6, 0x20, 0xf1, 0xcc, 0xcd, 0xc9, 0x62, 0xcd, 0x11, 0x0e, 0x80]),
    (22452, [0x54, 0xe7, 0x6c, 0x4f, 0x93, 0x09, 0x14, 0x96, 0x4b, 0xdc, 0xbf, 0xb8, 0x04, 0xde, 0xfc, 0x23]),
    (22453, [0xa8, 0xad, 0xea, 0xef, 0x31, 0xb8, 0x44, 0x31, 0x89, 0x9d, 0x37, 0x21, 0x11, 0x52, 0x37, 0x7b]),
    (22454, [0x39, 0xa9, 0x8e, 0xa3, 0xc9, 0x6c, 0x8b, 0xe0, 0x2e, 0x18, 0x7d, 0x79, 0x9b, 0xd2, 0xcb, 0x93]),
    (22455, [0xc6, 0x57, 0x23, 0x4e, 0x32, 0xac, 0xe2, 0x92, 0xb6, 0x29, 0x3f, 0x30, 0x2e, 0x23, 0xf9, 0x49]),
    (22460, [0x03, 0x50, 0xe4, 0x7a, 0x70, 0x9a, 0xe5, 0x1d, 0xd1, 0xfb, 0x7c, 0x30, 0x9b, 0x96, 0x1b, 0x2a]),
    (22461, [0x7d, 0x9e, 0xa4, 0x2f, 0xcc, 0x38, 0xfa, 0xfb, 0x98, 0xeb, 0x24, 0x80, 0x03, 0xf1, 0xb6, 0x8b]),
    (22462, [0xba, 0x9b, 0xd7, 0x41, 0x99, 0xb7, 0xdf, 0x1e, 0x8a, 0x7e, 0x67, 0x74, 0x8f, 0xc3, 0x6e, 0x92]),
    (22463, [0x85, 0x66, 0xf3, 0x48, 0xa2, 0x89, 0x21, 0xa4, 0x1b, 0x5c, 0x3a, 0xfc, 0x61, 0x05, 0x80, 0xb4]),
    (22464, [0x0f, 0xe4, 0x45, 0x1e, 0xfc, 0x45, 0x13, 0x2a, 0x68, 0x46, 0x13, 0xdc, 0x48, 0x77, 0x42, 0x81]),
    (22465, [0x6a, 0x90, 0x7a, 0x77, 0x41, 0x8d, 0x67, 0x64, 0xdb, 0xdf, 0x09, 0xa2, 0x9e, 0x25, 0x37, 0xb3]),
    (22466, [0x77, 0x15, 0xd6, 0x73, 0x62, 0xe7, 0x1e, 0x9c, 0x2e, 0xcb, 0xf1, 0x71, 0xe5, 0xe9, 0x6e, 0x0a]),
    (22467, [0x53, 0x5a, 0xc3, 0xc8, 0xeb, 0x09, 0xe5, 0x83, 0xbd, 0x73, 0x59, 0x80, 0xe9, 0x08, 0x2b, 0xbf]),
    (22468, [0xc8, 0x96, 0xfd, 0xde, 0x2e, 0x3f, 0xb0, 0x2f, 0x36, 0x0a, 0x64, 0x0d, 0xd0, 0x3a, 0xab, 0x8a]),
    (22469, [0xe4, 0x4a, 0x44, 0xcb, 0xe3, 0xdf, 0xef, 0xcb, 0x85, 0xac, 0x15, 0x42, 0x3d, 0x20, 0x59, 0x41]),
    (22470, [0x31, 0x3d, 0xb6, 0x51, 0x31, 0x85, 0xe5, 0x1a, 0x69, 0x38, 0xde, 0xbe, 0x72, 0xab, 0xba, 0x0c]),
    (22471, [0x42, 0x40, 0xd6, 0x1d, 0x7f, 0x09, 0x80, 0x77, 0x56, 0xd8, 0xb2, 0x0f, 0x7a, 0x27, 0xf9, 0x08]),
    (22472, [0x36, 0xe3, 0x29, 0x37, 0xa4, 0xd8, 0x97, 0x47, 0x0f, 0xa8, 0xa6, 0xc4, 0xcd, 0x65, 0x16, 0xf0]),
    (22473, [0xb7, 0xc7, 0x55, 0xff, 0x41, 0x59, 0xa5, 0x05, 0xf0, 0x79, 0x73, 0x8a, 0x8b, 0x72, 0x00, 0x3c]),
    (22474, [0x9d, 0x87, 0x1d, 0x3c, 0xc7, 0x7b, 0x6a, 0xed, 0x95, 0x27, 0xaf, 0x2b, 0x5c, 0xcb, 0x9c, 0xd8]),
    (22475, [0xb4, 0x7c, 0x4e, 0xd8, 0x3d, 0x2b, 0xff, 0xa0, 0x84, 0x5c, 0xc8, 0xbf, 0x4c, 0xd8, 0xb6, 0x9e]),
    (22476, [0x20, 0x1f, 0xd2, 0xc3, 0x34, 0x2f, 0xa3, 0xc0, 0x80, 0x73, 0x33, 0x31, 0xfe, 0x3b, 0xa0, 0xc6]),
    (22477, [0x7e, 0x81, 0x67, 0xff, 0x3c, 0x58, 0xd6, 0x22, 0x0d, 0xa6, 0xc6, 0x0e, 0xc3, 0x06, 0x18, 0xde]),
    (22478, [0x08, 0x29, 0x7f, 0x3e, 0xc3, 0x6a, 0x8e, 0xaf, 0xe4, 0x42, 0xb2, 0x00, 0xd9, 0x85, 0x0e, 0x7f]),
    (22479, [0x11, 0xd5, 0x5c, 0xea, 0xf9, 0xa4, 0x6c, 0xcd, 0x49, 0x9f, 0xe6, 0x57, 0x01, 0xfd, 0x7c, 0x9e]),
    (22481, [0x62, 0x99, 0x6d, 0x7e, 0xaa, 0x6c, 0xc1, 0xb5, 0x6f, 0xa6, 0xfa, 0x8f, 0x8b, 0xb3, 0x7e, 0x83]),
    (22491, [0x7b, 0x62, 0xab, 0xf8, 0x45, 0xdc, 0x6d, 0x65, 0xdb, 0xde, 0xaf, 0x0c, 0xb6, 0x2d, 0x1a, 0xd1]),
    (22492, [0x0c, 0x60, 0x80, 0x47, 0x4a, 0xe4, 0xe1, 0x72, 0xa3, 0xd8, 0x96, 0x64, 0x5c, 0x16, 0x56, 0x83]),
    (22493, [0xe2, 0x7c, 0x4d, 0xfd, 0xf8, 0xf2, 0x86, 0x3b, 0xa6, 0x2e, 0xda, 0x3b, 0xdc, 0x22, 0x97, 0x6c]),
    (22494, [0x1c, 0x38, 0x8e, 0x77, 0xea, 0x61, 0x73, 0xdc, 0x67, 0x05, 0xd5, 0x06, 0xfe, 0xe1, 0xfa, 0x19]),
    (22495, [0x8d, 0x75, 0x82, 0x34, 0x29, 0xe3, 0xbb, 0x20, 0x22, 0x1f, 0xb8, 0x95, 0x49, 0xda, 0xf9, 0xb7]),
    (22496, [0xa8, 0x71, 0x85, 0x42, 0x5b, 0xc7, 0xbf, 0x86, 0x63, 0xec, 0x0c, 0x2a, 0x91, 0x1c, 0x04, 0x38]),
    (22502, [0x5a, 0xac, 0x1c, 0x84, 0x92, 0xcd, 0x73, 0x37, 0x3e, 0x9d, 0xeb, 0xa3, 0x95, 0x16, 0x00, 0x85]),
    (22510, [0x11, 0xed, 0x69, 0xed, 0x74, 0x38, 0xa6, 0x8d, 0xb4, 0xed, 0x75, 0x97, 0x6d, 0xa9, 0xf3, 0x0e]),
    (22520, [0x11, 0xed, 0x69, 0xed, 0x74, 0x38, 0xa6, 0x8d, 0xb4, 0xed, 0x75, 0x97, 0x6d, 0xa9, 0xf3, 0x0e]),
    (22601, [0x16, 0x7c, 0x16, 0x52, 0x4a, 0xba, 0xbe, 0x28, 0xc2, 0x34, 0x38, 0x6d, 0x58, 0xe9, 0xe3, 0x8c]),
    (22608, [0xaf, 0x28, 0x28, 0xe4, 0x43, 0x2b, 0xb9, 0xaf, 0x8d, 0xfe, 0x2e, 0x7f, 0x5d, 0x59, 0x4f, 0x11]),
    (22611, [0xdd, 0xb6, 0x61, 0xea, 0x2e, 0xce, 0xd9, 0x50, 0xb6, 0xf3, 0x3a, 0xba, 0x55, 0x24, 0xb3, 0x6a]),
    (22612, [0x5b, 0x37, 0xfe, 0xb2, 0xcf, 0x9d, 0xe2, 0x3b, 0x06, 0x62, 0x8e, 0x90, 0x12, 0xbb, 0xf3, 0xc3]),
    (22613, [0x37, 0x4b, 0xef, 0xd1, 0x4a, 0x84, 0x0b, 0xf4, 0x7d, 0x29, 0x87, 0x31, 0x03, 0xc3, 0x0f, 0xdb]),
    (22614, [0x48, 0x1e, 0x0b, 0x5d, 0x55, 0x10, 0x82, 0x1c, 0xe4, 0x7c, 0x3b, 0x9a, 0x16, 0x3a, 0x4b, 0xdc]),
    (22615, [0xe2, 0xa2, 0xd0, 0x08, 0x5d, 0x90, 0xb4, 0xbb, 0x97, 0x0b, 0x5c, 0xbd, 0xae, 0xd3, 0xb0, 0x30]),
    (22616, [0xbe, 0x53, 0xcc, 0xc3, 0x18, 0x05, 0x21, 0xbf, 0x89, 0x40, 0x2f, 0x06, 0x07, 0xb4, 0x34, 0x6b]),
    (22617, [0x2c, 0xc0, 0x01, 0xea, 0x36, 0xfe, 0xb2, 0x3c, 0x29, 0x79, 0xbb, 0xd2, 0xed, 0x89, 0x99, 0x49]),
    (22651, [0x5d, 0x37, 0x6d, 0x4e, 0x49, 0xd4, 0xc2, 0xd4, 0x45, 0x1b, 0x0b, 0x80, 0xe6, 0x0e, 0xe4, 0x3c]),
    (22652, [0x4c, 0x55, 0x0b, 0xb3, 0xe2, 0x87, 0x42, 0x5a, 0x09, 0xca, 0xfa, 0xe9, 0xe2, 0x7a, 0x70, 0x8d]),
    (22653, [0xe8, 0x7a, 0x8a, 0x46, 0x55, 0x35, 0xf0, 0x07, 0x6c, 0x9b, 0x1a, 0x1e, 0x42, 0x79, 0xdc, 0xd6]),
    (22654, [0x5c, 0xca, 0x6d, 0x99, 0x58, 0xab, 0x3a, 0x5e, 0xe3, 0xcd, 0x91, 0xa0, 0xe0, 0xd2, 0x4a, 0x46]),
    (22655, [0xc4, 0x6d, 0xcb, 0xd6, 0xbc, 0xa8, 0x6c, 0x1c, 0xa3, 0x5d, 0x21, 0xdb, 0x9c, 0xb0, 0x7e, 0x6a]),
    (22656, [0xbb, 0x9f, 0x9b, 0x1d, 0x38, 0x30, 0x1b, 0x2f, 0xaa, 0xb9, 0x1d, 0x92, 0x66, 0x8d, 0x09, 0x1f]),
    (22657, [0xd2, 0x21, 0x65, 0xf1, 0x48, 0x3f, 0x8d, 0xf8, 0x81, 0xa0, 0xe3, 0xe5, 0x2a, 0x4d, 0xb4, 0xaa]),
    (22671, [0x5a, 0xb2, 0xad, 0x45, 0x79, 0x6f, 0x14, 0x6a, 0x84, 0x5b, 0x1a, 0x34, 0xeb, 0x21, 0xf0, 0x3b]),
    (22672, [0x3d, 0x3b, 0x53, 0xc9, 0x21, 0x67, 0x5d, 0x85, 0xda, 0xbe, 0x54, 0x26, 0x9a, 0xe2, 0x9b, 0x04]),
    (22673, [0xe5, 0xdd, 0x04, 0xe3, 0x10, 0x05, 0xe3, 0x7f, 0xc0, 0x0e, 0x71, 0x9c, 0x16, 0x82, 0xc5, 0x1f]),
    (22674, [0x70, 0x77, 0xda, 0xac, 0x4d, 0x7a, 0x9c, 0x64, 0xfe, 0x96, 0x1b, 0x11, 0x26, 0xfd, 0xe4, 0x5c]),
    (22675, [0x0f, 0x5d, 0xe3, 0xdb, 0x83, 0xc5, 0xe7, 0x5c, 0x02, 0x56, 0xab, 0x07, 0xac, 0xde, 0xca, 0xfb]),
    (22676, [0xc6, 0xd6, 0xdd, 0xca, 0x12, 0xdb, 0x93, 0xc2, 0x2b, 0x21, 0x5b, 0x47, 0x26, 0xfb, 0x6c, 0xce]),
    (22677, [0xdd, 0x07, 0x81, 0x37, 0x8c, 0x67, 0xf7, 0xd5, 0xd3, 0x87, 0x30, 0x9b, 0x35, 0x0d, 0x53, 0x25]),
    (23101, [0x89, 0xfb, 0x4f, 0x48, 0xf4, 0x00, 0x0f, 0x80, 0x9e, 0x7b, 0x3e, 0xee, 0x1d, 0xde, 0x4a, 0xd9]),
    (23111, [0x4c, 0x42, 0x63, 0xc5, 0x02, 0x56, 0x8e, 0x00, 0xef, 0x5c, 0xe8, 0x92, 0xc4, 0x3b, 0xcf, 0xd6]),
    (23121, [0x31, 0x19, 0x29, 0x0d, 0xd8, 0x9e, 0x98, 0xf4, 0x83, 0x86, 0x85, 0xd6, 0xb8, 0x95, 0x43, 0xce]),
    (23311, [0xd3, 0x88, 0x50, 0x2e, 0x6f, 0x16, 0x95, 0x86, 0x31, 0x98, 0xbf, 0x84, 0xfc, 0x0e, 0x60, 0x02]),
    (23531, [0x3d, 0xb0, 0x7c, 0xcb, 0xa0, 0xee, 0x54, 0xe8, 0xdc, 0xe8, 0xda, 0x86, 0xce, 0xe5, 0x99, 0x27]),
    (23532, [0xcd, 0xb7, 0x36, 0x5f, 0x5e, 0xc7, 0xde, 0xcd, 0x55, 0xf8, 0x3c, 0x1b, 0x84, 0xfe, 0x2c, 0xe6]),
    (24009, [0x70, 0x2a, 0x8d, 0x07, 0x55, 0x44, 0x9e, 0xf4, 0x00, 0x2d, 0xc2, 0x0f, 0xf7, 0x56, 0x0d, 0xd9]),
    (24012, [0x39, 0x0f, 0xb2, 0xbe, 0xc5, 0xbd, 0x5f, 0x8f, 0x38, 0x21, 0x47, 0x83, 0x1b, 0xb0, 0x06, 0x48]),
    (24019, [0x8c, 0x84, 0x02, 0x11, 0x24, 0x2b, 0x23, 0x60, 0xa1, 0x4e, 0x7e, 0x6e, 0xcc, 0xe0, 0x2f, 0x62]),
    (24021, [0xff, 0x96, 0xd5, 0x69, 0xac, 0x5c, 0x10, 0xf3, 0x01, 0xb9, 0x73, 0xba, 0x21, 0xd2, 0xe6, 0xf4]),
    (24022, [0xe9, 0xca, 0x3a, 0x78, 0xd6, 0xf8, 0x3f, 0x52, 0x7b, 0xf0, 0x7e, 0x7f, 0x7c, 0x7a, 0xf5, 0x3d]),
    (24023, [0xa3, 0xfb, 0x9b, 0x62, 0x46, 0xb2, 0x8a, 0x99, 0x89, 0x07, 0x74, 0x1c, 0x14, 0x7a, 0xa4, 0x90]),
    (24024, [0x79, 0x5c, 0x91, 0x4a, 0x52, 0xc5, 0x31, 0x41, 0x73, 0x53, 0xf4, 0x26, 0x36, 0x41, 0x2d, 0xc2]),
    (24025, [0x6f, 0x7d, 0xa0, 0xac, 0xd5, 0x9d, 0x55, 0x72, 0x2b, 0xcf, 0x4a, 0xd4, 0xc9, 0xa4, 0x50, 0xc3]),
    (24026, [0xb5, 0x99, 0x1b, 0x0d, 0x3d, 0x04, 0x29, 0xc6, 0x6e, 0x48, 0x5e, 0x68, 0x50, 0x08, 0x1a, 0x1e]),
    (24027, [0xf0, 0x4f, 0x74, 0xe6, 0x97, 0xaa, 0x26, 0x70, 0x54, 0x9b, 0xb6, 0x36, 0x40, 0x0a, 0x38, 0x3b]),
    (24028, [0xfb, 0xbf, 0xab, 0xd9, 0x62, 0x84, 0x8f, 0xc3, 0x55, 0xc8, 0xcd, 0x49, 0xac, 0xf2, 0x08, 0x08]),
    (24029, [0xd3, 0xb6, 0xef, 0x31, 0xc3, 0x28, 0x7d, 0x86, 0x62, 0xb2, 0x2d, 0xa5, 0x63, 0x74, 0x3f, 0xe9]),
    (24030, [0x35, 0xf2, 0xe1, 0x33, 0x98, 0x36, 0x5b, 0xcb, 0x56, 0xb9, 0x17, 0x2e, 0x9a, 0x5c, 0x25, 0xa3]),
    (24031, [0xca, 0x08, 0x7a, 0xee, 0xc4, 0x2a, 0x68, 0x28, 0xd1, 0xab, 0x7d, 0x20, 0xb9, 0xb9, 0xfe, 0x25]),
    (24032, [0xcd, 0x1d, 0x8b, 0x22, 0xee, 0xe3, 0x25, 0x65, 0xbd, 0xe5, 0xf9, 0x6e, 0x78, 0x84, 0x5d, 0xf3]),
    (24033, [0xd0, 0x5b, 0x9c, 0xaf, 0x22, 0x44, 0xf2, 0x1c, 0x48, 0x91, 0xa6, 0x03, 0x2a, 0x86, 0x6a, 0xa8]),
    (24034, [0xd6, 0xe6, 0xb2, 0x57, 0x3e, 0xbd, 0x51, 0x60, 0x6f, 0xa0, 0x7c, 0x18, 0x75, 0xaf, 0x0a, 0x8f]),
    (24035, [0xe5, 0xf5, 0x7f, 0x9c, 0x3a, 0x7d, 0xe9, 0x32, 0x75, 0xd4, 0x5f, 0xd4, 0xe6, 0x59, 0x9c, 0x37]),
    (24036, [0xb3, 0x56, 0x54, 0x2d, 0xac, 0xb5, 0xfe, 0x6d, 0x4b, 0xb3, 0xf9, 0xcf, 0x74, 0x24, 0x85, 0x47]),
    (24037, [0xce, 0x86, 0x71, 0x4a, 0x1c, 0xe7, 0xa8, 0xb1, 0x06, 0xe5, 0xdb, 0x41, 0x6b, 0xf7, 0x35, 0xf8]),
    (24038, [0x74, 0x37, 0xfc, 0x2c, 0xdc, 0x6c, 0xb1, 0x72, 0xbd, 0xb5, 0x41, 0x43, 0x30, 0x60, 0xad, 0xdc]),
    (24039, [0x87, 0x80, 0xe0, 0xde, 0xab, 0xeb, 0xe6, 0x1b, 0x9d, 0x6f, 0xe1, 0x22, 0x01, 0xe0, 0x36, 0x9b]),
    (24040, [0x4d, 0xba, 0x42, 0xbc, 0x91, 0xc3, 0xda, 0x1f, 0xae, 0x9c, 0x46, 0xf8, 0x82, 0x49, 0xa6, 0xb4]),
    (24041, [0xe9, 0xbe, 0xe2, 0x8c, 0x5b, 0x9f, 0x36, 0xd9, 0x72, 0xc7, 0x98, 0xc2, 0x40, 0xa8, 0xec, 0xe7]),
    (24042, [0x36, 0x1c, 0x2d, 0xf6, 0xf4, 0x11, 0x19, 0xcc, 0xfd, 0x81, 0x4a, 0x83, 0x96, 0xed, 0x4e, 0x0d]),
    (24043, [0x18, 0x82, 0x62, 0xd5, 0xae, 0x85, 0x67, 0xdb, 0x8d, 0x27, 0xe8, 0x32, 0x66, 0xcf, 0x26, 0xa5]),
    (24044, [0x79, 0x97, 0x61, 0xb5, 0xe5, 0xc5, 0xcc, 0xa1, 0xde, 0x04, 0x74, 0xb5, 0xbf, 0xab, 0x5c, 0x51]),
    (24045, [0xcf, 0x74, 0xe4, 0xeb, 0x2c, 0x2e, 0x6a, 0xc6, 0x24, 0x29, 0x9b, 0x2b, 0xe6, 0xf0, 0x46, 0x50]),
    (24046, [0xf7, 0x01, 0x50, 0xf4, 0x23, 0xf3, 0xac, 0xac, 0xd8, 0x57, 0x24, 0x4a, 0xaa, 0xc5, 0x69, 0xd6]),
    (24047, [0x6c, 0xfc, 0x68, 0xfc, 0x3b, 0xa1, 0x42, 0x59, 0x88, 0x6d, 0x72, 0xe3, 0x03, 0x9b, 0x32, 0x90]),
    (24048, [0xfc, 0x7c, 0xf4, 0xff, 0xfc, 0x7c, 0x47, 0x17, 0x70, 0xee, 0x2a, 0x42, 0x3b, 0x58, 0x71, 0xa7]),
    (24049, [0xb6, 0x0b, 0x13, 0x13, 0xb1, 0x4b, 0x53, 0xc2, 0xf3, 0x05, 0x0f, 0x82, 0x2d, 0xdc, 0xb9, 0x09]),
    (24050, [0xdb, 0xce, 0xbb, 0x8c, 0x79, 0xba, 0x32, 0xeb, 0xc9, 0x81, 0x4a, 0xbf, 0x7d, 0x61, 0x12, 0xc2]),
    (24051, [0x7c, 0x80, 0x53, 0xc3, 0x89, 0x60, 0x12, 0x5b, 0x5a, 0xae, 0xca, 0xae, 0x0e, 0xd4, 0xac, 0x35]),
    (24052, [0xec, 0xd2, 0xf5, 0xfe, 0x9e, 0xc6, 0x65, 0xb8, 0x50, 0x91, 0xb6, 0xdb, 0x79, 0x31, 0x7f, 0x71]),
    (24053, [0x97, 0x9d, 0x32, 0x36, 0x6f, 0x6e, 0xb9, 0x34, 0x46, 0x6f, 0xe5, 0xc2, 0xbb, 0x22, 0xe3, 0x24]),
    (24054, [0xb9, 0x7d, 0x9b, 0x71, 0xd8, 0x8d, 0x19, 0x91, 0x35, 0x94, 0xb5, 0xb3, 0x92, 0x37, 0x7f, 0x86]),
    (24055, [0x4e, 0x8c, 0xe7, 0x68, 0x2c, 0x0d, 0x69, 0xda, 0xfb, 0xd1, 0xed, 0xbe, 0x32, 0x90, 0x7b, 0x14]),
    (24056, [0xf1, 0xec, 0xc5, 0xd5, 0x75, 0xf1, 0x43, 0xc4, 0x42, 0xbc, 0x80, 0xa0, 0xa3, 0x70, 0x0a, 0x08]),
    (24057, [0x14, 0xec, 0xbb, 0x30, 0x85, 0x5b, 0x69, 0xe8, 0xa3, 0xdb, 0x4b, 0x2d, 0xdf, 0x24, 0xcc, 0x78]),
    (24058, [0x5e, 0x9c, 0x00, 0xa4, 0x1e, 0x33, 0x84, 0x69, 0xef, 0xd4, 0xa4, 0x33, 0x37, 0x17, 0xb4, 0x7d]),
    (24059, [0x63, 0xbe, 0x61, 0x3c, 0x15, 0x7c, 0x95, 0x19, 0x4e, 0x8a, 0xd8, 0xd2, 0x6f, 0x02, 0x26, 0x94]),
    (24060, [0xad, 0x16, 0xd1, 0x90, 0x8f, 0xab, 0x7a, 0xf1, 0x94, 0xad, 0x9a, 0x80, 0x11, 0xae, 0x8b, 0x3b]),
    (24061, [0xdc, 0x2c, 0x4a, 0xd5, 0x5b, 0xc3, 0x24, 0xe7, 0xc4, 0x78, 0x3a, 0xec, 0x1e, 0x4d, 0xe9, 0xdd]),
    (24062, [0x5f, 0xa9, 0xa3, 0x91, 0xc4, 0x82, 0xc2, 0xa8, 0x7f, 0x57, 0xed, 0x63, 0x6a, 0xbb, 0xad, 0x3f]),
    (24063, [0x10, 0xf1, 0x11, 0x41, 0x18, 0x8a, 0x73, 0xbc, 0xc6, 0x2b, 0xc5, 0x19, 0x88, 0xef, 0xb3, 0x46]),
    (24064, [0x4b, 0x3a, 0x94, 0xc5, 0x45, 0xd2, 0x1f, 0x1d, 0x54, 0x51, 0xfe, 0x70, 0xcc, 0x4f, 0x9d, 0x39]),
    (24065, [0x8f, 0x98, 0x47, 0x54, 0x8e, 0x6b, 0x40, 0x3f, 0x0f, 0x89, 0x3e, 0x72, 0xc9, 0xf8, 0x05, 0x48]),
    (24066, [0xfa, 0xa4, 0x08, 0x83, 0x93, 0xc9, 0x67, 0x99, 0xf2, 0x92, 0x7d, 0xeb, 0x65, 0xee, 0xbc, 0x55]),
    (24067, [0x6f, 0x92, 0xef, 0x70, 0x48, 0x7c, 0xcf, 0x4b, 0x59, 0x03, 0xd8, 0x53, 0xba, 0xb7, 0xa5, 0xd1]),
    (24068, [0x36, 0x63, 0xf5, 0xd6, 0x93, 0x2e, 0x9b, 0xb1, 0x9e, 0x2a, 0x41, 0x24, 0x73, 0x16, 0xb5, 0xe3]),
    (24069, [0x91, 0x11, 0x0d, 0x6f, 0xf2, 0xc3, 0x01, 0xc4, 0xbf, 0x6e, 0xfa, 0x13, 0x3b, 0xc4, 0xeb, 0x5c]),
    (24070, [0x19, 0xcd, 0x80, 0xd4, 0x2b, 0x42, 0x95, 0x19, 0x05, 0x89, 0x8d, 0x45, 0xaa, 0xeb, 0x4a, 0xcf]),
    (24071, [0x30, 0xd2, 0x7e, 0x5e, 0xdd, 0xcb, 0x96, 0x10, 0xde, 0x86, 0x26, 0x54, 0x85, 0x1c, 0x51, 0xa9]),
    (24072, [0x84, 0xbc, 0x38, 0x2f, 0xbe, 0xb2, 0x0f, 0xb6, 0xeb, 0x24, 0x6c, 0x29, 0x34, 0x2d, 0xb4, 0xc7]),
    (24073, [0x62, 0x80, 0x96, 0xff, 0xe6, 0xd7, 0x86, 0x3d, 0x2d, 0x66, 0x27, 0x33, 0xd4, 0x19, 0x9e, 0x00]),
    (24074, [0x7e, 0x81, 0xa0, 0xcb, 0xe4, 0xdd, 0x2e, 0xd9, 0x14, 0xca, 0xfb, 0xf2, 0xbc, 0x1c, 0xd6, 0x81]),
    (24075, [0x69, 0x19, 0xb0, 0x5e, 0x22, 0xd7, 0xd4, 0xc9, 0x3e, 0x45, 0x81, 0x84, 0xcf, 0x5d, 0x54, 0xeb]),
    (24076, [0x35, 0xd7, 0x63, 0xd6, 0x6e, 0x58, 0x0a, 0x95, 0xd8, 0x8c, 0x52, 0x52, 0x0e, 0x05, 0x12, 0x28]),
    (24077, [0x7c, 0xb7, 0xa7, 0xe3, 0xfa, 0xb4, 0x17, 0xf4, 0xf0, 0x52, 0x26, 0x82, 0x1c, 0x25, 0x6a, 0x2b]),
    (24078, [0xd3, 0xe1, 0xd2, 0x67, 0x9e, 0xa5, 0xe1, 0x35, 0xba, 0x24, 0xc7, 0x58, 0xf2, 0x1f, 0xb0, 0xf3]),
    (24079, [0xcd, 0xaf, 0x55, 0x58, 0xd2, 0x7b, 0x36, 0x3a, 0x71, 0x0d, 0xc4, 0xaf, 0xaf, 0x63, 0xee, 0x03]),
    (24080, [0xd9, 0xa8, 0x79, 0x65, 0x78, 0xb7, 0x15, 0xef, 0xfa, 0x2b, 0x92, 0xb1, 0x81, 0x41, 0xca, 0x0b]),
    (24081, [0xdb, 0x18, 0x3f, 0x64, 0xc9, 0x6c, 0xe0, 0xf2, 0xb3, 0x2b, 0x42, 0x97, 0xfe, 0x0d, 0xd7, 0x67]),
    (24082, [0x70, 0xf8, 0x0d, 0x1d, 0xa8, 0xaf, 0xee, 0x0c, 0x73, 0xd9, 0x38, 0x4d, 0x05, 0x92, 0xd1, 0x53]),
    (24083, [0x20, 0x7a, 0x4b, 0xef, 0x75, 0x75, 0x92, 0x4b, 0x63, 0x0a, 0x72, 0x98, 0x5d, 0xf3, 0x64, 0xcc]),
    (24084, [0x5f, 0xe4, 0x6d, 0xe0, 0xde, 0x01, 0x4c, 0xcc, 0xff, 0xe6, 0xcb, 0x99, 0x74, 0x91, 0xb4, 0x6e]),
    (24085, [0x09, 0x1b, 0x27, 0x7a, 0xb6, 0x34, 0xd1, 0x08, 0x02, 0xd9, 0xc8, 0x54, 0x1d, 0x8b, 0xa0, 0x4b]),
    (24086, [0xb4, 0xf4, 0xa9, 0x17, 0x50, 0x2c, 0xd3, 0xe4, 0xdd, 0x59, 0xc2, 0xc2, 0xa0, 0xea, 0x26, 0xc6]),
    (24087, [0x21, 0x62, 0x34, 0x93, 0xb3, 0x49, 0x95, 0xd3, 0x7b, 0xd5, 0xd1, 0x54, 0x5c, 0x67, 0x89, 0x11]),
    (24088, [0xe8, 0x8d, 0x83, 0xb4, 0x6d, 0x9d, 0xbf, 0x97, 0x7c, 0x76, 0x5d, 0xfb, 0xfa, 0xb9, 0xf1, 0xd9]),
    (24089, [0xa4, 0xf9, 0xda, 0xe9, 0x44, 0x79, 0x6a, 0x29, 0x8f, 0x06, 0x8e, 0xa4, 0xeb, 0x4d, 0xd4, 0x25]),
    (24090, [0xba, 0x70, 0x09, 0xd1, 0x05, 0x12, 0x9b, 0x30, 0x91, 0x1d, 0x70, 0xb2, 0xe4, 0x17, 0x5a, 0x3c]),
    (24091, [0xdb, 0x71, 0xd5, 0x13, 0x37, 0xa4, 0x92, 0x44, 0xbf, 0x90, 0x9d, 0x32, 0x34, 0x8a, 0x98, 0xa3]),
    (24092, [0x2e, 0xc6, 0x0a, 0x37, 0x74, 0xbf, 0xd0, 0x34, 0x23, 0xf6, 0xa3, 0xe3, 0xd2, 0x6f, 0x12, 0x22]),
    (24093, [0xbd, 0x9c, 0x24, 0x13, 0x51, 0x18, 0x48, 0x9f, 0x9a, 0x10, 0xbf, 0x47, 0xae, 0x52, 0x13, 0xa5]),
    (24094, [0xc1, 0xda, 0x7f, 0x8b, 0xb4, 0x9b, 0xb1, 0x0d, 0xc8, 0x62, 0x8f, 0x55, 0xab, 0x4a, 0xde, 0xf7]),
    (24095, [0x3c, 0xce, 0x18, 0x72, 0x1c, 0xb2, 0x61, 0xc8, 0xd4, 0x9b, 0x48, 0x25, 0x9a, 0x5c, 0x46, 0x2c]),
    (24096, [0xed, 0x1f, 0xb1, 0x9e, 0x47, 0xbf, 0x93, 0x42, 0x7a, 0xe7, 0x1c, 0x1d, 0xb4, 0xd5, 0x7c, 0xba]),
    (24097, [0x5d, 0x2b, 0x73, 0x8d, 0x10, 0x77, 0x11, 0x1c, 0x38, 0xfc, 0xb1, 0xd0, 0xe5, 0x9f, 0x36, 0xb3]),
    (24098, [0x88, 0x4c, 0xec, 0x58, 0x4f, 0x71, 0xb7, 0xd1, 0xbf, 0x5c, 0xcf, 0xab, 0x00, 0xc6, 0x07, 0xe3]),
    (24099, [0xd0, 0xce, 0x3b, 0x13, 0x60, 0xea, 0xc0, 0x70, 0x36, 0x23, 0x59, 0x47, 0x7e, 0x8e, 0xe5, 0x9e]),
    (24135, [0x11, 0xed, 0x69, 0xed, 0x74, 0x38, 0xa6, 0x8d, 0xb4, 0xed, 0x75, 0x97, 0x6d, 0xa9, 0xf3, 0x0e]),
    (24171, [0xde, 0x81, 0x08, 0xdb, 0xe9, 0x66, 0xd4, 0x97, 0xd2, 0x88, 0xfc, 0xc8, 0x1d, 0x9d, 0xba, 0x84]),
    (24201, [0xbd, 0xd9, 0x6d, 0x49, 0x3f, 0x23, 0x8b, 0xeb, 0xa3, 0x0a, 0x89, 0xbf, 0xea, 0xcd, 0xaa, 0x88]),
    (24202, [0x17, 0x0a, 0x2f, 0xb3, 0xf1, 0xfe, 0x83, 0x75, 0xaf, 0xef, 0xc9, 0x23, 0x83, 0xbe, 0x22, 0xc3]),
    (24203, [0x80, 0xd7, 0x2a, 0xce, 0xa7, 0x42, 0xc5, 0x13, 0x4e, 0x05, 0xc5, 0xd0, 0x3a, 0xa1, 0xea, 0xa8]),
    (24204, [0x5d, 0x70, 0xec, 0x5e, 0x71, 0xcf, 0xa7, 0x93, 0xc1, 0x9c, 0xb3, 0x06, 0x95, 0xd8, 0x2a, 0x82]),
    (24205, [0x34, 0x85, 0x7b, 0x84, 0x54, 0x70, 0x51, 0x4e, 0x0f, 0xd8, 0x10, 0x65, 0xa7, 0xaa, 0x14, 0x86]),
    (24241, [0x01, 0x03, 0xd5, 0x34, 0x74, 0xfb, 0xba, 0x88, 0x5e, 0x4d, 0x40, 0x59, 0x94, 0x91, 0x68, 0x0f]),
    (24242, [0x4e, 0x10, 0x8a, 0xdd, 0x25, 0x39, 0x2c, 0x41, 0x6e, 0x85, 0xb8, 0x0d, 0xa1, 0x54, 0x28, 0x8d]),
    (24243, [0xa4, 0xcd, 0xaa, 0x44, 0xf3, 0x8c, 0x0b, 0x2b, 0x03, 0x68, 0x24, 0x61, 0x02, 0x19, 0xae, 0x88]),
    (24244, [0x58, 0xb6, 0x35, 0x3f, 0xf8, 0xd3, 0xd3, 0x72, 0x1c, 0xc3, 0x8f, 0xa1, 0x01, 0x83, 0xae, 0xfc]),
    (24245, [0xae, 0x31, 0xc0, 0xb3, 0x51, 0xc7, 0xa8, 0x0c, 0x34, 0x1d, 0x2a, 0xd0, 0xab, 0x1d, 0x75, 0xaf]),
    (24246, [0xa9, 0x39, 0x34, 0xaf, 0x03, 0xcc, 0xd7, 0x76, 0x6d, 0x47, 0xbb, 0xcc, 0x8a, 0x59, 0xf5, 0xc8]),
    (24401, [0x38, 0x8d, 0x02, 0xca, 0xac, 0x0d, 0x4b, 0x6b, 0x42, 0xfb, 0xbd, 0x86, 0x42, 0x8f, 0xe3, 0x85]),
    (24402, [0xd3, 0x9f, 0x98, 0x2d, 0x7d, 0x93, 0xc6, 0x70, 0xdb, 0x5e, 0x9f, 0x44, 0xdb, 0xde, 0x83, 0xaf]),
    (24403, [0x5b, 0x48, 0x29, 0x6a, 0xc4, 0xa2, 0xab, 0x13, 0x21, 0x46, 0x61, 0x80, 0xc6, 0xa5, 0xcc, 0xa2]),
    (24404, [0xe2, 0xe8, 0x3f, 0x7f, 0x6d, 0x95, 0x9a, 0x25, 0xa2, 0xab, 0xe3, 0x55, 0x23, 0xb6, 0xe9, 0x2e]),
    (24405, [0x77, 0x42, 0x69, 0x6a, 0xc1, 0x8b, 0xd0, 0xfa, 0xf3, 0x9b, 0x15, 0x2a, 0x91, 0x11, 0x4a, 0x8f]),
    (24406, [0xf8, 0xe6, 0x07, 0x4d, 0x2f, 0x69, 0xe9, 0xd9, 0x5d, 0xa3, 0x2a, 0x2c, 0x54, 0xec, 0x64, 0xe0]),
    (24407, [0x66, 0x28, 0x50, 0x28, 0x20, 0xd8, 0x4a, 0xe7, 0x3e, 0x3f, 0xec, 0x6c, 0xb7, 0xd2, 0x3e, 0x78]),
    (24408, [0x4d, 0xd4, 0xf4, 0x00, 0xc8, 0x6c, 0x1f, 0xe7, 0x3e, 0x46, 0xfa, 0xbd, 0xa4, 0x5f, 0x10, 0x56]),
    (24447, [0x4b, 0x40, 0x19, 0x8e, 0xd6, 0x06, 0x36, 0x0e, 0xa3, 0xa2, 0xc1, 0xb6, 0x16, 0xb7, 0xa2, 0x41]),
    (24448, [0x19, 0xcf, 0x49, 0xfb, 0xb4, 0x03, 0x9c, 0x77, 0x5a, 0x1b, 0x6d, 0xb4, 0xd6, 0x7d, 0xab, 0x5f]),
    (24450, [0x5a, 0x9b, 0xe4, 0x71, 0x42, 0x88, 0x90, 0x2d, 0xb5, 0x58, 0xd3, 0x7a, 0xd6, 0x0a, 0xf9, 0xf9]),
    (24451, [0x7f, 0xc3, 0xd1, 0x57, 0xcc, 0x58, 0x6f, 0x20, 0xe1, 0x64, 0xce, 0x3f, 0x2b, 0x22, 0x86, 0x58]),
    (24461, [0xd9, 0x3e, 0x1d, 0x5f, 0x12, 0xe9, 0xe2, 0xbc, 0xbf, 0x98, 0xad, 0x27, 0xca, 0x8a, 0xef, 0x99]),
    (24462, [0x9b, 0x22, 0x74, 0x53, 0xe8, 0x05, 0xaa, 0xb5, 0x6e, 0xb0, 0x11, 0xca, 0x72, 0x52, 0x59, 0x0f]),
    (24471, [0xe6, 0x01, 0xe4, 0x54, 0xbc, 0x47, 0x88, 0x3b, 0x61, 0xff, 0xd5, 0x3b, 0x09, 0x85, 0xa1, 0xe0]),
    (24472, [0xb2, 0x18, 0x97, 0x6e, 0x27, 0xcc, 0x63, 0x07, 0x78, 0x13, 0x82, 0x65, 0x78, 0x7e, 0xa0, 0x9c]),
    (24473, [0x32, 0x1b, 0x99, 0xe7, 0x96, 0x8f, 0xbb, 0xb8, 0xb8, 0xf5, 0xee, 0x57, 0x3b, 0xa1, 0xd1, 0x51]),
    (24474, [0x3a, 0xab, 0xa0, 0x23, 0xea, 0x4a, 0x13, 0x9a, 0xf8, 0x5d, 0x85, 0x89, 0x4a, 0x06, 0x5a, 0x64]),
    (24481, [0x13, 0xbd, 0xf6, 0xc2, 0x28, 0x60, 0x0e, 0xaa, 0x45, 0x0b, 0x16, 0x38, 0x80, 0x86, 0x73, 0x0a]),
    (24482, [0xde, 0xf7, 0xe1, 0xe3, 0x30, 0x39, 0xc3, 0xdf, 0xfd, 0xd0, 0xcb, 0x96, 0x7e, 0x8a, 0xdb, 0xed]),
    (24483, [0xdb, 0x0d, 0x26, 0xd9, 0xf8, 0x10, 0xe6, 0x52, 0x93, 0x7b, 0x90, 0xdb, 0x40, 0xf4, 0x06, 0xdb]),
    (24484, [0x95, 0x0f, 0x96, 0xc1, 0x20, 0xba, 0xe3, 0xdd, 0x20, 0x06, 0x18, 0x89, 0x47, 0x21, 0x54, 0xf3]),
    (24485, [0x04, 0x44, 0x46, 0x9c, 0x50, 0x66, 0x42, 0x70, 0x7f, 0x9d, 0xe8, 0x61, 0xf2, 0xd5, 0xdf, 0xdf]),
    (24486, [0xee, 0x85, 0xf2, 0x84, 0xcc, 0x1b, 0xe4, 0x33, 0xfb, 0xa9, 0x7e, 0xc1, 0x61, 0xeb, 0x78, 0x92]),
    (24487, [0x72, 0xbb, 0x98, 0xff, 0xd0, 0xa1, 0xe2, 0xa2, 0x63, 0xd6, 0x3a, 0x39, 0x97, 0x4b, 0xdf, 0x9f]),
    (24488, [0x2e, 0x02, 0x23, 0x90, 0x0b, 0xf0, 0xc5, 0xf5, 0xd3, 0xa6, 0xbb, 0x18, 0x51, 0x09, 0xea, 0x62]),
    (24489, [0x4b, 0x1a, 0x00, 0x3e, 0xd8, 0xe6, 0xfd, 0xf8, 0x57, 0xdb, 0x54, 0x8b, 0xf4, 0xd2, 0xea, 0x92]),
    (24490, [0x02, 0x78, 0x0c, 0xad, 0xa3, 0xa0, 0xe8, 0xd6, 0xaa, 0x67, 0xd4, 0x9c, 0x8d, 0x54, 0x7a, 0x25]),
    (24491, [0x40, 0x7d, 0xce, 0x8a, 0x7f, 0x8f, 0xf9, 0xaa, 0x03, 0x1c, 0xad, 0x89, 0x20, 0x72, 0xf7, 0x67]),
    (24492, [0x1f, 0x58, 0xf8, 0x07, 0xd5, 0x21, 0x1c, 0xbe, 0xd8, 0x0a, 0xa0, 0xad, 0xb4, 0xed, 0x32, 0x98]),
    (24493, [0xfd, 0xa1, 0x27, 0x32, 0xd6, 0xe6, 0x8d, 0xd2, 0x66, 0x03, 0xac, 0xf1, 0xa6, 0xd6, 0x09, 0xba]),
    (24494, [0x05, 0x90, 0xe1, 0x6a, 0xf6, 0xe6, 0x3e, 0x17, 0x7c, 0x92, 0x88, 0x0f, 0xd1, 0xd8, 0xac, 0xe6]),
    (24495, [0x98, 0x04, 0x4e, 0x62, 0xcf, 0xc3, 0x9d, 0x2f, 0x03, 0xaf, 0x9b, 0x6b, 0xb0, 0x48, 0x81, 0x98]),
    (24496, [0xae, 0xf7, 0x29, 0xe2, 0x45, 0xff, 0xfe, 0x6c, 0xff, 0xe4, 0x4c, 0xa2, 0x47, 0xcb, 0xab, 0x7f]),
    (24498, [0xc4, 0x61, 0x97, 0x59, 0x2e, 0x4e, 0xaf, 0x17, 0xfd, 0xfc, 0x6d, 0x22, 0x32, 0x89, 0xf6, 0x64]),
    (24499, [0xfc, 0xdd, 0x35, 0x87, 0xdd, 0x09, 0x1a, 0x0d, 0xbe, 0x59, 0xa8, 0xd8, 0x3e, 0x46, 0xde, 0xf5]),
    (24932, [0x63, 0x42, 0xea, 0x95, 0x5f, 0x64, 0xa0, 0x86, 0x83, 0x57, 0xc5, 0x95, 0xf0, 0x61, 0xd1, 0xaf]),
    (24934, [0x11, 0xed, 0x69, 0xed, 0x74, 0x38, 0xa6, 0x8d, 0xb4, 0xed, 0x75, 0x97, 0x6d, 0xa9, 0xf3, 0x0e]),
    (24935, [0x11, 0xed, 0x69, 0xed, 0x74, 0x38, 0xa6, 0x8d, 0xb4, 0xed, 0x75, 0x97, 0x6d, 0xa9, 0xf3, 0x0e]),
    (24936, [0x16, 0xd5, 0x60, 0x07, 0x7a, 0x15, 0x00, 0x88, 0xa7, 0x41, 0x7a, 0xd6, 0x14, 0x25, 0xb9, 0x30]),
    (24937, [0x63, 0x42, 0xea, 0x95, 0x5f, 0x64, 0xa0, 0x86, 0x83, 0x57, 0xc5, 0x95, 0xf0, 0x61, 0xd1, 0xaf]),
    (24938, [0x58, 0x66, 0x88, 0xdf, 0xeb, 0xb2, 0xf0, 0x07, 0xee, 0x6c, 0x55, 0x3d, 0xe4, 0xd5, 0xc9, 0xa8]),
    (24939, [0x99, 0xde, 0x83, 0xd1, 0x03, 0xe8, 0xd6, 0x55, 0x4b, 0x5d, 0xaf, 0x47, 0x77, 0x73, 0x57, 0xcf]),
    (24961, [0xe9, 0xa1, 0x24, 0xb9, 0x5b, 0x88, 0x94, 0x66, 0xe5, 0xa6, 0xea, 0x03, 0x14, 0xad, 0x7c, 0xec]),
    (24962, [0x63, 0x42, 0xea, 0x95, 0x5f, 0x64, 0xa0, 0x86, 0x83, 0x57, 0xc5, 0x95, 0xf0, 0x61, 0xd1, 0xaf]),
    (24963, [0x63, 0x42, 0xea, 0x95, 0x5f, 0x64, 0xa0, 0x86, 0x83, 0x57, 0xc5, 0x95, 0xf0, 0x61, 0xd1, 0xaf]),
    (24981, [0xcc, 0xf3, 0xd5, 0x96, 0xe7, 0xc7, 0x57, 0x84, 0xf8, 0x21, 0x34, 0x43, 0x36, 0x5f, 0x7a, 0x49]),
    (24982, [0xad, 0x48, 0x7d, 0xab, 0x5a, 0xa4, 0x8c, 0xfe, 0xa4, 0x32, 0xa9, 0xba, 0x01, 0x9b, 0x85, 0x18]),
    (24983, [0xea, 0x5c, 0x1e, 0x7d, 0xbb, 0xa3, 0x55, 0xcb, 0x26, 0xf5, 0x4a, 0x8f, 0xa8, 0xeb, 0x9f, 0xec]),
    (24984, [0x7d, 0x2c, 0x36, 0x27, 0xd3, 0xba, 0x7c, 0x52, 0x41, 0x8e, 0x49, 0xd8, 0x6c, 0x1d, 0x6f, 0x66]),
    (24985, [0xdb, 0xed, 0x93, 0x79, 0xcd, 0x5c, 0xf0, 0x54, 0xc8, 0xda, 0xe2, 0x20, 0xed, 0xab, 0xde, 0x80]),
    (24986, [0x4e, 0x42, 0x37, 0x1b, 0x6a, 0xa8, 0x0f, 0x05, 0x9f, 0x64, 0xb8, 0x6b, 0x1b, 0xd5, 0xd1, 0xde]),
    (24987, [0x92, 0x65, 0xae, 0xa8, 0x3a, 0x04, 0xd5, 0xd1, 0x9b, 0x32, 0xe7, 0xbd, 0x51, 0xd6, 0x39, 0x88]),
    (24988, [0xfc, 0xe6, 0x6f, 0x2e, 0x83, 0xde, 0x4b, 0x28, 0xcf, 0x47, 0x76, 0xb8, 0x8d, 0xa9, 0xcd, 0x1e]),
    (24989, [0xdf, 0x9d, 0x36, 0x60, 0x87, 0xe8, 0x70, 0x91, 0xa1, 0x0e, 0x08, 0xb4, 0xea, 0x1a, 0xa6, 0x98]),
    (24990, [0xb5, 0x0f, 0x97, 0x3f, 0xbe, 0x7a, 0xeb, 0x45, 0xb6, 0x6c, 0xaa, 0x1d, 0x7f, 0xc3, 0x35, 0xdd]),
    (24991, [0x1b, 0x6d, 0x87, 0x5d, 0xed, 0xf8, 0x29, 0x46, 0x2c, 0xd3, 0x64, 0xe9, 0x92, 0x11, 0x62, 0x71]),
    (24992, [0x63, 0x42, 0xea, 0x95, 0x5f, 0x64, 0xa0, 0x86, 0x83, 0x57, 0xc5, 0x95, 0xf0, 0x61, 0xd1, 0xaf]),
    (24993, [0x63, 0x42, 0xea, 0x95, 0x5f, 0x64, 0xa0, 0x86, 0x83, 0x57, 0xc5, 0x95, 0xf0, 0x61, 0xd1, 0xaf]),
    (24994, [0x63, 0x42, 0xea, 0x95, 0x5f, 0x64, 0xa0, 0x86, 0x83, 0x57, 0xc5, 0x95, 0xf0, 0x61, 0xd1, 0xaf]),
    (24995, [0x63, 0x42, 0xea, 0x95, 0x5f, 0x64, 0xa0, 0x86, 0x83, 0x57, 0xc5, 0x95, 0xf0, 0x61, 0xd1, 0xaf]),
    (24996, [0x63, 0x42, 0xea, 0x95, 0x5f, 0x64, 0xa0, 0x86, 0x83, 0x57, 0xc5, 0x95, 0xf0, 0x61, 0xd1, 0xaf]),
    (24997, [0x63, 0x42, 0xea, 0x95, 0x5f, 0x64, 0xa0, 0x86, 0x83, 0x57, 0xc5, 0x95, 0xf0, 0x61, 0xd1, 0xaf]),
    (24998, [0x63, 0x42, 0xea, 0x95, 0x5f, 0x64, 0xa0, 0x86, 0x83, 0x57, 0xc5, 0x95, 0xf0, 0x61, 0xd1, 0xaf]),
    (25001, [0x8f, 0x4a, 0x4a, 0xe3, 0x3f, 0xa2, 0xdf, 0x7e, 0x6b, 0x87, 0x17, 0xc0, 0x3a, 0x7f, 0x25, 0x4a]),
    (25002, [0x93, 0x1d, 0x68, 0xa4, 0xc1, 0xd2, 0x99, 0xec, 0xed, 0x27, 0xf7, 0xcc, 0xf4, 0x7f, 0xf8, 0xd1]),
    (25003, [0x30, 0x8b, 0xa5, 0x36, 0x50, 0x07, 0x05, 0xe5, 0x3d, 0x32, 0x2f, 0x5b, 0xd2, 0xe0, 0x84, 0xd9]),
    (25501, [0x5e, 0x48, 0x99, 0xc7, 0xa1, 0x23, 0xe5, 0xc4, 0xfe, 0xbd, 0x28, 0x7f, 0x9f, 0x7e, 0x5f, 0x9d]),
    (25701, [0x81, 0xe3, 0xba, 0x29, 0x33, 0x53, 0x74, 0xe9, 0x17, 0xa1, 0x91, 0x98, 0xf1, 0xdf, 0xaf, 0xee]),
    (25702, [0x15, 0x29, 0x25, 0x2b, 0xab, 0xdd, 0xd1, 0x52, 0xaa, 0x71, 0xdc, 0x9a, 0x3b, 0x5b, 0xe2, 0xfa]),
    (25703, [0x1e, 0x13, 0x0c, 0xe4, 0x89, 0x95, 0xab, 0x13, 0x25, 0x50, 0x27, 0xaa, 0x68, 0x17, 0xa5, 0x60]),
    (25721, [0x63, 0x89, 0xac, 0x6b, 0x87, 0x97, 0x64, 0x35, 0xc4, 0xe0, 0xbe, 0xec, 0xfe, 0xc4, 0xde, 0xe5]),
    (25903, [0xfe, 0x62, 0x9e, 0xe0, 0x77, 0xcf, 0x78, 0x9a, 0xc9, 0x42, 0x9b, 0x68, 0x6f, 0x96, 0x14, 0x8c]),
    (26721, [0x3d, 0xc2, 0x96, 0xf6, 0x75, 0x6d, 0xc8, 0x86, 0x5e, 0x8e, 0xe6, 0x6f, 0x94, 0xb2, 0xa3, 0x0e]),
    (26801, [0x12, 0x2a, 0x99, 0xbb, 0x57, 0xfa, 0x16, 0x39, 0x8d, 0x3b, 0x3c, 0xf3, 0x5f, 0xed, 0xc9, 0x81]),
    (26803, [0x4e, 0x32, 0x48, 0x07, 0x77, 0x7d, 0x07, 0xd4, 0xe0, 0xf9, 0x43, 0x98, 0x16, 0x5c, 0x71, 0x01]),
    (26901, [0x19, 0x36, 0xf5, 0x65, 0x08, 0xb3, 0x5c, 0x8e, 0xd0, 0xdb, 0x01, 0x8e, 0xc7, 0xd8, 0x34, 0xe7]),
    (27001, [0x3d, 0x7d, 0x21, 0x52, 0x34, 0x9d, 0x1f, 0xaa, 0x11, 0xe8, 0x28, 0x1f, 0x6f, 0xac, 0xc0, 0x05]),
    (27002, [0xa4, 0x97, 0x26, 0x7e, 0x5a, 0x7f, 0x50, 0x20, 0x1f, 0x63, 0xce, 0xe9, 0x9d, 0x4d, 0x21, 0x12]),
    (27004, [0xab, 0x45, 0xf4, 0x4b, 0xc5, 0x02, 0x95, 0x3f, 0xa8, 0x20, 0xc6, 0xa7, 0x26, 0x8a, 0xef, 0x6c]),
    (27005, [0x35, 0xdf, 0xc7, 0x44, 0xae, 0xca, 0x95, 0x8d, 0x7e, 0x70, 0xde, 0xdf, 0x43, 0xba, 0xbe, 0x1f]),
    (27006, [0xb6, 0x3e, 0x43, 0xe6, 0xb7, 0x65, 0x49, 0x5f, 0x83, 0xec, 0x35, 0xcb, 0xc5, 0x65, 0x38, 0x8b]),
    (27007, [0x41, 0x30, 0xb9, 0x3d, 0xc8, 0x7e, 0x56, 0xe0, 0x18, 0x77, 0x50, 0x1b, 0xe0, 0x39, 0x2e, 0x24]),
    (27008, [0xed, 0x84, 0x7a, 0x82, 0x35, 0x8c, 0xa2, 0xed, 0x79, 0x79, 0xa0, 0x92, 0x0a, 0x7c, 0x3f, 0x1d]),
    (27009, [0x8f, 0x45, 0x87, 0x16, 0x66, 0xe5, 0xc8, 0x9d, 0x01, 0x4e, 0xb0, 0x95, 0x33, 0x09, 0x70, 0x2e]),
    (27010, [0x1f, 0x7e, 0x4f, 0xaf, 0x49, 0x67, 0x5b, 0xba, 0x74, 0xd2, 0xe1, 0x2e, 0xc8, 0x8a, 0xaf, 0x34]),
    (27013, [0x25, 0x85, 0xb1, 0x98, 0x94, 0x16, 0x69, 0x31, 0xa7, 0x60, 0xdf, 0xcc, 0x00, 0x1e, 0xdc, 0x32]),
    (27014, [0x4e, 0xfe, 0x8e, 0x69, 0xad, 0x4c, 0x2e, 0xa5, 0xb4, 0xac, 0x65, 0x32, 0xb4, 0x2a, 0x82, 0x74]),
    (27015, [0xe8, 0x3f, 0xa1, 0x2a, 0x31, 0x7e, 0x3f, 0x52, 0x98, 0x24, 0x93, 0x6b, 0xe0, 0x8c, 0x2a, 0x07]),
    (27401, [0xd3, 0x2d, 0x28, 0x27, 0xa9, 0x74, 0xc4, 0xf7, 0x83, 0xa6, 0x72, 0x52, 0x23, 0xf3, 0xa8, 0xa3]),
    (27402, [0x64, 0x6f, 0x4d, 0x54, 0xad, 0xb2, 0xa7, 0x12, 0xc4, 0x12, 0xae, 0xc0, 0xb5, 0x50, 0x66, 0x6e]),
    (27901, [0x16, 0x63, 0x9b, 0x4e, 0xe9, 0x8f, 0x41, 0x93, 0x7a, 0x06, 0xf5, 0xee, 0x6e, 0xc1, 0x54, 0x41]),
    (27921, [0xb7, 0x79, 0xb6, 0xc2, 0xc9, 0xc3, 0xa8, 0xf2, 0xf6, 0x79, 0xff, 0x97, 0x57, 0x80, 0x46, 0x4b]),
    (27931, [0x17, 0x8d, 0x2a, 0x02, 0x09, 0x7d, 0xcf, 0x1d, 0xcd, 0x37, 0xb1, 0xc1, 0x97, 0xe9, 0x4f, 0x90]),
    (27941, [0x1d, 0x9a, 0x69, 0x54, 0x17, 0xb7, 0x67, 0x12, 0x22, 0x80, 0xd7, 0xb9, 0x57, 0x0d, 0x63, 0xd6]),
    (28001, [0x87, 0x4d, 0x5b, 0xab, 0x01, 0xa3, 0x13, 0xb7, 0x64, 0x4f, 0x49, 0xe1, 0xac, 0x19, 0x69, 0x1f]),
    (28002, [0x36, 0xd4, 0xe4, 0xb5, 0xd5, 0xf7, 0xb8, 0x5b, 0x30, 0x30, 0xe0, 0xbf, 0x5a, 0x5f, 0x22, 0x8c]),
    (28003, [0xa3, 0x8e, 0x91, 0xcd, 0xbb, 0x18, 0x33, 0x0e, 0xa9, 0xa2, 0xe0, 0x2f, 0xbf, 0xdf, 0xf5, 0x08]),
    (28004, [0x24, 0xe5, 0xbe, 0x36, 0x98, 0xb3, 0x27, 0x90, 0xfe, 0xce, 0x61, 0x96, 0xb8, 0xda, 0xf2, 0x08]),
    (28005, [0x88, 0x35, 0x71, 0xc6, 0xc1, 0xc9, 0x48, 0x92, 0x69, 0x01, 0x96, 0x02, 0x2c, 0x56, 0xdf, 0xc3]),
    (28006, [0x76, 0x6a, 0x5f, 0x4f, 0x6a, 0xdc, 0x58, 0x6e, 0x73, 0xf7, 0x09, 0x62, 0xf6, 0xe9, 0xde, 0xf6]),
    (28007, [0xcf, 0x7e, 0x97, 0x61, 0xc1, 0xf5, 0x95, 0x68, 0x95, 0x3b, 0x9a, 0x4b, 0xfc, 0x5f, 0x2e, 0x3b]),
    (28008, [0x05, 0xa1, 0xe6, 0x2e, 0x51, 0xd9, 0x6b, 0x2c, 0xfd, 0x45, 0x71, 0x8a, 0x08, 0xbc, 0xd2, 0x9b]),
    (28009, [0x30, 0xf8, 0xff, 0xd9, 0xf5, 0x0f, 0x49, 0x44, 0x9e, 0x98, 0xff, 0xcb, 0x17, 0xdb, 0xe4, 0xf3]),
    (28010, [0xea, 0x0d, 0xe6, 0x14, 0x6e, 0x9f, 0x7b, 0x48, 0x07, 0xfc, 0x96, 0x8e, 0xa6, 0x5d, 0xb5, 0x58]),
    (28011, [0xbd, 0xb1, 0xa7, 0x8b, 0x9c, 0x0e, 0xc6, 0x7f, 0x20, 0x4b, 0x8e, 0x15, 0x05, 0xa1, 0xe5, 0x56]),
    (28012, [0xca, 0x7a, 0x2d, 0x9a, 0x30, 0x84, 0x65, 0x8a, 0x25, 0xf2, 0x01, 0xf9, 0x87, 0x1e, 0x3d, 0x68]),
    (28013, [0x9b, 0x5b, 0x87, 0x61, 0xb6, 0x07, 0xec, 0xca, 0x2a, 0x16, 0xc9, 0x3b, 0xbb, 0x71, 0x7c, 0xa5]),
    (28014, [0xca, 0xe6, 0x2d, 0xf8, 0x9f, 0x8c, 0xa9, 0xeb, 0xb0, 0xb1, 0xc2, 0x21, 0xfd, 0x4a, 0x8f, 0x50]),
    (28015, [0xd6, 0xca, 0x4e, 0x71, 0x4f, 0x16, 0xf1, 0xda, 0x8e, 0x97, 0x31, 0xad, 0x70, 0xdc, 0x10, 0xc4]),
    (28016, [0xac, 0x5c, 0xb1, 0xf5, 0xae, 0xd5, 0x16, 0x7c, 0x4a, 0x4b, 0xe2, 0xd5, 0x0b, 0x80, 0x69, 0x1e]),
    (28021, [0xa9, 0xec, 0x31, 0x10, 0x81, 0x07, 0x5b, 0x6e, 0x2f, 0x3e, 0x3e, 0x19, 0x51, 0x0c, 0x67, 0x2c]),
    (28023, [0xd6, 0x53, 0x83, 0xba, 0xd6, 0x7f, 0x93, 0x5a, 0x55, 0x58, 0x86, 0x0f, 0x0b, 0x89, 0xaa, 0x5f]),
    (28025, [0x7f, 0x40, 0x77, 0xbf, 0x1d, 0xde, 0xf6, 0xf9, 0x6b, 0xb2, 0x57, 0xbf, 0x65, 0x84, 0x19, 0x46]),
    (28026, [0x23, 0x52, 0xa2, 0xa0, 0x8f, 0x69, 0x41, 0xd2, 0x1b, 0xd3, 0x75, 0xcd, 0x5a, 0x10, 0x5e, 0x58]),
    (28027, [0xa9, 0xc2, 0x09, 0x32, 0x45, 0x37, 0x0b, 0x62, 0x51, 0x20, 0xb4, 0xe5, 0xcd, 0x6e, 0x0e, 0x4b]),
    (28028, [0x3c, 0x7b, 0xb2, 0x8a, 0xd2, 0x87, 0x4e, 0xda, 0xea, 0x9b, 0xfa, 0x5c, 0x81, 0xcc, 0xa8, 0x3a]),
    (28031, [0xa4, 0xf1, 0xbd, 0xcb, 0xde, 0xbe, 0x46, 0x9e, 0x50, 0xe4, 0x80, 0x74, 0xa5, 0x8d, 0x5b, 0xc5]),
    (28032, [0xff, 0x7b, 0x70, 0xd2, 0x69, 0x64, 0x84, 0xc2, 0xb7, 0xe7, 0x37, 0x0d, 0x26, 0xe3, 0x4b, 0x2e]),
    (28033, [0x3f, 0x52, 0x5a, 0xb7, 0xf4, 0x49, 0x81, 0x36, 0x30, 0x87, 0xbb, 0xe2, 0xd4, 0x09, 0xf2, 0x5b]),
    (28034, [0x46, 0x4a, 0x9f, 0x1c, 0xda, 0x8c, 0x40, 0x47, 0x47, 0xb5, 0x48, 0xa8, 0xd7, 0x91, 0x00, 0x6c]),
    (28035, [0xef, 0x2c, 0x3b, 0x63, 0xd4, 0xcb, 0xfb, 0x9f, 0x3f, 0xd5, 0x96, 0x67, 0x3a, 0xc4, 0xf5, 0x32]),
    (28036, [0x07, 0x3c, 0x66, 0x8e, 0x89, 0x55, 0xac, 0x70, 0xb5, 0xc8, 0x04, 0x2d, 0x9c, 0xe8, 0x3e, 0xf1]),
    (28037, [0x08, 0xd7, 0x3c, 0x5e, 0xd2, 0xaf, 0xd7, 0xf1, 0x1e, 0xea, 0x35, 0xeb, 0xde, 0x3e, 0x7c, 0x64]),
    (28038, [0x9b, 0xfe, 0x4a, 0x67, 0x45, 0x87, 0xf6, 0xd7, 0x16, 0x84, 0x2e, 0x6d, 0x82, 0xf2, 0x44, 0x2b]),
    (28041, [0x5e, 0x62, 0x86, 0x17, 0xdb, 0x9c, 0x84, 0xa7, 0x21, 0xd8, 0xaf, 0x89, 0x16, 0xbc, 0x6b, 0xf2]),
    (28042, [0x55, 0xed, 0x7c, 0x0f, 0xcf, 0xc5, 0xe4, 0x36, 0xe2, 0xa6, 0xb7, 0x37, 0xd9, 0x81, 0xb6, 0x07]),
    (28043, [0xb7, 0x58, 0x25, 0x5c, 0x01, 0x1d, 0x1d, 0xda, 0xfc, 0x6c, 0xad, 0x0b, 0x8b, 0xd6, 0xe8, 0x62]),
    (28044, [0x9e, 0xdb, 0x87, 0xaa, 0x50, 0x2a, 0xc6, 0xd5, 0x86, 0x20, 0x66, 0xec, 0xbb, 0x45, 0x99, 0x53]),
    (28045, [0x17, 0x8b, 0x6d, 0x99, 0xbd, 0x53, 0x11, 0x9e, 0xf7, 0xb3, 0x54, 0xc9, 0x09, 0xb0, 0xd0, 0xc2]),
    (28046, [0x0c, 0x58, 0x4b, 0xec, 0x2e, 0xd8, 0x54, 0xe3, 0x67, 0xdd, 0x9e, 0x61, 0x7a, 0x6a, 0x23, 0x8e]),
    (28047, [0x27, 0x00, 0x67, 0x3c, 0x63, 0x0a, 0x84, 0xb9, 0x70, 0x85, 0xac, 0xa4, 0xd7, 0x12, 0xab, 0xf0]),
    (28048, [0x63, 0xc0, 0x95, 0x54, 0x13, 0x94, 0x7f, 0x06, 0xe5, 0x6c, 0x75, 0xec, 0x0c, 0xb3, 0x86, 0xca]),
    (28051, [0x08, 0xad, 0x1f, 0x53, 0x95, 0xe6, 0xa3, 0x96, 0x98, 0x35, 0x21, 0x05, 0xe3, 0xd4, 0x64, 0x3c]),
    (28052, [0x5d, 0x69, 0x72, 0xc9, 0x01, 0xe5, 0x5b, 0x2b, 0xcf, 0x7e, 0xf9, 0x57, 0x58, 0xea, 0xaf, 0x58]),
    (28053, [0xd0, 0xf1, 0xe8, 0x3c, 0x82, 0x3c, 0xb6, 0xc2, 0x1e, 0x8f, 0x99, 0x6e, 0x84, 0xec, 0x7c, 0xe1]),
    (28054, [0x4e, 0x7f, 0x26, 0xed, 0x15, 0x21, 0x87, 0x06, 0x9e, 0xa5, 0xb0, 0xa9, 0x33, 0xde, 0xc8, 0x0e]),
    (28055, [0x8c, 0x79, 0xd3, 0x0f, 0x75, 0x6d, 0x3e, 0xf8, 0xac, 0x90, 0xea, 0x8a, 0xaa, 0x76, 0xe6, 0x40]),
    (28056, [0xab, 0xd7, 0xcc, 0x59, 0x26, 0x5b, 0x5b, 0x4d, 0x7e, 0x1d, 0x2e, 0xad, 0x49, 0xf7, 0x5d, 0x3b]),
    (28057, [0x87, 0xb0, 0x9a, 0x5c, 0xba, 0x97, 0x44, 0x40, 0x4a, 0xfe, 0xd2, 0xb5, 0x42, 0x90, 0x01, 0x15]),
    (28058, [0x12, 0xa8, 0x21, 0xa5, 0x77, 0xdf, 0x57, 0x3f, 0x51, 0x72, 0x44, 0xb2, 0x8c, 0xb3, 0xcf, 0x6f]),
    (28059, [0x06, 0xd2, 0x5b, 0x33, 0xca, 0xef, 0x60, 0x00, 0x68, 0xe8, 0x79, 0xde, 0xa1, 0x5f, 0xdd, 0xd6]),
    (28060, [0x35, 0x74, 0x2f, 0x1b, 0x1b, 0xb9, 0xc5, 0xe1, 0x7d, 0x00, 0xb6, 0xcb, 0x83, 0xf0, 0x86, 0xfb]),
    (28061, [0x62, 0x0d, 0xde, 0x79, 0xff, 0xb5, 0x5c, 0xc7, 0x61, 0x58, 0xab, 0x43, 0x3f, 0x03, 0x52, 0x9b]),
    (28071, [0xee, 0xac, 0xe1, 0xae, 0xd9, 0x4f, 0x00, 0xc1, 0xab, 0xae, 0x85, 0xd1, 0x81, 0x2b, 0x32, 0x40]),
    (28072, [0x0a, 0xc6, 0xf1, 0xa4, 0xe7, 0xfc, 0xef, 0x1f, 0x6e, 0xca, 0xde, 0x2b, 0x44, 0x28, 0xb4, 0x2c]),
    (28073, [0x91, 0x5b, 0xd6, 0xf2, 0x9d, 0x82, 0x8d, 0x10, 0x4d, 0x99, 0xbb, 0x27, 0xbc, 0x30, 0xa6, 0x4e]),
    (28074, [0x2b, 0x27, 0xef, 0xf5, 0xe0, 0x8f, 0xc3, 0xb1, 0xfb, 0x2a, 0xe7, 0x9f, 0x3b, 0x03, 0xbb, 0xb2]),
    (28075, [0xab, 0xea, 0xbb, 0x44, 0xee, 0x2a, 0xb0, 0xa9, 0x96, 0x3e, 0x36, 0x42, 0xa7, 0xbb, 0xbf, 0xfd]),
    (28076, [0x21, 0x2f, 0x15, 0x66, 0x78, 0xfb, 0xf5, 0x2d, 0x93, 0x4e, 0x96, 0x20, 0xc9, 0x1b, 0x15, 0x00]),
    (28077, [0x5d, 0xaf, 0xca, 0x10, 0x64, 0x75, 0x1d, 0x88, 0x7f, 0xd6, 0x22, 0xd7, 0x1f, 0x36, 0xbf, 0xb5]),
    (28078, [0xc6, 0x6c, 0x1e, 0x10, 0xcc, 0x37, 0x2f, 0x73, 0xe7, 0x28, 0x97, 0xbe, 0x35, 0x2c, 0x08, 0x3b]),
    (28081, [0xf8, 0x34, 0x38, 0x67, 0x98, 0xa5, 0xb5, 0xa3, 0xdc, 0x7e, 0xba, 0xef, 0xb0, 0xc4, 0xef, 0x21]),
    (28082, [0x6e, 0xde, 0x4a, 0x31, 0x78, 0x31, 0xcb, 0xfe, 0xb4, 0xeb, 0xff, 0x86, 0xd6, 0x1d, 0x9b, 0xc8]),
    (28083, [0x74, 0x55, 0xb2, 0x4c, 0x05, 0x4e, 0x71, 0x43, 0xd9, 0x36, 0x53, 0xbf, 0xd2, 0x6f, 0xb3, 0xa0]),
    (28084, [0xb8, 0xe0, 0xb6, 0x35, 0xd8, 0x99, 0x54, 0xb4, 0xdb, 0xa0, 0xdd, 0xfd, 0xfa, 0xb4, 0x7b, 0x60]),
    (28085, [0x0f, 0x6b, 0xd9, 0x52, 0xfe, 0xc3, 0x7b, 0xfb, 0x9a, 0xf1, 0x95, 0xb9, 0x36, 0x35, 0x35, 0x20]),
    (28086, [0xea, 0xdf, 0xe3, 0x8f, 0x68, 0x77, 0x85, 0x80, 0xa9, 0xf5, 0x43, 0x34, 0x9a, 0x56, 0x57, 0xc8]),
    (28087, [0x2a, 0x4d, 0x08, 0xee, 0xfd, 0xb1, 0xff, 0x7a, 0x1e, 0x6b, 0x81, 0x40, 0xdc, 0xac, 0x87, 0x67]),
    (28088, [0x8c, 0xad, 0x8a, 0xb3, 0x2f, 0xf3, 0xa6, 0x31, 0xe1, 0x20, 0xab, 0x4a, 0x96, 0x58, 0x10, 0x1d]),
    (28089, [0x2e, 0x23, 0xba, 0x78, 0x77, 0xed, 0xe4, 0x31, 0x44, 0xbe, 0x24, 0xbb, 0x62, 0x40, 0xd2, 0xbb]),
    (28101, [0x43, 0x24, 0x65, 0xfe, 0xe2, 0xb6, 0xa2, 0x79, 0xe3, 0x6a, 0x74, 0x76, 0xcf, 0x1d, 0x63, 0xe5]),
    (28102, [0xf8, 0xf9, 0x0a, 0xf7, 0x53, 0x48, 0x3e, 0xbf, 0xc4, 0x9d, 0xb4, 0x5d, 0xe7, 0xe2, 0x95, 0x1c]),
    (28103, [0x12, 0xc8, 0xf2, 0x72, 0x5d, 0xb5, 0x84, 0xd7, 0x2b, 0xab, 0x3a, 0x1c, 0x88, 0x8f, 0x76, 0xe9]),
    (28104, [0xd6, 0xa5, 0xa2, 0x19, 0x2d, 0x38, 0x72, 0xf6, 0xe8, 0x94, 0x8a, 0x6f, 0x21, 0x3e, 0x8f, 0xa9]),
    (28105, [0x6c, 0x06, 0x8f, 0xb6, 0x30, 0x6b, 0x4c, 0xc6, 0x44, 0xeb, 0x26, 0x3c, 0xdd, 0x49, 0xd5, 0x01]),
    (28106, [0xbf, 0x8f, 0xa8, 0xb3, 0xbf, 0x03, 0x53, 0x62, 0x05, 0xc7, 0xc9, 0x39, 0x19, 0xc6, 0x06, 0xf8]),
    (28107, [0xea, 0xa3, 0xfc, 0x42, 0x7a, 0x66, 0xd9, 0x4d, 0x32, 0xb5, 0x29, 0x71, 0x37, 0xc2, 0x9e, 0x56]),
    (28108, [0x4b, 0xd0, 0x15, 0xf4, 0x2c, 0xe5, 0x6f, 0x95, 0xf6, 0xe0, 0x8e, 0x36, 0xf7, 0xac, 0x8b, 0xf6]),
    (28109, [0xe1, 0x9c, 0xba, 0x3a, 0x73, 0xbe, 0xa3, 0xfb, 0xdb, 0x4f, 0xae, 0xb3, 0xfe, 0xb7, 0xa0, 0xfe]),
    (28111, [0x33, 0x94, 0x68, 0x05, 0xff, 0xed, 0x61, 0x73, 0x0d, 0x19, 0x6c, 0xb2, 0x38, 0xa4, 0x0e, 0x1c]),
    (28112, [0x80, 0xe4, 0x82, 0x99, 0x50, 0xc6, 0x21, 0x21, 0x72, 0xd6, 0x64, 0xd7, 0xeb, 0xc2, 0x1c, 0x36]),
    (28113, [0xe4, 0x70, 0x66, 0x55, 0x2d, 0x6e, 0xc7, 0x72, 0x01, 0x05, 0xd3, 0xe7, 0x3c, 0x63, 0xc6, 0x22]),
    (28114, [0xd6, 0x04, 0xc1, 0xaa, 0xf6, 0xd2, 0x8c, 0x4e, 0x97, 0x91, 0x6b, 0x5b, 0xaf, 0x02, 0x65, 0xd9]),
    (28115, [0x88, 0x5e, 0x9b, 0xe0, 0x6b, 0x71, 0x0f, 0x26, 0x07, 0x1f, 0xef, 0x90, 0x84, 0x89, 0x0c, 0x0a]),
    (28116, [0xc2, 0x25, 0xc0, 0xc7, 0x0e, 0xe8, 0xa5, 0xd8, 0x95, 0x71, 0xcd, 0x11, 0x74, 0x22, 0x4b, 0xdc]),
    (28117, [0xb0, 0x18, 0x86, 0x7f, 0x54, 0x51, 0x33, 0xaa, 0x39, 0x4d, 0xcf, 0x91, 0x43, 0x71, 0xdc, 0x8b]),
    (29181, [0xd9, 0x0d, 0x98, 0xfd, 0x16, 0xf1, 0xd8, 0xbc, 0x36, 0x06, 0xef, 0x6f, 0xb5, 0xac, 0x50, 0x04]),
    (29684, [0x84, 0xf7, 0x83, 0xfd, 0x4b, 0x53, 0xf0, 0xe2, 0x80, 0x99, 0xce, 0x34, 0x67, 0x61, 0x2b, 0xb1]),
    (29731, [0xad, 0x41, 0xf7, 0xd4, 0x05, 0x26, 0x2a, 0x7f, 0x86, 0x86, 0x13, 0x33, 0x2d, 0x33, 0xf0, 0x8f]),
    (29732, [0xdd, 0xea, 0x53, 0x3d, 0x3d, 0x82, 0xbb, 0x57, 0xa2, 0x52, 0xee, 0x8b, 0x24, 0x2c, 0xb0, 0x1b]),
    (29733, [0xdf, 0x59, 0xd2, 0x93, 0xe4, 0x0d, 0x01, 0x9c, 0x22, 0xbf, 0xbe, 0x24, 0x96, 0x18, 0x84, 0xdd]),
    (30001, [0x2a, 0xdc, 0xb0, 0xa2, 0xed, 0x2a, 0xb1, 0xaf, 0xae, 0xb1, 0x47, 0xe8, 0x5f, 0x15, 0xe8, 0x07]),
    (31281, [0x7e, 0x8e, 0x49, 0x5b, 0xe2, 0x19, 0x70, 0xb4, 0xda, 0x8f, 0x65, 0x73, 0xdd, 0x1b, 0x38, 0x2a]),
    (31282, [0x91, 0xed, 0xbf, 0xab, 0x81, 0x06, 0x4f, 0xf2, 0x6c, 0x49, 0x73, 0x41, 0x21, 0xf3, 0x2d, 0x7c]),
    (31301, [0xe7, 0x62, 0xdc, 0xf9, 0x06, 0xd1, 0x3e, 0x11, 0xf0, 0x45, 0xb6, 0xc4, 0x29, 0x52, 0x17, 0x78]),
    (31411, [0x5c, 0x57, 0xd6, 0xf2, 0xdf, 0x33, 0x0c, 0xf8, 0x68, 0x42, 0xcc, 0x4b, 0x9d, 0x2c, 0x81, 0x5b]),
    (31420, [0x18, 0xab, 0x0b, 0x8d, 0x13, 0xd5, 0x3f, 0x5e, 0x99, 0xb8, 0x11, 0xa8, 0xab, 0x8c, 0xb1, 0x5e]),
    (31741, [0x96, 0x6a, 0xa4, 0x2f, 0xc8, 0x32, 0xb8, 0x11, 0x0b, 0x03, 0x14, 0xb7, 0x7b, 0x9b, 0x89, 0x7c]),
    (31742, [0x7f, 0x74, 0xf3, 0x5a, 0xae, 0xad, 0xf8, 0x1f, 0x72, 0x3e, 0x31, 0xc1, 0xa8, 0x3d, 0xa1, 0xb3]),
    (32151, [0x32, 0x3d, 0xe7, 0x16, 0x1a, 0x13, 0xbd, 0xea, 0x45, 0x1f, 0x65, 0xcf, 0x18, 0x55, 0x51, 0x9d]),
    (32376, [0xb0, 0xfc, 0x6a, 0xe1, 0x21, 0xe3, 0x0b, 0xd5, 0x41, 0x82, 0x85, 0xbd, 0x1b, 0x79, 0x69, 0x29]),
    (32377, [0x1b, 0x28, 0xd1, 0xb2, 0xc3, 0x0d, 0xb4, 0xe4, 0xc3, 0x2c, 0x3a, 0x5c, 0x75, 0xa6, 0x17, 0x39]),
    (32433, [0x94, 0xb4, 0x3a, 0xd6, 0x71, 0x5f, 0x94, 0xfc, 0x2a, 0x32, 0xc6, 0x00, 0x24, 0xc8, 0x8b, 0x3a]),
    (32434, [0x9e, 0xb1, 0xc3, 0x50, 0x37, 0xfa, 0x10, 0x2f, 0xa4, 0xca, 0xbb, 0x32, 0xc0, 0xd1, 0xd2, 0x5c]),
    (32461, [0x5b, 0x33, 0x9c, 0xbf, 0x43, 0xe7, 0xc4, 0x85, 0x59, 0xa5, 0x88, 0x72, 0x60, 0xc3, 0x98, 0x68]),
    (32501, [0x3e, 0x7e, 0x74, 0xb4, 0x1a, 0xb4, 0x45, 0x56, 0x43, 0xb9, 0x6b, 0x6a, 0xc2, 0xfd, 0xa0, 0x04]),
    (32502, [0x36, 0xa5, 0x51, 0x16, 0x7d, 0x14, 0xfc, 0xce, 0x38, 0xb9, 0xf9, 0x9d, 0xd0, 0xb5, 0x39, 0xe6]),
    (32503, [0xdc, 0x00, 0x4a, 0x2f, 0x74, 0x10, 0xed, 0x1b, 0xb0, 0x51, 0x9b, 0x26, 0xd6, 0x60, 0x5c, 0xbd]),
    (32511, [0xc1, 0x29, 0x9d, 0x70, 0x88, 0xba, 0x95, 0xe3, 0x94, 0xd1, 0x00, 0xd1, 0x9a, 0x02, 0x2f, 0xc3]),
    (32802, [0x80, 0x67, 0xf6, 0xfc, 0xd6, 0xf4, 0x97, 0xf4, 0xe1, 0x0f, 0x21, 0x04, 0x4a, 0xb6, 0xde, 0xad]),
    (32803, [0xf3, 0x70, 0x30, 0x3c, 0xa7, 0x2a, 0x8f, 0xbc, 0x27, 0xdf, 0xe9, 0x62, 0x09, 0xf1, 0x7c, 0xc3]),
    (32804, [0x95, 0xe1, 0xbc, 0xae, 0x5e, 0x90, 0x8d, 0xae, 0x2c, 0x44, 0x74, 0x26, 0x71, 0x8f, 0x1c, 0x6e]),
    (32805, [0x0e, 0x1d, 0x46, 0x93, 0xeb, 0x4a, 0x60, 0xb0, 0xca, 0x0d, 0xa3, 0xf8, 0x5d, 0x81, 0xa4, 0x85]),
    (32806, [0x4c, 0xde, 0x32, 0x3b, 0xeb, 0x96, 0xa4, 0xce, 0xe7, 0x02, 0x11, 0xde, 0x40, 0x68, 0xd8, 0xfe]),
    (32807, [0x28, 0x4b, 0x6e, 0xea, 0xff, 0x9a, 0xa4, 0xac, 0xe8, 0xdd, 0x6a, 0x7e, 0xc2, 0x18, 0x42, 0x5e]),
    (32808, [0x58, 0x17, 0x22, 0xd9, 0x20, 0x35, 0x32, 0x2b, 0xfa, 0x17, 0x4a, 0xba, 0xae, 0x2d, 0x88, 0x34]),
    (32809, [0xa5, 0x23, 0x04, 0x19, 0x9e, 0xc1, 0x49, 0x33, 0x1c, 0x52, 0x6e, 0xf2, 0xa2, 0x05, 0x7b, 0x88]),
    (32810, [0xa9, 0x9f, 0x21, 0x2d, 0xba, 0xb2, 0xb7, 0x7f, 0x00, 0x93, 0xa0, 0xb2, 0x29, 0x84, 0x61, 0x32]),
    (32811, [0x10, 0xd6, 0x33, 0x99, 0xee, 0x70, 0x1e, 0x28, 0x30, 0x8f, 0xa6, 0x15, 0x81, 0x84, 0xdf, 0x28]),
    (32812, [0xb6, 0xe5, 0x72, 0x9e, 0x67, 0x5a, 0x8f, 0x54, 0xd1, 0x98, 0xef, 0x60, 0xd0, 0x09, 0x33, 0x95]),
    (32813, [0x44, 0x35, 0x16, 0x3a, 0x8a, 0x2a, 0xd7, 0x81, 0x70, 0xe1, 0x38, 0xc4, 0x74, 0xcd, 0xef, 0x95]),
    (32814, [0xb3, 0xaf, 0x02, 0x93, 0x9b, 0x0d, 0xd7, 0xdb, 0xa2, 0x70, 0x7c, 0x18, 0x08, 0x3a, 0x5d, 0xcc]),
    (32815, [0x75, 0x0e, 0xee, 0xe6, 0x58, 0xa8, 0x91, 0xf0, 0x7d, 0x8d, 0xfa, 0x1c, 0x08, 0x61, 0xe0, 0x99]),
    (33101, [0xf1, 0x98, 0x5b, 0xaf, 0x41, 0x4b, 0xab, 0x43, 0xf5, 0x92, 0xda, 0xba, 0xbd, 0x76, 0xab, 0xa9]),
    (33102, [0x3e, 0xf0, 0x2d, 0x8c, 0xb0, 0x61, 0x7a, 0xfe, 0xd4, 0x1e, 0xfd, 0x65, 0xb8, 0x0b, 0x67, 0x19]),
    (33111, [0xfe, 0x3a, 0x44, 0x31, 0xdc, 0x73, 0x37, 0x84, 0xd5, 0x9a, 0x50, 0x1f, 0xd2, 0xf1, 0xb0, 0xc0]),
    (33112, [0xfe, 0xb9, 0xd2, 0x18, 0xc1, 0x87, 0x7d, 0x38, 0x81, 0xba, 0xe4, 0x08, 0x0b, 0x39, 0xce, 0xdc]),
    (33121, [0x91, 0xf3, 0x03, 0x3c, 0x69, 0x3f, 0x7e, 0xa9, 0x7d, 0x04, 0x4f, 0x2e, 0x54, 0x78, 0x08, 0x6d]),
    (33122, [0xfd, 0x6b, 0x1e, 0xf0, 0x85, 0x3e, 0xf5, 0x07, 0x59, 0x6a, 0x7a, 0x92, 0xeb, 0x5a, 0x5e, 0xea]),
    (33131, [0x83, 0xf8, 0xaf, 0xb3, 0x4e, 0xd4, 0xef, 0xd3, 0x6c, 0xe4, 0xa5, 0xb2, 0x80, 0xf2, 0x6e, 0x14]),
    (33132, [0xa9, 0x9a, 0x6d, 0xa1, 0x5d, 0xb1, 0xdb, 0x20, 0x87, 0xda, 0xf0, 0x1f, 0xa6, 0xca, 0x18, 0x89]),
    (33221, [0x11, 0x3b, 0x0e, 0xc4, 0x3b, 0x1c, 0xb6, 0x34, 0xb8, 0x6d, 0x46, 0x52, 0xd1, 0x5c, 0x73, 0xe4]),
    (33222, [0x2c, 0x71, 0x42, 0xcb, 0xe4, 0x86, 0x7a, 0xe9, 0xb0, 0xba, 0xc4, 0xd0, 0x24, 0x47, 0x44, 0x13]),
    (33223, [0xb8, 0x21, 0x86, 0xd5, 0x80, 0xa6, 0x06, 0xa4, 0x5e, 0xba, 0x1a, 0xbe, 0x84, 0xe9, 0x1f, 0xf8]),
    (33224, [0x6a, 0x6a, 0x38, 0xcf, 0x01, 0x0b, 0x7a, 0x30, 0xbd, 0xda, 0x17, 0x14, 0x50, 0x2c, 0x94, 0x9f]),
    (33225, [0xa5, 0x97, 0xb3, 0x70, 0x17, 0x11, 0xc5, 0xc5, 0x4f, 0x6c, 0x27, 0x25, 0x76, 0xb3, 0x17, 0x17]),
    (33226, [0x04, 0x57, 0xc7, 0xa0, 0x3a, 0xde, 0x75, 0x7a, 0x83, 0x40, 0xa6, 0x0f, 0x0d, 0x9d, 0x29, 0xb5]),
    (33227, [0x25, 0x94, 0x68, 0x07, 0xa4, 0x93, 0xa1, 0xe6, 0x9d, 0x6f, 0x9b, 0xdb, 0xff, 0x04, 0x3d, 0x1f]),
    (33228, [0x12, 0x2c, 0x4c, 0xda, 0x96, 0xc3, 0x69, 0x91, 0xb7, 0x6a, 0x40, 0xd2, 0x42, 0x61, 0xa3, 0x71]),
    (33229, [0x24, 0xd5, 0xc3, 0xfe, 0x1c, 0x93, 0x22, 0xf8, 0x85, 0x62, 0xb6, 0x00, 0x37, 0x92, 0x60, 0xc4]),
    (33231, [0x1e, 0xdc, 0xcd, 0xcc, 0x27, 0xfa, 0x5d, 0x69, 0xb3, 0xf2, 0xb3, 0x10, 0x24, 0xa8, 0x07, 0xc0]),
    (33232, [0xb3, 0x6b, 0xbf, 0xce, 0x40, 0x6b, 0x89, 0x9e, 0x18, 0xec, 0xb0, 0x03, 0x9f, 0x19, 0xd0, 0x77]),
    (33233, [0x28, 0x5e, 0x01, 0xfb, 0x53, 0xd5, 0x7c, 0xe5, 0xf5, 0xd6, 0x3e, 0x79, 0xe1, 0xa9, 0x61, 0x3f]),
    (33234, [0x73, 0xdc, 0x04, 0xd7, 0x33, 0x11, 0x2d, 0x55, 0x19, 0x78, 0xd3, 0xb3, 0xba, 0x33, 0xbb, 0xb3]),
    (33235, [0xc8, 0x4a, 0x31, 0x6c, 0x13, 0x14, 0xb0, 0x27, 0x5f, 0x68, 0x24, 0xa6, 0x3f, 0x15, 0x2e, 0xea]),
    (33236, [0x2e, 0x01, 0x42, 0x5f, 0x9a, 0x05, 0xb9, 0x0c, 0x89, 0x01, 0x08, 0x7a, 0xb5, 0x76, 0xc7, 0x7d]),
    (33237, [0x18, 0xfe, 0x4b, 0x57, 0x9a, 0xd2, 0x3c, 0xcc, 0xea, 0xbb, 0x66, 0xa7, 0xc7, 0x46, 0xd4, 0xd1]),
    (33238, [0x4c, 0xb2, 0x11, 0xf5, 0x09, 0xf3, 0x19, 0xe1, 0x75, 0x2f, 0x6f, 0x65, 0x89, 0xca, 0xab, 0x93]),
    (33239, [0x35, 0x78, 0x25, 0x1a, 0xec, 0x45, 0xfe, 0x03, 0x59, 0x03, 0x33, 0xc9, 0xbd, 0x09, 0xab, 0x4c]),
    (33241, [0xc8, 0x68, 0x9c, 0x55, 0xd0, 0x6e, 0x4b, 0x4e, 0xa6, 0xa3, 0x8a, 0x90, 0xe1, 0xcd, 0x0f, 0x73]),
    (33242, [0x4e, 0x34, 0xed, 0x14, 0x38, 0xa2, 0x6b, 0x08, 0xe3, 0xac, 0x87, 0xf9, 0xf5, 0x46, 0xf1, 0x50]),
    (33245, [0x58, 0x66, 0x88, 0xdf, 0xeb, 0xb2, 0xf0, 0x07, 0xee, 0x6c, 0x55, 0x3d, 0xe4, 0xd5, 0xc9, 0xa8]),
    (33246, [0x58, 0x66, 0x88, 0xdf, 0xeb, 0xb2, 0xf0, 0x07, 0xee, 0x6c, 0x55, 0x3d, 0xe4, 0xd5, 0xc9, 0xa8]),
    (33287, [0x11, 0xed, 0x69, 0xed, 0x74, 0x38, 0xa6, 0x8d, 0xb4, 0xed, 0x75, 0x97, 0x6d, 0xa9, 0xf3, 0x0e]),
    (33288, [0x11, 0xed, 0x69, 0xed, 0x74, 0x38, 0xa6, 0x8d, 0xb4, 0xed, 0x75, 0x97, 0x6d, 0xa9, 0xf3, 0x0e]),
    (33311, [0xd6, 0x90, 0xb8, 0xfe, 0xd4, 0xba, 0xe0, 0x47, 0x87, 0x09, 0x3c, 0x48, 0x5b, 0x14, 0x42, 0x98]),
    (33312, [0xbe, 0x7a, 0xfa, 0x68, 0x33, 0x49, 0xa2, 0xf1, 0xe3, 0x55, 0x46, 0x0c, 0xbe, 0x26, 0x71, 0xff]),
    (33313, [0xb2, 0x68, 0x7f, 0x72, 0x46, 0x70, 0x62, 0x2b, 0xae, 0x75, 0xa9, 0x29, 0x09, 0xd2, 0xfc, 0x4e]),
    (33314, [0xf9, 0x1b, 0x77, 0x20, 0x87, 0xa8, 0x4d, 0xa5, 0xc8, 0xb0, 0x82, 0x3b, 0x5e, 0x58, 0x36, 0x29]),
    (33315, [0xa9, 0x37, 0xa5, 0x46, 0x44, 0x3d, 0x19, 0xbe, 0x01, 0x34, 0x3a, 0x2d, 0x0b, 0x03, 0xfd, 0xb5]),
    (33316, [0x7d, 0x5c, 0x01, 0x7d, 0xdc, 0xe3, 0x51, 0x96, 0x11, 0xce, 0xed, 0x8b, 0x0a, 0x36, 0xbf, 0x72]),
    (33317, [0xf2, 0x10, 0xbd, 0x32, 0xd8, 0xf5, 0xab, 0xd1, 0x3f, 0xbb, 0x7e, 0x0d, 0xb5, 0xc1, 0xb8, 0xb2]),
    (33318, [0x79, 0x7c, 0xd1, 0x5b, 0xcc, 0x0a, 0x15, 0x3b, 0xba, 0x75, 0xeb, 0xfc, 0xee, 0xbd, 0xb1, 0x9d]),
    (33319, [0xcd, 0x0d, 0x62, 0xe9, 0xae, 0xa6, 0x11, 0xe7, 0x89, 0x58, 0xa1, 0xd6, 0x7d, 0x74, 0x42, 0xdb]),
    (33321, [0x8b, 0xcf, 0xcc, 0xb3, 0xb3, 0x57, 0xcb, 0xf9, 0x3d, 0xff, 0x9a, 0xec, 0x92, 0x04, 0xab, 0x64]),
    (33325, [0x58, 0x66, 0x88, 0xdf, 0xeb, 0xb2, 0xf0, 0x07, 0xee, 0x6c, 0x55, 0x3d, 0xe4, 0xd5, 0xc9, 0xa8]),
    (33326, [0x58, 0x66, 0x88, 0xdf, 0xeb, 0xb2, 0xf0, 0x07, 0xee, 0x6c, 0x55, 0x3d, 0xe4, 0xd5, 0xc9, 0xa8]),
    (33360, [0x11, 0xed, 0x69, 0xed, 0x74, 0x38, 0xa6, 0x8d, 0xb4, 0xed, 0x75, 0x97, 0x6d, 0xa9, 0xf3, 0x0e]),
    (33361, [0x11, 0xed, 0x69, 0xed, 0x74, 0x38, 0xa6, 0x8d, 0xb4, 0xed, 0x75, 0x97, 0x6d, 0xa9, 0xf3, 0x0e]),
    (33370, [0x58, 0x66, 0x88, 0xdf, 0xeb, 0xb2, 0xf0, 0x07, 0xee, 0x6c, 0x55, 0x3d, 0xe4, 0xd5, 0xc9, 0xa8]),
    (33371, [0x58, 0x66, 0x88, 0xdf, 0xeb, 0xb2, 0xf0, 0x07, 0xee, 0x6c, 0x55, 0x3d, 0xe4, 0xd5, 0xc9, 0xa8]),
    (33391, [0x4e, 0x25, 0x80, 0xe1, 0x61, 0x81, 0x12, 0xfb, 0xa9, 0x49, 0xdb, 0x05, 0xa2, 0x30, 0x25, 0xae]),
    (33401, [0x4e, 0x25, 0x80, 0xe1, 0x61, 0x81, 0x12, 0xfb, 0xa9, 0x49, 0xdb, 0x05, 0xa2, 0x30, 0x25, 0xae]),
    (33411, [0x2f, 0x12, 0x37, 0xd1, 0xc6, 0xa6, 0xae, 0xec, 0x0d, 0xd7, 0x6f, 0x55, 0xfe, 0xcb, 0x51, 0x59]),
    (33421, [0x16, 0x8b, 0xfb, 0xd3, 0x64, 0x91, 0x9d, 0xef, 0xaf, 0x5b, 0xd9, 0x22, 0x21, 0x05, 0x70, 0x8c]),
    (33441, [0xe1, 0x8a, 0x93, 0x6a, 0x29, 0xea, 0x1e, 0x1e, 0xd0, 0xb5, 0xdc, 0xdb, 0xa6, 0x56, 0x62, 0xef]),
    (33442, [0x4a, 0x3b, 0x94, 0x25, 0xa6, 0x66, 0x31, 0x40, 0xf3, 0x8e, 0xb9, 0xf3, 0x23, 0x63, 0xa6, 0xa3]),
    (33446, [0x63, 0x42, 0xea, 0x95, 0x5f, 0x64, 0xa0, 0x86, 0x83, 0x57, 0xc5, 0x95, 0xf0, 0x61, 0xd1, 0xaf]),
    (33447, [0x63, 0x42, 0xea, 0x95, 0x5f, 0x64, 0xa0, 0x86, 0x83, 0x57, 0xc5, 0x95, 0xf0, 0x61, 0xd1, 0xaf]),
    (33448, [0x63, 0x42, 0xea, 0x95, 0x5f, 0x64, 0xa0, 0x86, 0x83, 0x57, 0xc5, 0x95, 0xf0, 0x61, 0xd1, 0xaf]),
    (33456, [0x63, 0x42, 0xea, 0x95, 0x5f, 0x64, 0xa0, 0x86, 0x83, 0x57, 0xc5, 0x95, 0xf0, 0x61, 0xd1, 0xaf]),
    (33457, [0x63, 0x42, 0xea, 0x95, 0x5f, 0x64, 0xa0, 0x86, 0x83, 0x57, 0xc5, 0x95, 0xf0, 0x61, 0xd1, 0xaf]),
    (33461, [0x92, 0xee, 0x6b, 0x3a, 0xac, 0x00, 0x59, 0x11, 0xc3, 0x38, 0xfc, 0xb1, 0x85, 0x6c, 0x08, 0x55]),
    (33601, [0x51, 0xe5, 0x6b, 0xc4, 0xbe, 0x0f, 0xd2, 0x4c, 0x3b, 0x19, 0x26, 0x18, 0x9e, 0x69, 0x80, 0x25]),
    (33602, [0x93, 0x7a, 0xaf, 0xf3, 0xf0, 0xc5, 0x55, 0xb5, 0xd6, 0x7c, 0x0a, 0x0e, 0xbd, 0xef, 0x06, 0x3f]),
    (33791, [0xae, 0xc1, 0xb1, 0x3e, 0x38, 0x35, 0x36, 0x37, 0x30, 0x73, 0xe6, 0x89, 0xae, 0xa2, 0xca, 0x53]),
    (33792, [0x21, 0x4f, 0xc2, 0x0d, 0xf5, 0x13, 0xda, 0xf6, 0xd8, 0x18, 0x47, 0x7f, 0xfc, 0xbb, 0x0f, 0xca]),
    (33901, [0x9d, 0x43, 0xcf, 0x0d, 0xb6, 0xf3, 0xa2, 0x5e, 0x2a, 0x89, 0x60, 0x8c, 0x4f, 0xe1, 0xbc, 0x55]),
    (33902, [0xa4, 0xf8, 0xfc, 0xd3, 0xb3, 0x08, 0x65, 0x6f, 0x0d, 0x03, 0xbf, 0xee, 0x44, 0x73, 0x41, 0xb6]),
    (33903, [0x5a, 0x02, 0xd2, 0x24, 0x2c, 0xfe, 0xb7, 0xf0, 0xe5, 0x5b, 0x26, 0x10, 0xd2, 0xd8, 0xd7, 0x1f]),
    (33911, [0x55, 0xb1, 0x5d, 0xd3, 0xe9, 0x58, 0x0d, 0x4b, 0x2f, 0x25, 0x7d, 0x9f, 0x98, 0x79, 0x49, 0x74]),
    (33931, [0x10, 0xda, 0xcd, 0x66, 0xe8, 0x23, 0xb6, 0x9a, 0x51, 0xf9, 0x37, 0xec, 0xc0, 0x01, 0xa0, 0xc9]),
    (33932, [0x6c, 0x95, 0xb7, 0x40, 0xc5, 0x2e, 0x73, 0x1a, 0x01, 0xea, 0x16, 0x19, 0x66, 0x56, 0xc8, 0xe8]),
    (33934, [0xe2, 0xb8, 0x37, 0xf9, 0x6d, 0xb6, 0xce, 0x18, 0x5e, 0xbd, 0x6a, 0xf7, 0x9e, 0x13, 0x29, 0x4a]),
    (34001, [0xb0, 0x00, 0x1c, 0x8b, 0x26, 0xec, 0xe9, 0xb4, 0x36, 0xe9, 0xd8, 0x2b, 0x0e, 0xa3, 0x5f, 0xa1]),
    (34002, [0x4e, 0x61, 0x4f, 0xd2, 0x04, 0xbe, 0xf8, 0xd1, 0xa7, 0x3e, 0xd1, 0xb9, 0x91, 0x5c, 0x87, 0xf4]),
    (34003, [0x93, 0x54, 0x7a, 0x50, 0x3a, 0x4d, 0xd3, 0x0d, 0x57, 0x9f, 0x21, 0xb3, 0xf1, 0x8b, 0x4b, 0x41]),
    (34011, [0x72, 0xab, 0x09, 0x7e, 0x0f, 0x92, 0xe8, 0x2f, 0x93, 0x44, 0x1f, 0x74, 0xd9, 0xdb, 0x84, 0x6e]),
    (34012, [0x5b, 0x5b, 0x95, 0xd9, 0x11, 0x7a, 0x8a, 0xcc, 0x12, 0x4d, 0x89, 0xe9, 0x55, 0xbd, 0xb1, 0x3e]),
    (34013, [0xa7, 0x25, 0x34, 0x4b, 0x9d, 0xba, 0x04, 0x0b, 0xea, 0x19, 0x67, 0x32, 0xd7, 0x90, 0x60, 0x98]),
    (34014, [0x53, 0x53, 0xd9, 0xf5, 0x50, 0x1e, 0xb2, 0x9b, 0x5c, 0xd4, 0x1e, 0xec, 0xe9, 0x5e, 0x23, 0x5a]),
    (34015, [0x0e, 0x38, 0xc7, 0x13, 0x19, 0xf1, 0x92, 0x4d, 0x99, 0x3f, 0x1d, 0x10, 0xb6, 0xd5, 0xaa, 0x90]),
    (34016, [0x37, 0xa5, 0xe2, 0x3a, 0x26, 0xab, 0xd4, 0x77, 0x7a, 0x1d, 0xcb, 0x2f, 0xb6, 0x10, 0x3f, 0xdd]),
    (34017, [0xb1, 0x10, 0xa6, 0x24, 0xdd, 0xbc, 0x2f, 0x40, 0x56, 0x54, 0xb3, 0x7f, 0xfb, 0x79, 0x93, 0x67]),
    (34018, [0xde, 0x45, 0x5e, 0xd2, 0x1c, 0xba, 0xa0, 0x75, 0xb3, 0x33, 0x7f, 0x88, 0x6b, 0x45, 0x83, 0xeb]),
    (34021, [0x1c, 0x13, 0xc0, 0xc4, 0x7d, 0xdc, 0x61, 0x85, 0x0a, 0x4d, 0x58, 0x82, 0x6d, 0xaa, 0x8c, 0x05]),
    (34031, [0xce, 0xd0, 0x92, 0xfb, 0xf7, 0xae, 0x7c, 0x51, 0xa5, 0xe5, 0x6a, 0xe4, 0x12, 0xf0, 0x80, 0x96]),
    (34032, [0x76, 0xbf, 0xf9, 0xb9, 0x65, 0x34, 0x36, 0x31, 0xbe, 0x64, 0xb5, 0xe4, 0xba, 0x6c, 0xfc, 0xc3]),
    (34033, [0xbb, 0x48, 0x9e, 0x9d, 0xee, 0x26, 0xf1, 0x5d, 0x22, 0x91, 0xef, 0x86, 0x00, 0xcc, 0xd9, 0x32]),
    (34035, [0x0c, 0xa8, 0xdd, 0x81, 0xc6, 0x4d, 0x07, 0xe4, 0x77, 0x99, 0xca, 0x34, 0xc6, 0xbd, 0x3a, 0xe8]),
    (34036, [0x37, 0x2e, 0x0f, 0x8a, 0x2b, 0xe4, 0xe3, 0xbe, 0x43, 0xb3, 0xb0, 0x4f, 0x8c, 0x30, 0x5d, 0xbf]),
    (34037, [0xbf, 0xda, 0xfd, 0x83, 0xa1, 0x3d, 0x28, 0x5e, 0xc7, 0xe5, 0xba, 0x28, 0x98, 0xa3, 0x59, 0x60]),
    (34038, [0x5c, 0xef, 0x17, 0xbb, 0x35, 0x3c, 0x7b, 0xd7, 0x04, 0xd6, 0x69, 0x88, 0x4d, 0x54, 0xbe, 0x00]),
    (34039, [0x17, 0x00, 0xd2, 0x70, 0x02, 0xa9, 0xb2, 0x14, 0x1f, 0x95, 0xd3, 0xa7, 0x11, 0x98, 0xee, 0x60]),
    (34040, [0xde, 0xd2, 0x9e, 0xb4, 0x21, 0x1d, 0xef, 0x41, 0x14, 0x6b, 0x51, 0x59, 0x15, 0xe7, 0xb8, 0x08]),
    (34041, [0xfc, 0x29, 0xf4, 0x2b, 0xb8, 0xf3, 0x1e, 0xe9, 0xf5, 0x37, 0xe7, 0xfc, 0x9d, 0x96, 0x37, 0x2b]),
    (34042, [0xaa, 0x53, 0x55, 0x7e, 0x21, 0xc0, 0x6d, 0xba, 0x46, 0xd7, 0x19, 0xcc, 0xb1, 0x55, 0x19, 0x5a]),
    (34043, [0x56, 0x48, 0x65, 0xe2, 0x29, 0x25, 0x26, 0xa0, 0x22, 0xf1, 0x42, 0x3c, 0xb7, 0xe6, 0x61, 0xc8]),
    (34051, [0x49, 0xce, 0x6e, 0xf3, 0x74, 0x7b, 0x28, 0x24, 0x01, 0xce, 0xca, 0xe6, 0x44, 0x55, 0xbe, 0xfb]),
    (34052, [0xc5, 0x21, 0xe2, 0x96, 0x23, 0x9d, 0x21, 0xbe, 0x48, 0x98, 0xfe, 0xa4, 0xcf, 0x50, 0x0c, 0xd0]),
    (34053, [0x87, 0xe6, 0x2d, 0x76, 0x59, 0x34, 0x3e, 0x2b, 0x17, 0xa3, 0x99, 0xf9, 0x39, 0x02, 0xe2, 0x57]),
    (34071, [0x99, 0x40, 0x41, 0x49, 0x59, 0x61, 0x6d, 0x1e, 0x00, 0xd8, 0xdd, 0xab, 0x85, 0x3b, 0x7f, 0x1e]),
    (34072, [0x80, 0x98, 0x1e, 0x28, 0x50, 0x01, 0x08, 0xbc, 0x00, 0x58, 0xaf, 0xfa, 0x44, 0x21, 0x51, 0x79]),
    (34073, [0x9f, 0xc8, 0x49, 0x2d, 0x7c, 0x3e, 0x17, 0xd1, 0x88, 0x6c, 0xc0, 0x32, 0x83, 0x82, 0xc6, 0xca]),
    (34075, [0x31, 0x10, 0x90, 0xd4, 0x56, 0xa5, 0xc8, 0x33, 0xa5, 0x8f, 0x65, 0xfe, 0x2e, 0x26, 0x50, 0x01]),
    (34076, [0x5f, 0xb5, 0x1d, 0x0c, 0xa2, 0xa0, 0x68, 0x0d, 0x77, 0xb9, 0xf9, 0x04, 0xd3, 0x6b, 0xbf, 0xe3]),
    (34077, [0xe8, 0x79, 0x86, 0x8e, 0x90, 0xd4, 0x4d, 0x99, 0x2f, 0x25, 0x20, 0xca, 0xf3, 0x88, 0xbc, 0xc7]),
    (34078, [0x0e, 0x68, 0x53, 0xab, 0xd6, 0x33, 0x6c, 0xbe, 0x09, 0xb6, 0xd8, 0x7e, 0xee, 0xd1, 0xeb, 0xdf]),
    (34079, [0xd0, 0x9f, 0x07, 0x12, 0xf4, 0xde, 0x28, 0xa2, 0x5f, 0x04, 0xc9, 0xa4, 0xa2, 0x8e, 0xa6, 0x2e]),
    (34080, [0x5e, 0xb4, 0x2d, 0xa3, 0x8a, 0xb2, 0x85, 0x4e, 0xc7, 0xf8, 0xff, 0xe7, 0xea, 0xd9, 0x65, 0x9e]),
    (34081, [0xb3, 0x77, 0xbd, 0x89, 0x76, 0x7b, 0x5c, 0x92, 0x92, 0x78, 0xc7, 0x0a, 0x60, 0x4c, 0x8d, 0xd5]),
    (34082, [0x64, 0xfb, 0x2f, 0xae, 0xfd, 0x7c, 0x90, 0xbf, 0x6c, 0xab, 0x01, 0x81, 0x58, 0x9f, 0x12, 0x59]),
    (34091, [0xc7, 0x43, 0xb1, 0x37, 0x32, 0x8f, 0x64, 0xf1, 0x78, 0x29, 0x5e, 0xbe, 0x9f, 0xea, 0x4f, 0x21]),
    (34092, [0x63, 0x93, 0xcc, 0xb1, 0xa6, 0x73, 0xc0, 0xb3, 0x4e, 0xa3, 0x2a, 0x9b, 0x22, 0x88, 0x9f, 0xa7]),
    (34093, [0xd2, 0x43, 0x70, 0x1d, 0xb2, 0x3d, 0x7a, 0xbe, 0x2c, 0xa4, 0xdf, 0x02, 0xe3, 0x14, 0x86, 0xb8]),
    (34094, [0x55, 0x21, 0xf6, 0x95, 0x6f, 0xd3, 0xdd, 0xb7, 0x93, 0xfc, 0x7f, 0x1f, 0x07, 0xf3, 0x71, 0x80]),
    (34095, [0x6b, 0xe4, 0x6c, 0x28, 0x2c, 0xa8, 0x10, 0x06, 0x7b, 0x15, 0xe5, 0x8c, 0x0e, 0x6f, 0xb7, 0x2b]),
    (34096, [0x14, 0xad, 0xd5, 0x72, 0x74, 0x40, 0xfe, 0xf9, 0x29, 0x32, 0x3d, 0x4a, 0x81, 0x80, 0xfd, 0x9e]),
    (34097, [0xd1, 0x7a, 0x41, 0x97, 0xcf, 0xf3, 0xb6, 0x1f, 0x6a, 0x71, 0x75, 0x6d, 0x7b, 0x65, 0x31, 0x73]),
    (34098, [0x04, 0x10, 0x53, 0x87, 0xfb, 0x3d, 0x85, 0xeb, 0x1a, 0xde, 0xc2, 0x74, 0x03, 0x7c, 0xa1, 0xf9]),
    (34099, [0xb0, 0x40, 0x5d, 0xf5, 0x13, 0xe0, 0x57, 0xd0, 0xe0, 0xe3, 0x4d, 0x51, 0xfd, 0x05, 0x1a, 0x7f]),
    (34121, [0x2a, 0x3b, 0x4f, 0x56, 0x82, 0xe4, 0x4b, 0x2b, 0x6f, 0xd3, 0x41, 0x49, 0x55, 0x4d, 0x2b, 0x85]),
    (34131, [0x0c, 0x0c, 0xbc, 0x13, 0x59, 0xec, 0xce, 0x6a, 0xcc, 0x60, 0xad, 0x24, 0x47, 0xf8, 0xf5, 0xe2]),
    (34132, [0x29, 0xdc, 0x46, 0xd7, 0x3c, 0xf1, 0x72, 0x50, 0x41, 0x21, 0x7c, 0xdb, 0x59, 0x81, 0x81, 0xa4]),
    (34133, [0xd7, 0x01, 0x1f, 0x62, 0x9c, 0xb8, 0xa0, 0x6c, 0x9d, 0xea, 0x2b, 0x61, 0x4f, 0x3f, 0x4a, 0x9a]),
    (34134, [0xd2, 0x9c, 0x8e, 0x06, 0x88, 0xbf, 0xb6, 0x5b, 0x93, 0x77, 0x4a, 0x1d, 0x0e, 0xec, 0xbf, 0x42]),
    (34135, [0x15, 0xda, 0x5f, 0x06, 0x13, 0x3d, 0xa7, 0xaf, 0x12, 0x3d, 0x1d, 0x00, 0xd7, 0x43, 0x4d, 0x77]),
    (34136, [0x8f, 0x2f, 0x44, 0xb1, 0x77, 0xf5, 0xf2, 0x85, 0xe6, 0x92, 0x66, 0x3c, 0x4c, 0x19, 0xe1, 0x12]),
    (34201, [0xa4, 0x52, 0x94, 0x5d, 0xa1, 0xea, 0x2c, 0x34, 0x1e, 0x4b, 0x59, 0xad, 0xee, 0x5a, 0xa7, 0x79]),
    (34202, [0xb6, 0x2d, 0x70, 0x32, 0x8e, 0x38, 0x5a, 0xdb, 0xfd, 0xb6, 0x60, 0x55, 0xb7, 0xe0, 0xc1, 0x3c]),
    (34203, [0x7c, 0xc0, 0x08, 0xf1, 0x28, 0xa5, 0x42, 0xb5, 0x45, 0x04, 0x4a, 0xe5, 0xbe, 0x8f, 0x44, 0xf3]),
    (34204, [0x65, 0xe0, 0x65, 0x5c, 0xad, 0x6e, 0x35, 0x91, 0xc8, 0xf2, 0x34, 0x71, 0x77, 0x4c, 0xd4, 0xf9]),
    (34205, [0x2f, 0x1b, 0x13, 0x99, 0x50, 0xfc, 0x89, 0xf3, 0x19, 0xdf, 0x56, 0x36, 0x27, 0x56, 0x0e, 0x83]),
    (34206, [0xf7, 0x68, 0x26, 0x30, 0x03, 0xd4, 0xb2, 0x49, 0xd4, 0xe4, 0x5c, 0x56, 0x1b, 0xcb, 0xe1, 0x6f]),
    (34207, [0x91, 0x3a, 0xdf, 0xc6, 0x0f, 0xb1, 0xad, 0x05, 0x53, 0x7a, 0xf2, 0x21, 0xc6, 0xff, 0xa7, 0xd2]),
    (34208, [0x81, 0x13, 0xe3, 0x87, 0x12, 0x9c, 0x49, 0x4a, 0x44, 0xc1, 0xc9, 0xeb, 0xe2, 0x57, 0xd2, 0xfc]),
    (34209, [0xc0, 0xff, 0x30, 0x0b, 0xd8, 0x7f, 0xbf, 0x6d, 0x33, 0x2f, 0x52, 0xfd, 0x9d, 0xa9, 0xe1, 0x35]),
    (34211, [0xd8, 0x80, 0xcb, 0x73, 0xaf, 0xbd, 0x28, 0x5c, 0x6b, 0x4c, 0x4d, 0xe6, 0x5e, 0x64, 0x93, 0x64]),
    (34212, [0xf1, 0x70, 0x7a, 0x7a, 0x88, 0xa9, 0x1e, 0xe2, 0xdd, 0x1c, 0xd6, 0xe7, 0x87, 0xb1, 0x08, 0xff]),
    (34213, [0xc3, 0x9a, 0x40, 0x74, 0xd3, 0xec, 0x2d, 0x30, 0xa9, 0x17, 0x1d, 0xb8, 0x31, 0x4a, 0x21, 0x37]),
    (34214, [0xf8, 0x75, 0x93, 0x85, 0x9c, 0x0b, 0xb1, 0xcf, 0xe5, 0x7a, 0xa9, 0x15, 0xa2, 0x91, 0xb1, 0xa6]),
    (34215, [0x19, 0xb1, 0xe4, 0x36, 0xbf, 0x80, 0x4c, 0xea, 0xdb, 0x06, 0x75, 0xb1, 0x5a, 0xc4, 0x9c, 0x81]),
    (34216, [0xdb, 0x05, 0x19, 0x31, 0x37, 0x77, 0x1e, 0x33, 0x60, 0x25, 0x91, 0xb4, 0x71, 0x49, 0x3f, 0x18]),
    (34217, [0x67, 0x6d, 0xaf, 0xfd, 0xc1, 0xd9, 0xde, 0x39, 0xac, 0x3e, 0x95, 0xa7, 0x57, 0x13, 0x45, 0xce]),
    (34218, [0xd9, 0x84, 0xd6, 0x0e, 0x60, 0xf3, 0xa9, 0xcd, 0x8d, 0xbb, 0x08, 0x62, 0xbc, 0x5e, 0x72, 0xbe]),
    (34219, [0x77, 0xd9, 0xd9, 0x09, 0xee, 0x7d, 0x7f, 0x08, 0xd9, 0x6b, 0xbe, 0xf6, 0x59, 0xc6, 0xbc, 0xc2]),
    (34221, [0x67, 0x54, 0xd1, 0x9c, 0x58, 0x8d, 0x5c, 0x8d, 0x4e, 0x81, 0x56, 0x49, 0x05, 0xeb, 0xf5, 0xf5]),
    (34222, [0x74, 0xe5, 0x25, 0x24, 0x1d, 0x2e, 0x56, 0xab, 0x8c, 0x87, 0xf4, 0x87, 0xba, 0x0b, 0x80, 0xe0]),
    (34223, [0x0d, 0xd8, 0xb5, 0xbd, 0x1c, 0xcd, 0x12, 0xc0, 0xe7, 0x52, 0x7a, 0x28, 0x39, 0x55, 0x43, 0xb0]),
    (34224, [0xe3, 0x19, 0xb4, 0x35, 0xdb, 0x18, 0x00, 0x00, 0xba, 0xbc, 0x29, 0x21, 0xd5, 0x3a, 0x8b, 0x42]),
    (34231, [0xc5, 0x11, 0xcb, 0x5c, 0x73, 0xe5, 0x19, 0x03, 0xcd, 0x0e, 0x49, 0x5f, 0x3e, 0xca, 0x57, 0x56]),
    (34232, [0x24, 0xf8, 0x25, 0x99, 0x18, 0xa5, 0x8d, 0x68, 0x7f, 0xde, 0x05, 0xcb, 0x4e, 0x84, 0xf8, 0xf4]),
    (34241, [0x98, 0xb8, 0xe3, 0x63, 0x4f, 0xed, 0xe6, 0xa8, 0xd8, 0x11, 0x26, 0x74, 0xb1, 0xbe, 0xf9, 0x7c]),
    (34251, [0x02, 0xff, 0x4b, 0x35, 0xef, 0x82, 0x09, 0x2c, 0x4d, 0xf8, 0xa1, 0x78, 0x36, 0x3d, 0xf4, 0x7b]),
    (34252, [0xa6, 0x65, 0xb6, 0x21, 0x3b, 0x52, 0x91, 0xa0, 0xd9, 0x4e, 0xc1, 0xb8, 0xc5, 0xcb, 0x4c, 0x12]),
    (34253, [0x0e, 0x85, 0x64, 0x66, 0x18, 0xad, 0xf6, 0xb8, 0x5f, 0x6d, 0xa6, 0xdc, 0x92, 0xc1, 0x93, 0xf5]),
    (34254, [0x04, 0x65, 0x26, 0xc0, 0x61, 0x87, 0x1c, 0x66, 0x80, 0xee, 0xdc, 0xf4, 0x6b, 0x40, 0x55, 0xe9]),
    (34255, [0xb4, 0x09, 0x5a, 0xff, 0x9b, 0xe1, 0x5c, 0x59, 0xf9, 0x9a, 0x9f, 0x48, 0xa7, 0x61, 0xb5, 0x99]),
    (34256, [0xc6, 0xf3, 0x34, 0xb8, 0xa2, 0x0b, 0xde, 0x96, 0xb6, 0x96, 0x83, 0x26, 0xad, 0xee, 0x67, 0x32]),
    (34257, [0xc2, 0x8e, 0xc3, 0xd7, 0x6f, 0xfa, 0x1b, 0x69, 0x5c, 0x16, 0x32, 0xeb, 0x2b, 0x66, 0x80, 0x3e]),
    (34258, [0x01, 0x8a, 0x50, 0xc5, 0x30, 0xa7, 0xc0, 0xec, 0x31, 0x34, 0xe8, 0xa9, 0xfa, 0x71, 0xcb, 0x3c]),
    (34259, [0xba, 0xf8, 0xfa, 0xe3, 0xe5, 0xcb, 0x98, 0x7d, 0x16, 0x12, 0x7a, 0x7e, 0x50, 0xfb, 0x6a, 0xa5]),
    (34260, [0xbe, 0x44, 0x9a, 0xfa, 0x00, 0xf8, 0x94, 0x8e, 0x52, 0x06, 0x1b, 0xbc, 0x8d, 0xca, 0xd2, 0x59]),
    (34261, [0x8e, 0x6f, 0x2a, 0x2f, 0x9b, 0x89, 0x6a, 0x92, 0xd8, 0xe9, 0x29, 0xee, 0x68, 0x93, 0x5b, 0x6e]),
    (34321, [0xc6, 0xcd, 0xb4, 0x5a, 0x68, 0x07, 0x4b, 0x53, 0xad, 0xc4, 0x7c, 0x8a, 0xb5, 0x12, 0xc0, 0x6d]),
    (34331, [0xff, 0x8c, 0x21, 0x95, 0xd7, 0x86, 0xe3, 0x17, 0x9a, 0x42, 0xce, 0x2b, 0xe4, 0x81, 0x00, 0x73]),
    (34332, [0xd9, 0xb7, 0x84, 0xee, 0x1d, 0x10, 0x22, 0xa3, 0x7e, 0xca, 0x90, 0xbc, 0x2c, 0xc6, 0xe1, 0x2b]),
    (34333, [0x97, 0xda, 0xc4, 0x2c, 0xbb, 0xf4, 0xa1, 0xb1, 0x7b, 0x6a, 0x22, 0xc3, 0x63, 0x1f, 0x5c, 0xc4]),
    (34334, [0x4c, 0x15, 0x32, 0x7b, 0xb8, 0x37, 0xc0, 0x19, 0x4a, 0x1e, 0xdc, 0xcf, 0x40, 0x83, 0x46, 0xa6]),
    (34335, [0x7c, 0x9b, 0x40, 0x7b, 0x9a, 0xdb, 0x72, 0x13, 0xcf, 0x76, 0x5a, 0x6c, 0x2c, 0x6d, 0x1b, 0x94]),
    (34336, [0x9c, 0xbd, 0xf0, 0xc4, 0x5e, 0xe6, 0x08, 0xd0, 0xd9, 0x15, 0x56, 0x20, 0x72, 0x5d, 0x8d, 0x6e]),
    (34337, [0xb3, 0x25, 0x11, 0xa8, 0x03, 0xd8, 0x8b, 0x50, 0x3e, 0x8d, 0x4b, 0x5d, 0x10, 0x58, 0xaa, 0xbb]),
    (34338, [0x60, 0x4e, 0x22, 0x7b, 0x2d, 0x03, 0xd4, 0x54, 0x77, 0x56, 0xfd, 0xfe, 0x62, 0xfc, 0x2e, 0x55]),
    (34339, [0x19, 0xeb, 0xd2, 0xc0, 0xd1, 0xc3, 0x02, 0xed, 0x0b, 0xef, 0x48, 0x55, 0xdd, 0x32, 0x43, 0x97]),
    (34340, [0x59, 0x4b, 0x0f, 0x1a, 0xf3, 0xb5, 0xf2, 0x78, 0x2e, 0x0b, 0x97, 0x92, 0x25, 0xbf, 0x9a, 0xbd]),
    (34341, [0xd6, 0x6f, 0xf7, 0xc7, 0x22, 0x7f, 0x02, 0x69, 0x2e, 0x7e, 0x50, 0xde, 0xf4, 0x86, 0xbc, 0xb8]),
    (34351, [0x41, 0xce, 0x1a, 0xe1, 0x97, 0xdf, 0x09, 0x10, 0x2e, 0xb5, 0x9f, 0x7d, 0x90, 0xee, 0x7d, 0x51]),
    (34352, [0x8d, 0x3a, 0xf7, 0xc1, 0x2e, 0x86, 0xff, 0xb0, 0xf0, 0x0e, 0x60, 0x54, 0xdd, 0x19, 0x10, 0x49]),
    (34353, [0x33, 0xd2, 0x5f, 0xe3, 0x59, 0x93, 0x6e, 0x8e, 0xd8, 0xdc, 0x36, 0x74, 0x3f, 0x14, 0x69, 0x0b]),
    (34354, [0xe8, 0x0a, 0x77, 0x44, 0xe4, 0x28, 0xeb, 0xb6, 0xb1, 0x89, 0xea, 0x14, 0x93, 0x57, 0x70, 0x6a]),
    (34355, [0xa9, 0x91, 0x05, 0x0b, 0x17, 0xe4, 0x1a, 0x16, 0xf9, 0xe4, 0x51, 0x85, 0x9c, 0xb6, 0x56, 0x7c]),
    (34356, [0x8e, 0x6e, 0x76, 0x1a, 0x79, 0x3a, 0xee, 0xfa, 0x03, 0x2c, 0x73, 0xc6, 0x30, 0xb8, 0xa7, 0xf1]),
    (34357, [0x2e, 0x65, 0x17, 0x8e, 0xbc, 0x1d, 0xf5, 0x78, 0xbd, 0xad, 0x40, 0xcf, 0xd8, 0x79, 0xd4, 0x8b]),
    (34358, [0xc1, 0xf6, 0x86, 0x98, 0x95, 0x9e, 0x2f, 0x10, 0x53, 0x3f, 0x43, 0x49, 0x5a, 0xc3, 0xe1, 0x2a]),
    (34359, [0x7b, 0x77, 0x2d, 0x8d, 0xaf, 0xc9, 0x5b, 0xc6, 0x9e, 0xec, 0x0c, 0xbd, 0x77, 0x60, 0xfb, 0x43]),
    (34360, [0xeb, 0x45, 0x88, 0x92, 0xb7, 0x52, 0xcb, 0xa0, 0x33, 0x2f, 0x75, 0x9e, 0x63, 0x38, 0xfd, 0xe0]),
    (34361, [0x8d, 0xbc, 0xd3, 0x92, 0xf0, 0x9a, 0xe4, 0x2d, 0xa2, 0x70, 0x11, 0xb0, 0x1a, 0xa6, 0xf4, 0xa7]),
    (34362, [0xc8, 0x75, 0xf5, 0x7c, 0x2a, 0x7f, 0x32, 0x4e, 0x8a, 0xea, 0x0c, 0xec, 0x78, 0xd4, 0x55, 0xeb]),
    (34371, [0x93, 0x00, 0xe1, 0xc9, 0xec, 0x90, 0x91, 0x8a, 0x41, 0xd3, 0x34, 0xa1, 0xd2, 0x21, 0x12, 0x03]),
    (34372, [0x4d, 0x75, 0xf1, 0x78, 0x16, 0x9e, 0x0f, 0x8c, 0xc7, 0xc8, 0x85, 0xd5, 0x27, 0x33, 0x0d, 0x94]),
    (34373, [0xc4, 0x7f, 0xa7, 0xc7, 0x82, 0x56, 0x29, 0xd6, 0x6e, 0x6c, 0x7e, 0xc5, 0xf3, 0x9a, 0x2d, 0x70]),
    (34374, [0xe9, 0x8e, 0xd3, 0xfe, 0x19, 0x51, 0xf5, 0x8d, 0x70, 0xbe, 0x92, 0xc2, 0x63, 0x7d, 0x36, 0xda]),
    (34391, [0xe2, 0x03, 0x8b, 0xe5, 0xce, 0x78, 0x53, 0xa4, 0xfc, 0x6d, 0x67, 0xd6, 0xaa, 0x74, 0x43, 0xe2]),
    (34481, [0xfc, 0x9b, 0xd8, 0x3a, 0xc4, 0x3e, 0xa4, 0x42, 0xb9, 0x58, 0xf4, 0x45, 0x05, 0xd6, 0xa6, 0x2a]),
    (34482, [0xbf, 0xed, 0x22, 0xd5, 0x60, 0x14, 0x59, 0xa0, 0x65, 0x7d, 0x7d, 0x9c, 0x92, 0x8a, 0x3c, 0xdd]),
    (34483, [0xce, 0xd3, 0x97, 0x78, 0x95, 0xb6, 0xe4, 0xee, 0x80, 0xd5, 0x58, 0x43, 0x4e, 0x52, 0x88, 0xc8]),
    (34484, [0xca, 0x1c, 0xff, 0x12, 0xd5, 0xad, 0xea, 0x52, 0xe8, 0x70, 0x70, 0xdb, 0x00, 0x79, 0x60, 0xaa]),
    (34485, [0x58, 0x8c, 0x1c, 0xd1, 0x98, 0xde, 0xa4, 0xd6, 0xcf, 0x73, 0x89, 0xea, 0x7b, 0xa8, 0xe8, 0x0c]),
    (34486, [0x49, 0xa1, 0x8f, 0xc9, 0xba, 0xde, 0xe9, 0x0a, 0x54, 0x0b, 0x1d, 0x4f, 0xfc, 0xed, 0x4d, 0x0d]),
    (34487, [0xbe, 0x29, 0x1b, 0x47, 0xb6, 0xa0, 0x0a, 0x8c, 0x6b, 0x86, 0x78, 0xe1, 0x2d, 0xa1, 0x7e, 0xd1]),
    (34490, [0x3e, 0xac, 0xcd, 0x99, 0x91, 0x4f, 0x06, 0x90, 0x9c, 0xae, 0xb9, 0x63, 0x3e, 0xb2, 0x65, 0x8a]),
    (34491, [0xf4, 0x14, 0xae, 0x5d, 0x6c, 0x36, 0x4a, 0xeb, 0xd5, 0xfe, 0x3c, 0x8d, 0x9a, 0xf7, 0x52, 0x46]),
    (34492, [0x20, 0xf1, 0xcf, 0x55, 0xf7, 0x45, 0x10, 0x55, 0x47, 0x70, 0x17, 0x43, 0xd0, 0x02, 0xe3, 0x63]),
    (34493, [0xd8, 0x09, 0xa6, 0x4a, 0x2e, 0xa1, 0xac, 0x3c, 0x2a, 0xb1, 0xb1, 0x46, 0x26, 0xfa, 0xa7, 0x3e]),
    (34494, [0x5f, 0x72, 0xe0, 0x57, 0x6e, 0x49, 0x26, 0xde, 0xac, 0x74, 0x42, 0x82, 0x3a, 0xa3, 0x11, 0x47]),
    (34495, [0x96, 0x4b, 0xcc, 0x02, 0x5a, 0x74, 0x7c, 0x80, 0x77, 0x95, 0x5c, 0xa3, 0xf8, 0xd9, 0xa9, 0x55]),
    (34496, [0x00, 0x77, 0xd1, 0x9e, 0x19, 0x42, 0x93, 0x27, 0x81, 0xfe, 0x55, 0xc8, 0x37, 0x3a, 0x17, 0x24]),
    (34497, [0xe9, 0xe4, 0xcc, 0xf9, 0x88, 0x7c, 0x3b, 0x24, 0x07, 0x39, 0x6f, 0x29, 0xd8, 0x79, 0x17, 0x62]),
    (34498, [0x8e, 0x3d, 0x48, 0xb8, 0xe4, 0x6f, 0x3d, 0xb3, 0x77, 0x29, 0x3d, 0x34, 0xd3, 0x1f, 0xb8, 0xbb]),
    (34601, [0x1e, 0xfe, 0xa0, 0x37, 0xd8, 0x5d, 0xf9, 0x68, 0x80, 0x0c, 0xcd, 0xc5, 0xb5, 0xd0, 0xc9, 0x4c]),
    (34602, [0x6c, 0x70, 0xd2, 0x46, 0xf7, 0xb1, 0x21, 0x55, 0xaa, 0xfc, 0x3d, 0x56, 0xd5, 0xd2, 0xbb, 0x08]),
    (34603, [0x25, 0xe6, 0x72, 0xed, 0xfb, 0x9e, 0x7f, 0xf7, 0xbf, 0xbb, 0x1d, 0xb7, 0x42, 0x93, 0x86, 0x5b]),
    (34604, [0x7a, 0x27, 0xc6, 0x97, 0xa8, 0xb1, 0x6e, 0x04, 0x89, 0x91, 0xce, 0x95, 0x6b, 0x2a, 0x32, 0x3b]),
    (34605, [0xd3, 0xd6, 0x90, 0x13, 0x20, 0x47, 0xe1, 0x45, 0x85, 0x9a, 0x81, 0xca, 0x62, 0xd6, 0x88, 0xfd]),
    (34606, [0x8e, 0x00, 0x86, 0x5b, 0xa8, 0x93, 0xc3, 0xb5, 0x63, 0x5e, 0x3c, 0x9d, 0x01, 0xa8, 0x0f, 0x1c]),
    (34607, [0xdc, 0x49, 0xd1, 0x95, 0x43, 0xb2, 0xfb, 0x2e, 0x11, 0x37, 0x67, 0x96, 0xed, 0x46, 0x44, 0x91]),
    (34608, [0x56, 0xb2, 0x4c, 0x10, 0xbc, 0x41, 0x6b, 0xa6, 0x3a, 0xf2, 0xfc, 0x59, 0xc5, 0x85, 0xe1, 0x9e]),
    (34671, [0x0f, 0x30, 0x62, 0xda, 0x9b, 0xcb, 0x1f, 0x94, 0xd5, 0x21, 0xac, 0x5e, 0x3f, 0x74, 0x7d, 0x39]),
    (34672, [0x5e, 0x49, 0x03, 0x2c, 0x43, 0x30, 0x07, 0xc5, 0xd4, 0x5e, 0x65, 0x4b, 0x29, 0x1b, 0xd7, 0x96]),
    (34673, [0x96, 0xa2, 0x69, 0x7b, 0xbf, 0xb7, 0xb5, 0xb2, 0x51, 0xf5, 0xcd, 0x91, 0xd1, 0x57, 0x3c, 0xbe]),
    (34674, [0x46, 0x1f, 0x22, 0x7a, 0x57, 0xb9, 0x00, 0x69, 0x49, 0xeb, 0x7b, 0xe6, 0x27, 0x89, 0xe2, 0xf9]),
    (34675, [0x53, 0x2e, 0x4d, 0xd4, 0xf5, 0xb4, 0xe2, 0xac, 0xba, 0x76, 0x8f, 0xf3, 0x83, 0x6d, 0xf1, 0x80]),
    (34676, [0xcd, 0x24, 0x5e, 0xbb, 0x4c, 0x7d, 0x2e, 0x09, 0x19, 0xa6, 0x22, 0x0d, 0x75, 0x7d, 0x07, 0x42]),
    (34677, [0x7e, 0x02, 0x71, 0x50, 0xc6, 0xa6, 0x9c, 0xbf, 0x09, 0x64, 0x4e, 0xeb, 0x23, 0xe3, 0xf4, 0xff]),
    (34678, [0x02, 0x2e, 0xb6, 0x2d, 0x6c, 0x39, 0x32, 0x27, 0xe5, 0xf2, 0xab, 0xe2, 0x6e, 0x0f, 0x6d, 0x90]),
    (34681, [0x26, 0x39, 0xad, 0x5e, 0x36, 0xb5, 0xcd, 0x10, 0xdb, 0xce, 0x19, 0xe0, 0x66, 0xa8, 0xd6, 0x00]),
    (34682, [0xd6, 0x8d, 0x63, 0x3c, 0xcb, 0x9a, 0x60, 0x7e, 0x87, 0xe1, 0xaf, 0x08, 0x41, 0x70, 0xa7, 0xa9]),
    (34683, [0xec, 0x8a, 0x33, 0x77, 0xbd, 0x61, 0xe1, 0x18, 0xc0, 0x84, 0x91, 0xa0, 0xec, 0xdb, 0x1d, 0x84]),
    (34684, [0xb2, 0x1e, 0x6e, 0x8c, 0xef, 0x1d, 0x9c, 0x43, 0x46, 0x34, 0xcf, 0xb6, 0xcb, 0x49, 0x71, 0xc5]),
    (34685, [0x3c, 0xd8, 0x5b, 0x03, 0x38, 0xa7, 0x9d, 0xcf, 0x57, 0xf0, 0x63, 0x88, 0xb1, 0x37, 0xa5, 0xbd]),
    (34686, [0x8e, 0x34, 0xb5, 0xb1, 0xa2, 0x64, 0x7b, 0xe5, 0xbb, 0x15, 0x62, 0x32, 0x69, 0x4e, 0x44, 0x1c]),
    (34687, [0x9f, 0x5c, 0xd6, 0xb5, 0x1f, 0x9f, 0x03, 0xfa, 0xe4, 0xd7, 0xd2, 0x5c, 0xf5, 0x6d, 0xb1, 0x85]),
    (34688, [0x54, 0x9c, 0x32, 0xb1, 0xdf, 0xf7, 0x08, 0xe1, 0xae, 0x61, 0x7e, 0x73, 0x1e, 0x9e, 0xf8, 0x4a]),
    (34831, [0xe9, 0x1f, 0x6b, 0x06, 0x91, 0x3b, 0x42, 0xcf, 0xb2, 0x8e, 0xd5, 0xd8, 0x6b, 0x6e, 0xe3, 0x15]),
    (34832, [0xae, 0xaa, 0xdf, 0x39, 0x68, 0x96, 0x47, 0xf0, 0x54, 0xb6, 0x9a, 0x8c, 0x8c, 0xb3, 0x12, 0x94]),
    (34833, [0x19, 0xfc, 0x2d, 0xcb, 0xeb, 0x83, 0x39, 0xc1, 0xc8, 0x41, 0xaf, 0x79, 0x7e, 0x38, 0x87, 0x99]),
    (34834, [0x11, 0xc3, 0x8b, 0xd4, 0x39, 0xb3, 0x81, 0x2f, 0x29, 0x4f, 0x74, 0x28, 0xb8, 0x94, 0xe7, 0xc6]),
    (34835, [0xc9, 0x01, 0x2c, 0x52, 0x5c, 0xbe, 0xf1, 0x7f, 0xad, 0x81, 0xf7, 0xd6, 0x7c, 0xdc, 0x01, 0xb0]),
    (34836, [0x4d, 0xd9, 0x72, 0x4a, 0x3c, 0x70, 0xae, 0x9e, 0xf4, 0x63, 0x85, 0xbb, 0x67, 0x0a, 0x2e, 0xb7]),
    (34837, [0x2a, 0xaa, 0xbb, 0xe2, 0xaa, 0x18, 0x20, 0x45, 0x6a, 0x9a, 0xff, 0x0f, 0x3e, 0x60, 0x35, 0x7f]),
    (34838, [0x65, 0x33, 0x4b, 0xfd, 0x31, 0x6c, 0xdc, 0xb6, 0x35, 0x64, 0x39, 0x24, 0xc5, 0xd5, 0x87, 0xb3]),
    (34839, [0x28, 0x1c, 0x0e, 0xa4, 0xbb, 0xd0, 0xc3, 0x65, 0x4a, 0x41, 0xc1, 0xc7, 0x12, 0xc2, 0xca, 0x75]),
    (34840, [0xa4, 0xde, 0x1b, 0xca, 0xd6, 0xa9, 0x75, 0xe6, 0x9a, 0x8a, 0x28, 0x6e, 0x1c, 0x34, 0x7c, 0xaa]),
    (34841, [0x02, 0x6b, 0x24, 0x34, 0x4b, 0x57, 0x67, 0xa5, 0x90, 0xc5, 0x60, 0xfa, 0xb9, 0xff, 0x21, 0x91]),
    (34842, [0xee, 0x2c, 0xf9, 0xe0, 0xd7, 0x1a, 0x14, 0xd8, 0xb0, 0x47, 0x8e, 0x29, 0x8f, 0x4d, 0x46, 0x14]),
    (34843, [0x96, 0x16, 0x87, 0x8d, 0xef, 0xc0, 0x79, 0x91, 0x09, 0x8b, 0x17, 0xda, 0xbf, 0x82, 0xaf, 0xd3]),
    (34851, [0x95, 0x24, 0x98, 0x4f, 0x0f, 0xe8, 0x39, 0x4e, 0xd4, 0xa2, 0x5c, 0x33, 0x34, 0xc1, 0x2e, 0xd4]),
    (35001, [0x4a, 0x4a, 0xf1, 0x86, 0x26, 0x26, 0x91, 0x5c, 0xfa, 0xa7, 0x7b, 0x3e, 0x66, 0xd8, 0x9d, 0x75]),
    (35071, [0xee, 0xa4, 0x48, 0xd6, 0xe8, 0x36, 0x85, 0x87, 0x49, 0xe5, 0x9e, 0x73, 0x09, 0x93, 0x10, 0x5d]),
    (35080, [0xc9, 0xc4, 0x16, 0x89, 0x7a, 0x48, 0x06, 0xd6, 0xe5, 0x06, 0x74, 0x4b, 0x46, 0x32, 0x44, 0xb1]),
    (35081, [0x6e, 0x18, 0x3e, 0xb8, 0x3d, 0xa7, 0xdb, 0xfa, 0x24, 0xe2, 0x54, 0x8a, 0x83, 0x3c, 0xf6, 0xe9]),
    (35082, [0xed, 0xa1, 0x85, 0x0a, 0x61, 0x7f, 0x1f, 0xb6, 0x8d, 0x14, 0xc2, 0xd2, 0xdc, 0xc1, 0x14, 0x0a]),
    (35083, [0x97, 0xc2, 0x07, 0xaf, 0x23, 0xa6, 0x21, 0x6d, 0x2c, 0xa9, 0xb3, 0xfe, 0xbb, 0x4c, 0xaf, 0x2e]),
    (35084, [0xdb, 0xbb, 0x00, 0xbd, 0xf1, 0x52, 0xc9, 0xfa, 0x0d, 0xab, 0x60, 0xa1, 0x91, 0x0d, 0xef, 0x95]),
    (35085, [0x2c, 0xdc, 0xc6, 0xb5, 0x6c, 0x01, 0x67, 0x19, 0xa9, 0x78, 0xb5, 0x4b, 0x55, 0xb3, 0x14, 0xba]),
    (35086, [0x89, 0xb2, 0xbf, 0x2f, 0x24, 0x35, 0xd2, 0x87, 0x73, 0xc7, 0xc6, 0x4f, 0xf4, 0x42, 0x13, 0x67]),
    (35087, [0x10, 0x8d, 0x5f, 0xaa, 0xdf, 0xae, 0x78, 0x8d, 0x5a, 0x08, 0xa4, 0xc7, 0xc8, 0xfc, 0xa4, 0xea]),
    (35088, [0x15, 0xcc, 0xc8, 0x03, 0x8b, 0x44, 0x36, 0x1a, 0x5c, 0xe0, 0xcc, 0xa9, 0x31, 0x7c, 0x50, 0x04]),
    (35089, [0x83, 0x66, 0x61, 0x92, 0xca, 0x08, 0xda, 0x0f, 0xde, 0xe4, 0x09, 0x2e, 0x31, 0x46, 0xc1, 0xb9]),
    (35090, [0xd1, 0x3b, 0xc3, 0x59, 0xcb, 0x3f, 0x97, 0x2c, 0x4a, 0xe0, 0x7b, 0x8e, 0x98, 0x8d, 0x19, 0x22]),
    (35091, [0x95, 0xb1, 0x4e, 0x8b, 0xb3, 0xdd, 0xf4, 0x1f, 0x41, 0x53, 0x22, 0xcd, 0x56, 0xb3, 0x2d, 0xb2]),
    (35092, [0xd5, 0x42, 0x23, 0xb5, 0x6e, 0xd4, 0x0a, 0xc7, 0x73, 0x62, 0xa6, 0xd4, 0xe7, 0x9e, 0xbc, 0x05]),
    (35093, [0x8e, 0x1b, 0x4d, 0xac, 0x88, 0x41, 0x72, 0x0b, 0x2e, 0x4f, 0x09, 0x38, 0x66, 0x76, 0x0c, 0xf1]),
    (35094, [0xdf, 0xf7, 0xa5, 0x7d, 0x24, 0x6a, 0x32, 0x55, 0xc9, 0x7a, 0xea, 0x15, 0x0a, 0x17, 0xa5, 0xdc]),
    (35095, [0x26, 0x65, 0x40, 0x51, 0x16, 0xd4, 0xa9, 0xb6, 0x2c, 0x00, 0xce, 0x32, 0x07, 0xaf, 0xf3, 0x7e]),
    (35096, [0xfa, 0xfd, 0x0d, 0xdd, 0x15, 0x35, 0xd9, 0x6c, 0x3e, 0xdf, 0x44, 0x70, 0x2a, 0x17, 0x0f, 0x0b]),
    (35097, [0x3a, 0xed, 0xd9, 0x5b, 0x55, 0x48, 0x76, 0x0e, 0x15, 0x2b, 0x7e, 0xd6, 0x8f, 0x0a, 0x7e, 0xba]),
    (35098, [0x42, 0xab, 0x1b, 0xf7, 0x98, 0x09, 0x48, 0x2e, 0xd1, 0xea, 0x0f, 0x18, 0x7c, 0xc3, 0xfa, 0x0f]),
    (35099, [0x7b, 0x83, 0xc5, 0x95, 0x9b, 0x63, 0x4b, 0xfa, 0x17, 0xb8, 0x14, 0xbd, 0xd7, 0x0c, 0xbb, 0x20]),
    (35100, [0x5a, 0xe7, 0x6a, 0x51, 0xe3, 0x30, 0x1e, 0x27, 0xa4, 0x68, 0x55, 0x7f, 0x98, 0x10, 0xaa, 0xe6]),
    (35101, [0x08, 0x0d, 0x45, 0xd0, 0x38, 0x42, 0x46, 0xd2, 0xf1, 0x1a, 0xde, 0x1d, 0xe4, 0x46, 0x5e, 0x4a]),
    (35102, [0x53, 0xb4, 0xa7, 0xb0, 0x63, 0x13, 0xbe, 0xf2, 0x5e, 0x68, 0xfe, 0x9e, 0xab, 0xbd, 0x82, 0x6c]),
    (35103, [0x6e, 0x1a, 0x20, 0x0a, 0xb5, 0x8c, 0xe4, 0x78, 0xe0, 0x53, 0x7c, 0xc3, 0xa8, 0xf2, 0x2f, 0xa3]),
    (35111, [0x7e, 0x90, 0xec, 0xb6, 0x4d, 0xbe, 0x6f, 0x68, 0x88, 0x46, 0x6f, 0x13, 0xe8, 0xa9, 0x7c, 0x4a]),
    (35121, [0x71, 0xf4, 0x92, 0x85, 0xd0, 0x32, 0x12, 0xd6, 0xe7, 0xb4, 0xcf, 0x28, 0xd8, 0x39, 0xce, 0xdd]),
    (35131, [0xf1, 0x77, 0x22, 0x22, 0x57, 0x94, 0x33, 0x22, 0xf0, 0xa3, 0x25, 0x75, 0x06, 0x09, 0x4d, 0x68]),
    (35132, [0x90, 0x4f, 0xb9, 0x26, 0x0c, 0x29, 0xbd, 0x58, 0xbd, 0x6f, 0xd9, 0x16, 0x7c, 0x25, 0xa3, 0xcb]),
    (35133, [0x54, 0xaf, 0x46, 0x36, 0x25, 0x81, 0x44, 0x7b, 0x70, 0x9c, 0xbb, 0xde, 0x3b, 0xf7, 0x01, 0x59]),
    (35134, [0xad, 0xd4, 0x08, 0x23, 0x70, 0x63, 0x36, 0x3f, 0x8a, 0x82, 0xd2, 0xa3, 0xc6, 0xd8, 0xd8, 0x73]),
    (35135, [0x94, 0x17, 0x88, 0x91, 0xea, 0xe1, 0xd5, 0xdf, 0xc8, 0xde, 0xc3, 0x3f, 0x7a, 0xed, 0xe9, 0xe8]),
    (35136, [0x63, 0x41, 0x0f, 0x60, 0xfe, 0x1b, 0x2b, 0x03, 0x87, 0xb0, 0xd2, 0xde, 0x2b, 0xb7, 0x56, 0xe6]),
    (35137, [0x73, 0xcb, 0x08, 0x29, 0xdf, 0x7e, 0x4d, 0x03, 0x5a, 0x96, 0x68, 0x36, 0x4f, 0x95, 0xb9, 0x78]),
    (35138, [0x2c, 0xb9, 0x60, 0x74, 0x16, 0x1e, 0x07, 0x57, 0x62, 0xc2, 0x8b, 0xd0, 0x22, 0x15, 0x28, 0x64]),
    (35321, [0x45, 0x07, 0xf2, 0x35, 0x35, 0x29, 0xaf, 0x05, 0xde, 0x81, 0xc9, 0x9a, 0xc3, 0x04, 0xca, 0xa5]),
    (35411, [0x84, 0x24, 0x4c, 0xca, 0xb6, 0xe0, 0x40, 0xca, 0xc4, 0x10, 0xc9, 0xaf, 0xa4, 0x71, 0x58, 0x46]),
    (35412, [0x03, 0x65, 0x20, 0xed, 0xe4, 0xf5, 0x70, 0xb8, 0x58, 0x1e, 0xe5, 0xe4, 0x46, 0x7e, 0x2f, 0xf9]),
    (35413, [0x19, 0x18, 0x02, 0x1a, 0xd9, 0x44, 0x37, 0x37, 0x15, 0x18, 0xd8, 0xfd, 0x3f, 0x7b, 0xdc, 0x32]),
    (35414, [0xb9, 0x90, 0x4d, 0x50, 0xd9, 0x82, 0xee, 0x61, 0x49, 0x42, 0x7e, 0xb3, 0x5c, 0xc2, 0x40, 0x55]),
    (35415, [0xe7, 0x92, 0xc0, 0xb0, 0xd3, 0x35, 0x5c, 0x3d, 0x0c, 0x23, 0x39, 0xb9, 0xba, 0x36, 0x25, 0xff]),
    (35416, [0xd7, 0x9d, 0x8e, 0xee, 0xc3, 0x01, 0xf3, 0xc9, 0x50, 0x54, 0x62, 0x62, 0x46, 0xe0, 0x30, 0x0a]),
    (35421, [0x3e, 0xcd, 0x3b, 0xe3, 0x58, 0x75, 0xe1, 0x03, 0x4d, 0x13, 0x4d, 0x5a, 0x28, 0x91, 0xf0, 0x05]),
    (35422, [0x5b, 0x23, 0x93, 0xac, 0x6a, 0xb8, 0x5d, 0x21, 0x19, 0xee, 0xcb, 0x5b, 0x33, 0xc3, 0xf6, 0x05]),
    (35428, [0xc5, 0x27, 0x4b, 0xcd, 0x86, 0xde, 0x9f, 0xe1, 0xc8, 0x8b, 0x70, 0x18, 0x95, 0x63, 0xc2, 0xb6]),
    (35451, [0x04, 0xd9, 0x3a, 0x56, 0xfd, 0x65, 0x64, 0x1f, 0x7d, 0xa1, 0x2b, 0xe8, 0xdb, 0x86, 0xd3, 0x37]),
    (35453, [0x7d, 0x1d, 0x5a, 0x2b, 0x8a, 0xb9, 0x92, 0x3b, 0x4e, 0x2d, 0xa2, 0x05, 0x6b, 0x2f, 0x32, 0x0c]),
    (35455, [0x60, 0x98, 0x8c, 0xaf, 0x75, 0x5f, 0xf3, 0xe3, 0x37, 0x6b, 0xda, 0x60, 0xe1, 0x0b, 0x0c, 0xb5]),
    (35456, [0xb5, 0xa3, 0xb4, 0x59, 0x6e, 0xac, 0x38, 0x0a, 0x6d, 0xba, 0x0b, 0x57, 0xd7, 0x90, 0x9d, 0xe6]),
    (35457, [0x34, 0xd5, 0x77, 0x13, 0x03, 0x5d, 0x4b, 0x8e, 0x38, 0x39, 0x08, 0xc9, 0x84, 0x4e, 0x4f, 0xe2]),
    (35458, [0xea, 0xb0, 0x17, 0x1a, 0x38, 0x61, 0xa3, 0xb2, 0x6c, 0xaf, 0xe4, 0xd7, 0xf1, 0x59, 0x74, 0xce]),
    (35459, [0x5e, 0x3b, 0xd8, 0x12, 0xcc, 0x24, 0x42, 0xeb, 0x88, 0xc0, 0x2a, 0x0b, 0x28, 0x92, 0xd4, 0x48]),
    (35461, [0x29, 0x1c, 0x62, 0x4f, 0x72, 0x18, 0xa7, 0x79, 0xc3, 0xb3, 0xdb, 0x01, 0x7f, 0x1b, 0x3d, 0xac]),
    (35462, [0x7b, 0x97, 0xeb, 0x00, 0xf2, 0x1d, 0x84, 0xf0, 0xb3, 0x94, 0x9f, 0xd4, 0xbf, 0x05, 0x69, 0x57]),
    (35463, [0xaa, 0xfb, 0x2c, 0x6b, 0xa8, 0x36, 0x6e, 0x02, 0xfa, 0x0b, 0xc5, 0x16, 0xdb, 0x1d, 0xc4, 0xf4]),
    (35464, [0x00, 0x13, 0xfb, 0x01, 0x09, 0x3d, 0x58, 0x06, 0xd7, 0xed, 0xc5, 0x54, 0x48, 0x22, 0x2c, 0x9d]),
    (35465, [0xa5, 0x33, 0xc9, 0x4e, 0x45, 0x86, 0xbd, 0x1a, 0x88, 0x4f, 0x1f, 0xd2, 0x57, 0xd2, 0xf8, 0xba]),
    (35466, [0x34, 0x8f, 0x70, 0x0e, 0xf7, 0x34, 0xdf, 0xa3, 0xfa, 0x6a, 0x9a, 0x61, 0x18, 0x99, 0x10, 0x22]),
    (35467, [0x8a, 0xa2, 0x5e, 0x18, 0x60, 0x5d, 0x0d, 0x8a, 0xbd, 0xdc, 0xbd, 0x7a, 0x72, 0xcf, 0xd7, 0xad]),
    (35468, [0xdd, 0xb7, 0x93, 0xed, 0xf8, 0x59, 0x54, 0x9b, 0xf0, 0x95, 0x54, 0x60, 0x8f, 0x11, 0x3c, 0x4b]),
    (35469, [0xdc, 0xd0, 0xa3, 0x10, 0x42, 0x2a, 0xa1, 0xc1, 0x08, 0x5a, 0xe2, 0x26, 0x62, 0x4b, 0xf0, 0xa8]),
    (35501, [0xc6, 0x36, 0x04, 0x8f, 0x45, 0x18, 0x9a, 0xd1, 0x48, 0x67, 0x63, 0x0c, 0xb4, 0x26, 0xb6, 0xe5]),
    (35502, [0x0c, 0x22, 0xec, 0xbf, 0xb4, 0x0e, 0x49, 0xb0, 0xa2, 0xcc, 0x3f, 0x51, 0x77, 0xda, 0xdf, 0xc3]),
    (35503, [0xd4, 0x5b, 0x3b, 0xe3, 0xe8, 0xcf, 0xb6, 0x27, 0x48, 0x95, 0x3b, 0x22, 0xd5, 0x1b, 0xff, 0xe5]),
    (35701, [0x71, 0xb7, 0xf0, 0x04, 0xc7, 0xb7, 0x20, 0xf3, 0xd0, 0x56, 0x40, 0x02, 0xe2, 0xc5, 0xf8, 0x99]),
    (35702, [0x59, 0x7e, 0x97, 0x94, 0xc7, 0xa4, 0x6e, 0xa7, 0xeb, 0xb0, 0x5e, 0x85, 0xaa, 0x19, 0x67, 0xd9]),
    (35721, [0xf2, 0xa8, 0x14, 0xc2, 0x47, 0x45, 0x97, 0x38, 0x2c, 0x92, 0xc5, 0x70, 0x16, 0x32, 0xec, 0xef]),
    (35722, [0xe5, 0x7d, 0x30, 0x5d, 0x4f, 0x5e, 0xe5, 0xc7, 0x69, 0xe0, 0xbe, 0xc8, 0x06, 0x0f, 0xaf, 0x40]),
    (35723, [0x67, 0x67, 0xe6, 0x72, 0x1c, 0xad, 0x99, 0x3e, 0x29, 0xbe, 0x58, 0xb6, 0x2b, 0xca, 0xd2, 0x4e]),
    (35724, [0x21, 0xe2, 0x8f, 0x7a, 0x48, 0xb2, 0xde, 0xe9, 0xf7, 0xfd, 0x4a, 0x8c, 0x09, 0xe4, 0x5e, 0x5f]),
    (36001, [0xb0, 0xe7, 0x48, 0xbf, 0x33, 0x6e, 0x63, 0x23, 0xee, 0xc4, 0xb7, 0x0c, 0xae, 0x36, 0xa3, 0x76]),
    (36002, [0x89, 0xc9, 0x91, 0x42, 0xda, 0x81, 0x71, 0x07, 0xc7, 0x0d, 0x6c, 0x7c, 0x3e, 0x6f, 0x25, 0x5c]),
    (36621, [0xff, 0x92, 0x0f, 0xe3, 0x6a, 0x24, 0x18, 0x24, 0x89, 0x66, 0xc2, 0xf4, 0x6d, 0x3f, 0x56, 0xeb]),
    (36622, [0x68, 0x0e, 0x09, 0x65, 0xd2, 0x70, 0xf7, 0x87, 0x01, 0x40, 0x9a, 0x0f, 0xab, 0x97, 0xd7, 0x22]),
    (36623, [0xd7, 0xf1, 0x2c, 0xed, 0xcf, 0xc2, 0xdc, 0x73, 0x40, 0x48, 0x6f, 0x17, 0xb0, 0x1a, 0x4f, 0xe6]),
    (36624, [0x38, 0xf3, 0xe4, 0x4e, 0x3d, 0xd0, 0x02, 0x1c, 0xd4, 0xb2, 0xea, 0xf8, 0xad, 0xc9, 0x4c, 0xf3]),
    (36631, [0xd5, 0xfa, 0x91, 0x18, 0x84, 0xa5, 0x19, 0xa5, 0xfb, 0xe6, 0x5c, 0x7e, 0x0a, 0x83, 0x83, 0x5d]),
    (36701, [0x9a, 0x26, 0x50, 0xeb, 0x8a, 0x95, 0x13, 0x40, 0xf7, 0xb2, 0xc2, 0xd0, 0xcf, 0xc0, 0x53, 0x31]),
    (36702, [0x2d, 0x18, 0x0a, 0x7c, 0x50, 0x93, 0x70, 0xb7, 0x66, 0xf7, 0x38, 0x53, 0x9d, 0x73, 0xd9, 0x64]),
    (36703, [0xcf, 0xff, 0x38, 0x3a, 0xc0, 0xd0, 0x25, 0xf9, 0x7b, 0xbc, 0xf3, 0xe7, 0x62, 0xcc, 0x16, 0xb8]),
    (36704, [0x9e, 0xa5, 0x84, 0xc9, 0x83, 0x3f, 0x74, 0x1b, 0x63, 0xc3, 0x1a, 0xda, 0xfc, 0x73, 0xe3, 0xc2]),
    (36705, [0x63, 0x33, 0xc5, 0xbe, 0x97, 0xb0, 0xba, 0x01, 0xa8, 0x31, 0xdd, 0x1a, 0x75, 0x27, 0x06, 0x34]),
    (36706, [0x94, 0x49, 0x32, 0xd2, 0x0a, 0x02, 0x51, 0x34, 0x3c, 0x8f, 0xf6, 0xf2, 0xc4, 0x46, 0xf6, 0x40]),
    (36707, [0xb9, 0x40, 0x8d, 0x66, 0x4d, 0x46, 0x1c, 0xc1, 0xde, 0xbc, 0xa4, 0xcd, 0x2a, 0x22, 0x9c, 0x94]),
    (36711, [0xba, 0x78, 0xea, 0x3e, 0x28, 0x07, 0xfe, 0xaf, 0x46, 0xc1, 0xd3, 0x4b, 0x11, 0xf9, 0xba, 0x69]),
    (36712, [0x13, 0x59, 0xb0, 0x03, 0x8b, 0x39, 0xd4, 0x6b, 0xd4, 0x75, 0x1e, 0x5c, 0xa9, 0xe2, 0x6e, 0xb2]),
    (36713, [0xb1, 0xc5, 0xdc, 0x00, 0xa2, 0x68, 0xf5, 0x03, 0xdf, 0x3d, 0x52, 0xc1, 0xe9, 0x3e, 0x60, 0xf4]),
    (36714, [0xf7, 0x38, 0xd6, 0xe4, 0xb4, 0x36, 0x2b, 0xbf, 0xa4, 0x09, 0xa6, 0xef, 0xbd, 0x30, 0x90, 0xb4]),
    (36715, [0xbb, 0xfa, 0xa0, 0xab, 0xc5, 0x48, 0x0f, 0x46, 0xdd, 0xc7, 0x76, 0x44, 0x5c, 0x1c, 0x26, 0xa9]),
    (36716, [0x81, 0xd3, 0x68, 0xd2, 0x50, 0xb2, 0xbf, 0xf9, 0x36, 0x9c, 0x7f, 0x8b, 0xbb, 0xa9, 0x9c, 0x08]),
    (36721, [0x83, 0x89, 0xbf, 0xf2, 0xb9, 0x71, 0x65, 0xcf, 0x92, 0x5c, 0x00, 0xd9, 0x1b, 0x58, 0x48, 0x24]),
    (36722, [0xc3, 0x1d, 0x5a, 0x5b, 0x3b, 0x4c, 0x0f, 0xca, 0xac, 0xc2, 0xff, 0xc9, 0x6c, 0x61, 0x22, 0xf8]),
    (36723, [0x10, 0xcd, 0x54, 0x17, 0x90, 0xd6, 0x76, 0xe8, 0xb5, 0x5a, 0xe8, 0x00, 0x8e, 0x58, 0x5c, 0xe3]),
    (36724, [0xc1, 0x10, 0xc2, 0x0d, 0xe7, 0xce, 0x67, 0xd5, 0x67, 0x15, 0x6f, 0xfb, 0x15, 0xf5, 0x9e, 0xf6]),
    (36725, [0xa4, 0xc1, 0x50, 0xbe, 0x8c, 0x40, 0x78, 0x6d, 0x05, 0xb2, 0xcf, 0xa2, 0xb4, 0xa4, 0xda, 0x03]),
    (36726, [0x83, 0x89, 0xbf, 0xf2, 0xb9, 0x71, 0x65, 0xcf, 0x92, 0x5c, 0x00, 0xd9, 0x1b, 0x58, 0x48, 0x24]),
    (36727, [0xd1, 0xdb, 0x0c, 0x73, 0xc9, 0x7c, 0xc2, 0x7c, 0x77, 0x87, 0xf0, 0x02, 0xb9, 0xe1, 0x13, 0x25]),
    (36728, [0xda, 0xaf, 0x73, 0xcf, 0x9b, 0x54, 0xc0, 0x6f, 0x6d, 0xdf, 0xe2, 0xfc, 0x41, 0x75, 0xf4, 0x51]),
    (36729, [0xdd, 0x07, 0xb9, 0x31, 0xdc, 0x1e, 0x7b, 0xfb, 0xd3, 0xe6, 0xd8, 0xff, 0x81, 0x03, 0xd3, 0xd2]),
    (36901, [0x9d, 0xbe, 0x7e, 0xd8, 0xf6, 0xbf, 0x38, 0xe5, 0x14, 0xf3, 0x4b, 0xfe, 0x02, 0x27, 0x72, 0xf7]),
    (36902, [0x11, 0x0a, 0xd2, 0x73, 0x1c, 0xd1, 0xf0, 0x3d, 0x1c, 0x5d, 0x01, 0x9e, 0x62, 0x95, 0xd2, 0xb6]),
    (36911, [0x98, 0xdc, 0x0b, 0x75, 0xa7, 0x35, 0xa0, 0x8b, 0x2a, 0xe2, 0x80, 0x0e, 0x8e, 0x64, 0x9c, 0x21]),
    (36921, [0x30, 0x8a, 0xe0, 0x13, 0x19, 0x1b, 0xc8, 0xff, 0x22, 0x9f, 0x01, 0x17, 0xd4, 0x0e, 0x8a, 0xe5]),
    (36932, [0x62, 0x34, 0xa2, 0x08, 0xb8, 0xc7, 0x3e, 0xd4, 0x24, 0x1d, 0x1e, 0xa8, 0xfd, 0x4b, 0xc3, 0x3e]),
    (37101, [0xd4, 0x10, 0x16, 0xe8, 0x4d, 0x98, 0xc2, 0x46, 0x32, 0x59, 0x8c, 0xc9, 0x42, 0xb5, 0x1c, 0x36]),
    (37111, [0x90, 0xc0, 0xec, 0x90, 0x28, 0x41, 0x30, 0x6a, 0xf1, 0x0f, 0x9d, 0x10, 0xc9, 0xda, 0xf7, 0xe0]),
    (37601, [0x66, 0xe1, 0xfd, 0xa8, 0xc1, 0xfc, 0x2e, 0x13, 0xa4, 0x02, 0xfa, 0x57, 0xf7, 0xdd, 0x2c, 0xaa]),
    (37602, [0xae, 0xbc, 0x37, 0x9c, 0xf1, 0xc3, 0x43, 0x32, 0x36, 0x33, 0x68, 0x11, 0x67, 0x6f, 0x31, 0xd2]),
    (37701, [0x5c, 0x69, 0xd1, 0x82, 0x11, 0xad, 0x92, 0x47, 0x8d, 0xa1, 0x67, 0xfd, 0xba, 0xfc, 0x5f, 0xf1]),
    (37711, [0x0e, 0x83, 0x63, 0x09, 0x90, 0x83, 0xab, 0x5f, 0x5e, 0xe5, 0xc9, 0x68, 0xe5, 0x37, 0x82, 0xcc]),
    (38721, [0x47, 0x12, 0x91, 0x6f, 0x69, 0x1f, 0xb0, 0xa9, 0xc0, 0xa5, 0xfa, 0xeb, 0xb7, 0xef, 0x49, 0x7d]),
    (38722, [0xf6, 0x87, 0x48, 0x25, 0x7e, 0x42, 0xb8, 0x3a, 0xc5, 0x01, 0x8b, 0x11, 0x98, 0x56, 0x8d, 0x60]),
    (38732, [0xd7, 0xde, 0x89, 0x05, 0x8b, 0x7a, 0x97, 0x98, 0xe3, 0x7a, 0x12, 0x7b, 0x95, 0x9c, 0x74, 0x11]),
    (38741, [0x34, 0x66, 0xf3, 0xa7, 0x16, 0xb6, 0x20, 0x7e, 0xd3, 0xf3, 0x69, 0xc8, 0x36, 0xdc, 0x08, 0x3f]),
    (38742, [0xf0, 0xfc, 0x1e, 0xa8, 0x7f, 0x34, 0x0f, 0xb0, 0x37, 0x57, 0x98, 0x15, 0x0c, 0xbd, 0x21, 0x15]),
    (38743, [0xcd, 0x94, 0x07, 0xb5, 0xe6, 0x0c, 0x94, 0xba, 0x43, 0xb7, 0x07, 0x9a, 0xe9, 0x12, 0xa2, 0x86]),
    (38751, [0x5c, 0xbc, 0x95, 0x5e, 0x1d, 0xe7, 0xaa, 0xd1, 0xec, 0x5a, 0xcd, 0x45, 0xfd, 0x81, 0x01, 0x3f]),
    (38752, [0x6f, 0xd0, 0xa0, 0xa4, 0xcc, 0x6f, 0x0c, 0x08, 0xf2, 0x73, 0x60, 0xd9, 0xe9, 0x0d, 0xa5, 0x18]),
    (38801, [0x1f, 0x1a, 0x54, 0xd3, 0x1b, 0xb0, 0x84, 0x7c, 0x27, 0x4d, 0x0f, 0x6a, 0xf7, 0x64, 0xe0, 0x65]),
    (39122, [0x11, 0xed, 0x69, 0xed, 0x74, 0x38, 0xa6, 0x8d, 0xb4, 0xed, 0x75, 0x97, 0x6d, 0xa9, 0xf3, 0x0e]),
    (39123, [0x11, 0xed, 0x69, 0xed, 0x74, 0x38, 0xa6, 0x8d, 0xb4, 0xed, 0x75, 0x97, 0x6d, 0xa9, 0xf3, 0x0e]),
    (39124, [0x11, 0xed, 0x69, 0xed, 0x74, 0x38, 0xa6, 0x8d, 0xb4, 0xed, 0x75, 0x97, 0x6d, 0xa9, 0xf3, 0x0e]),
    (39125, [0x11, 0xed, 0x69, 0xed, 0x74, 0x38, 0xa6, 0x8d, 0xb4, 0xed, 0x75, 0x97, 0x6d, 0xa9, 0xf3, 0x0e]),
    (39126, [0x11, 0xed, 0x69, 0xed, 0x74, 0x38, 0xa6, 0x8d, 0xb4, 0xed, 0x75, 0x97, 0x6d, 0xa9, 0xf3, 0x0e]),
    (39127, [0x11, 0xed, 0x69, 0xed, 0x74, 0x38, 0xa6, 0x8d, 0xb4, 0xed, 0x75, 0x97, 0x6d, 0xa9, 0xf3, 0x0e]),
    (39128, [0x11, 0xed, 0x69, 0xed, 0x74, 0x38, 0xa6, 0x8d, 0xb4, 0xed, 0x75, 0x97, 0x6d, 0xa9, 0xf3, 0x0e]),
    (39129, [0x11, 0xed, 0x69, 0xed, 0x74, 0x38, 0xa6, 0x8d, 0xb4, 0xed, 0x75, 0x97, 0x6d, 0xa9, 0xf3, 0x0e]),
    (39161, [0x83, 0xde, 0x23, 0x23, 0xa5, 0x3c, 0x95, 0xb5, 0xeb, 0x1a, 0x25, 0xc8, 0xce, 0xe9, 0xd7, 0xed]),
    (39162, [0x2f, 0x16, 0x02, 0x87, 0xf7, 0xf9, 0xc0, 0x7f, 0xb8, 0xfb, 0x18, 0x17, 0xe7, 0xd6, 0x9c, 0x25]),
    (39163, [0x19, 0x5e, 0x29, 0x51, 0x0b, 0x14, 0x20, 0x4f, 0x55, 0x7d, 0xfc, 0x61, 0x59, 0xef, 0x54, 0xee]),
    (39164, [0xd6, 0x12, 0x21, 0xcb, 0x62, 0xd2, 0x3a, 0x16, 0x02, 0x25, 0x62, 0x6d, 0x61, 0x92, 0x2e, 0xc9]),
    (39165, [0xf2, 0x5f, 0xa1, 0x8b, 0x6b, 0x9b, 0x99, 0xd8, 0x00, 0xe1, 0x63, 0xb0, 0x1b, 0x8b, 0xf4, 0xb3]),
    (39166, [0x23, 0xb2, 0x62, 0x14, 0xe4, 0x05, 0xbd, 0x0e, 0xb4, 0x84, 0xb5, 0x89, 0x93, 0xfd, 0x79, 0x25]),
    (39167, [0x94, 0x2c, 0xb8, 0x54, 0x91, 0xdc, 0x9d, 0xba, 0x13, 0x82, 0x27, 0x86, 0x83, 0xd6, 0x27, 0x9e]),
    (39168, [0x04, 0xd5, 0x8d, 0xae, 0xcc, 0x31, 0x46, 0xe9, 0x37, 0x81, 0xa2, 0x76, 0x89, 0xbc, 0x3f, 0xf0]),
    (39169, [0x97, 0x09, 0x39, 0x57, 0x30, 0xc2, 0x87, 0x28, 0x41, 0xa9, 0x5d, 0x36, 0xd1, 0xb6, 0x52, 0x95]),
    (39180, [0xb9, 0x9f, 0x32, 0x9c, 0x7d, 0x05, 0x2c, 0xd0, 0x30, 0x18, 0x5b, 0x65, 0x0e, 0xf3, 0xd0, 0x34]),
    (39181, [0x4d, 0xba, 0xf3, 0xe2, 0x24, 0xa3, 0x17, 0x30, 0x93, 0xff, 0x69, 0x05, 0xa6, 0xaa, 0x28, 0x1d]),
    (39182, [0x7a, 0x7d, 0x3b, 0x1c, 0x1a, 0xf1, 0x61, 0xa7, 0x35, 0x01, 0x98, 0xce, 0x0f, 0x3c, 0xaa, 0xb0]),
    (39183, [0xf2, 0xda, 0x52, 0xff, 0xb7, 0x8e, 0xe8, 0xac, 0xab, 0xe0, 0x03, 0xf3, 0x70, 0x15, 0x27, 0xae]),
    (39184, [0xd8, 0x27, 0x82, 0x02, 0x5e, 0x72, 0xb2, 0xb9, 0x8d, 0x33, 0x35, 0x9a, 0xc3, 0xc9, 0x38, 0x7d]),
    (39185, [0x33, 0x4d, 0x6f, 0x54, 0xb4, 0xc2, 0x59, 0x24, 0x3c, 0xed, 0x11, 0x8b, 0x13, 0x89, 0xc6, 0xbb]),
    (39231, [0xd9, 0xaf, 0x09, 0x7a, 0xb3, 0xad, 0x91, 0x34, 0xdc, 0xaf, 0x94, 0x18, 0xd4, 0x50, 0x92, 0xca]),
    (39232, [0x0a, 0x5e, 0x89, 0x4d, 0xef, 0xf5, 0xe4, 0x50, 0x0f, 0x54, 0x53, 0x22, 0x74, 0x92, 0xb1, 0xaf]),
    (39233, [0x48, 0xdd, 0x7d, 0x80, 0x1b, 0x64, 0x94, 0x7c, 0x49, 0x46, 0x00, 0x65, 0xfe, 0x8f, 0x5f, 0xb4]),
    (39234, [0x35, 0xcb, 0x18, 0xf5, 0x72, 0x03, 0x1a, 0x5e, 0xc7, 0xe6, 0x92, 0xc4, 0xb8, 0x03, 0xbf, 0xfb]),
    (39235, [0x7f, 0x0e, 0x34, 0x3e, 0xe0, 0xee, 0x73, 0xdf, 0x2a, 0xf1, 0x19, 0x41, 0xbf, 0xac, 0x63, 0x5c]),
    (39236, [0x6f, 0x2d, 0x4d, 0x24, 0x0d, 0xc7, 0x70, 0xb0, 0x0d, 0x0c, 0xf5, 0xef, 0xf1, 0xfd, 0x62, 0xa5]),
    (39237, [0x17, 0x58, 0xad, 0x64, 0xa9, 0x7f, 0x32, 0x4a, 0x52, 0x1f, 0xb9, 0xc0, 0xbf, 0x08, 0x4b, 0x9c]),
    (39238, [0xf5, 0xd3, 0x0e, 0xf2, 0x1a, 0xab, 0x28, 0x17, 0xfe, 0x16, 0x01, 0x30, 0xa5, 0xb1, 0xb8, 0x80]),
    (39239, [0x3b, 0x61, 0x73, 0x53, 0xe5, 0xc9, 0xd1, 0xc7, 0x40, 0xc8, 0xe3, 0xaf, 0xff, 0xac, 0xc7, 0x3b]),
    (39251, [0x11, 0xed, 0x69, 0xed, 0x74, 0x38, 0xa6, 0x8d, 0xb4, 0xed, 0x75, 0x97, 0x6d, 0xa9, 0xf3, 0x0e]),
    (39261, [0x11, 0xed, 0x69, 0xed, 0x74, 0x38, 0xa6, 0x8d, 0xb4, 0xed, 0x75, 0x97, 0x6d, 0xa9, 0xf3, 0x0e]),
    (39270, [0xd8, 0x49, 0x8b, 0xb1, 0xde, 0x81, 0xd1, 0xe4, 0x0b, 0x4d, 0xde, 0xb2, 0x65, 0x16, 0x48, 0x13]),
    (39271, [0x87, 0x52, 0x9e, 0xc4, 0x1a, 0x00, 0xb6, 0x53, 0xbd, 0x8b, 0x18, 0xe0, 0x56, 0xd3, 0x56, 0x76]),
    (39272, [0xae, 0x06, 0x45, 0x03, 0x7d, 0xc7, 0x4d, 0x26, 0x4d, 0x3b, 0x84, 0x55, 0xad, 0xc7, 0xcb, 0x42]),
    (39273, [0xdd, 0x1c, 0x89, 0x79, 0x83, 0xe0, 0x3c, 0x82, 0x05, 0x41, 0xff, 0x6e, 0x8a, 0x03, 0xe0, 0x76]),
    (39274, [0x7d, 0x95, 0xa1, 0xac, 0xa3, 0x37, 0xc1, 0x96, 0xf5, 0xd8, 0xaf, 0xe2, 0xe5, 0xf3, 0xc7, 0x05]),
    (39275, [0x95, 0x6e, 0xf8, 0x0a, 0x7d, 0x25, 0x5c, 0x15, 0xb5, 0x4d, 0x1d, 0x3e, 0x86, 0x72, 0x43, 0xa6]),
    (39276, [0x8a, 0x37, 0xfe, 0x19, 0x3b, 0xd7, 0x40, 0x0a, 0x6f, 0x5a, 0x0a, 0x51, 0x01, 0xbc, 0xe6, 0xf0]),
    (39277, [0x8a, 0xcc, 0x4f, 0x4f, 0x80, 0xf3, 0x89, 0x0d, 0x39, 0xed, 0x9c, 0x9a, 0x0d, 0x01, 0x8e, 0x84]),
    (39278, [0xb7, 0x7d, 0x72, 0x72, 0x92, 0x2a, 0x87, 0x34, 0xa5, 0xb3, 0x40, 0xa3, 0xd2, 0x35, 0x42, 0xb8]),
    (39691, [0xab, 0x54, 0x12, 0xf8, 0x62, 0x5e, 0xc5, 0x9a, 0x89, 0x58, 0x85, 0x71, 0x6a, 0x65, 0x2c, 0x4a]),
    (39692, [0x24, 0x42, 0xb6, 0x92, 0x18, 0x06, 0x14, 0x35, 0x2e, 0xc8, 0x3c, 0x44, 0x80, 0x3e, 0xeb, 0xbf]),
    (39693, [0x44, 0x3e, 0xc5, 0xe9, 0x8d, 0x5f, 0x1d, 0xac, 0x0f, 0x0c, 0x3e, 0xcc, 0x23, 0x55, 0xc8, 0x26]),
    (39694, [0xba, 0x40, 0xaa, 0x5e, 0x2a, 0xa4, 0x95, 0xb5, 0xe7, 0x37, 0x5a, 0x9a, 0x54, 0xdb, 0xc5, 0xc5]),
    (39695, [0xd9, 0xa1, 0x7f, 0x2f, 0x13, 0xdb, 0xe7, 0xff, 0xc0, 0x30, 0x2a, 0x10, 0xf4, 0x21, 0x3c, 0x55]),
    (39801, [0x44, 0x6c, 0x5b, 0xae, 0xd3, 0x83, 0x62, 0xa7, 0x56, 0x27, 0x97, 0x79, 0xb8, 0x9c, 0xf2, 0x59]),
    (39802, [0x5b, 0x4e, 0x1b, 0xfb, 0x57, 0x70, 0xc5, 0x46, 0xbb, 0x7d, 0xfa, 0xed, 0xb3, 0xa1, 0x34, 0xfb]),
    (39803, [0xb9, 0x17, 0x2a, 0xd5, 0xb1, 0xa8, 0xa8, 0xc9, 0x05, 0x64, 0xf1, 0xf5, 0x0a, 0x1d, 0x7b, 0x62]),
    (39804, [0x8b, 0x92, 0xf4, 0x8d, 0xcf, 0x8a, 0xf4, 0x53, 0x6e, 0x5d, 0x09, 0xac, 0xed, 0x7d, 0xd9, 0x0a]),
    (39805, [0xb1, 0x05, 0xaf, 0x06, 0xf8, 0xaa, 0xb8, 0x92, 0x86, 0x75, 0x30, 0xf4, 0xdb, 0x7f, 0xa3, 0x76]),
    (39806, [0x49, 0x93, 0xf1, 0x1c, 0x05, 0xb8, 0x29, 0x0c, 0xb2, 0xf3, 0x18, 0x9a, 0x4e, 0xf3, 0x0c, 0x77]),
    (40102, [0x83, 0x9a, 0x0e, 0x9d, 0xfc, 0x54, 0x90, 0x63, 0x5b, 0x47, 0x6d, 0x53, 0xca, 0x57, 0x8d, 0xc7]),
    (40103, [0x40, 0xea, 0xe1, 0x2a, 0x04, 0x42, 0xe4, 0x4e, 0x98, 0x8c, 0x66, 0xe7, 0x2c, 0x73, 0x98, 0x57]),
    (40104, [0x44, 0x1d, 0x5c, 0x79, 0x3f, 0x61, 0x49, 0x2d, 0x78, 0x3b, 0x3e, 0xbb, 0xb5, 0x81, 0x32, 0xc1]),
    (40105, [0xe8, 0x8f, 0xe4, 0x58, 0x3e, 0xe9, 0xac, 0xda, 0x8f, 0x13, 0x91, 0xdd, 0xb2, 0x57, 0xeb, 0x3e]),
    (40106, [0x0d, 0x3f, 0xb6, 0xd0, 0xd4, 0x0e, 0xd4, 0x0e, 0x2d, 0xf7, 0xb1, 0xb6, 0xe5, 0x63, 0x71, 0x58]),
    (40107, [0x85, 0x1f, 0x47, 0x4f, 0x74, 0x33, 0x9d, 0x5d, 0x12, 0xa4, 0x75, 0x1d, 0xb6, 0xe0, 0x41, 0x40]),
    (40108, [0xd2, 0x8d, 0x5e, 0x4b, 0x36, 0x4d, 0x72, 0xcc, 0x6a, 0xb7, 0x53, 0xd8, 0x84, 0x37, 0x21, 0x43]),
    (40109, [0x71, 0xde, 0x4e, 0xe2, 0x4b, 0x52, 0xfb, 0xb2, 0xa6, 0x22, 0x16, 0x30, 0x63, 0xea, 0x33, 0x15]),
    (40110, [0xcf, 0xdd, 0xa4, 0xec, 0xcd, 0xe3, 0xa9, 0xd0, 0xd4, 0xe6, 0x3c, 0x7e, 0x1e, 0x2f, 0x4e, 0x80]),
    (40111, [0xbd, 0xbe, 0xa4, 0x1e, 0x3e, 0x4d, 0xf7, 0x02, 0x64, 0xf2, 0x0e, 0xed, 0x3a, 0xe5, 0x5b, 0x11]),
    (40118, [0xff, 0x6b, 0xa9, 0x07, 0xe2, 0x0c, 0xf4, 0xb0, 0xb6, 0xa8, 0x86, 0x98, 0x0f, 0xd5, 0x8b, 0x91]),
    (40119, [0xac, 0xfd, 0xcb, 0xb3, 0x77, 0x5e, 0x19, 0x24, 0x86, 0xed, 0x23, 0x6a, 0xec, 0x07, 0xfb, 0x6c]),
    (40125, [0xaf, 0x4e, 0x01, 0x4b, 0xaa, 0x2a, 0x63, 0xa9, 0x83, 0x25, 0xcf, 0xe3, 0x8e, 0x19, 0x72, 0x37]),
    (40141, [0x69, 0xa7, 0xa5, 0x7f, 0x08, 0xb2, 0xfb, 0x2f, 0x53, 0xaa, 0xa0, 0x3b, 0xa9, 0x5b, 0xe1, 0x22]),
    (40223, [0x08, 0x43, 0x9e, 0x47, 0xc4, 0x12, 0xc2, 0xf4, 0xc5, 0x7c, 0x8c, 0xd7, 0x62, 0x7e, 0xd2, 0x5a]),
    (40224, [0x56, 0x80, 0x5d, 0xea, 0xb0, 0xf5, 0x67, 0x79, 0x01, 0xc2, 0xc3, 0xfc, 0xb2, 0x20, 0x72, 0xfe]),
    (40225, [0x5d, 0xb9, 0x14, 0x75, 0xd0, 0xc3, 0x27, 0x0b, 0xf4, 0x61, 0x42, 0x56, 0xe3, 0xb8, 0xf1, 0xbd]),
    (40226, [0x7e, 0xb1, 0x18, 0xd2, 0x91, 0x47, 0x8c, 0xa1, 0x6a, 0xaa, 0xda, 0x5a, 0x68, 0x55, 0xdb, 0xe7]),
    (40227, [0x03, 0xfe, 0xa3, 0x35, 0xf6, 0x9b, 0xec, 0x09, 0xab, 0xc2, 0x2c, 0xce, 0x68, 0xb8, 0x9b, 0x60]),
    (40228, [0x99, 0xf0, 0x4f, 0xf0, 0xbd, 0x2b, 0x70, 0xfd, 0x8f, 0xc9, 0x85, 0x2e, 0x24, 0x54, 0x1a, 0x0c]),
    (40229, [0xe4, 0xf0, 0x36, 0xab, 0xb0, 0x1e, 0xab, 0xc7, 0x17, 0xe0, 0xa4, 0x0d, 0x5b, 0xd2, 0x8b, 0xae]),
    (40381, [0xbc, 0xbd, 0xf2, 0x43, 0x49, 0x20, 0x6a, 0xd3, 0x64, 0xd1, 0x58, 0x3d, 0xb1, 0x29, 0x66, 0x70]),
    (40382, [0xd8, 0xfd, 0xba, 0xe8, 0x96, 0xcc, 0x64, 0x6a, 0x40, 0xe7, 0x31, 0x88, 0x8c, 0x7c, 0x45, 0xc4]),
    (40383, [0xcd, 0x9f, 0xe4, 0x4c, 0xd0, 0x16, 0xf7, 0x75, 0x08, 0xac, 0xb6, 0x5d, 0x50, 0x94, 0xaf, 0x21]),
    (40384, [0x70, 0x04, 0x16, 0x12, 0xfe, 0x4c, 0xf8, 0x6a, 0x25, 0x88, 0x19, 0xe0, 0x10, 0xcf, 0xaa, 0xff]),
    (40385, [0x98, 0x35, 0xdf, 0x47, 0x9c, 0x3a, 0x66, 0xa9, 0xa7, 0x80, 0x43, 0xef, 0xba, 0x18, 0x31, 0x54]),
    (40391, [0xb4, 0xaf, 0x95, 0xa2, 0xaa, 0x67, 0xc6, 0x78, 0xe5, 0x59, 0x69, 0x8a, 0x8d, 0xd7, 0x95, 0x5a]),
    (40392, [0x0f, 0x72, 0xbb, 0x6e, 0x4c, 0x8d, 0xca, 0x07, 0x67, 0xad, 0x4a, 0xb8, 0x52, 0x89, 0xca, 0xdb]),
    (40393, [0x87, 0xd6, 0x00, 0xa4, 0x0e, 0xa2, 0x93, 0x33, 0x87, 0x36, 0x74, 0x56, 0x2c, 0x3b, 0x5d, 0xde]),
    (40394, [0xcf, 0x3a, 0xd0, 0xbd, 0xbe, 0x2e, 0xb6, 0x54, 0xa7, 0xde, 0x22, 0x1e, 0x79, 0x1d, 0x11, 0xf9]),
    (40395, [0x46, 0x55, 0xc3, 0x92, 0x62, 0x2b, 0x9d, 0x66, 0x4d, 0xd8, 0x22, 0x25, 0x12, 0xcd, 0x51, 0x81]),
    (40396, [0x4e, 0x22, 0x70, 0xcb, 0xe3, 0x11, 0x4d, 0x77, 0x72, 0xc7, 0x70, 0xda, 0x74, 0x24, 0x56, 0x5e]),
    (40397, [0xd7, 0xa2, 0xc7, 0xc1, 0x48, 0x3d, 0x41, 0x5a, 0x16, 0xd6, 0x0a, 0x69, 0x15, 0x45, 0x94, 0x8e]),
    (40398, [0xa7, 0xbe, 0xbe, 0x26, 0x16, 0xf4, 0xe6, 0xe8, 0x87, 0x5c, 0x30, 0x0d, 0x38, 0x34, 0x27, 0xa9]),
    (40399, [0xa9, 0x88, 0x1e, 0xbd, 0x56, 0xf8, 0x4b, 0x3b, 0x3a, 0x19, 0x56, 0x60, 0x75, 0x36, 0xeb, 0x7f]),
    (40701, [0x7e, 0x07, 0xf4, 0x4b, 0x14, 0x64, 0x8c, 0x38, 0x22, 0x42, 0x7f, 0x71, 0x86, 0xb6, 0x58, 0x2f]),
    (40702, [0x97, 0xff, 0x66, 0xf2, 0xe0, 0xbc, 0x2c, 0x71, 0x71, 0xdf, 0xc3, 0xb2, 0x45, 0x68, 0x8f, 0xc9]),
    (40703, [0xcb, 0x33, 0xea, 0xcd, 0x33, 0xcf, 0x17, 0x48, 0x0c, 0x26, 0xfe, 0x3b, 0x06, 0x72, 0xf4, 0x43]),
    (40711, [0xaf, 0x78, 0x07, 0xe8, 0x3e, 0x2f, 0xb3, 0xa7, 0x68, 0x56, 0xb6, 0xec, 0xcd, 0x3e, 0xdd, 0x24]),
    (40811, [0x23, 0x7c, 0x5a, 0x33, 0x7b, 0xe4, 0x6c, 0xa8, 0x63, 0x18, 0xaa, 0xd3, 0x9b, 0x2a, 0x54, 0xe0]),
    (40941, [0x78, 0xb4, 0x92, 0x02, 0x8d, 0x1e, 0x56, 0xb8, 0x38, 0xa9, 0x4c, 0x68, 0x45, 0x51, 0xe0, 0x13]),
    (40942, [0x17, 0x0e, 0x0b, 0xe4, 0xa1, 0x73, 0x81, 0x03, 0xec, 0x3a, 0x50, 0x21, 0x17, 0x71, 0x38, 0x21]),
    (40951, [0x73, 0x4e, 0xf6, 0xa6, 0x05, 0xc0, 0xd5, 0xbd, 0x97, 0x20, 0x7e, 0x6f, 0x24, 0xe5, 0x37, 0x56]),
    (40952, [0x2a, 0xf4, 0x93, 0xfc, 0x17, 0x0d, 0xd4, 0xee, 0x47, 0xe9, 0x0c, 0x99, 0x30, 0xc3, 0x44, 0xc9]),
    (40953, [0xab, 0xa0, 0xa0, 0x98, 0x20, 0x7b, 0xfc, 0xbd, 0x80, 0x5e, 0x21, 0x42, 0x07, 0x55, 0xce, 0xd9]),
    (40954, [0x3a, 0x04, 0xd2, 0x31, 0x92, 0x97, 0x1e, 0x9a, 0x09, 0x83, 0x6a, 0xd9, 0x0e, 0xbc, 0x28, 0x9d]),
    (40955, [0xff, 0xe0, 0xaf, 0x43, 0xde, 0xc5, 0x5f, 0x0c, 0xf4, 0x30, 0xb1, 0x4b, 0x20, 0xd5, 0x93, 0xad]),
    (41001, [0xce, 0xf7, 0xd1, 0xec, 0xd4, 0xfb, 0x29, 0x02, 0x5c, 0xfe, 0xfe, 0x79, 0x73, 0x81, 0xd1, 0x91]),
    (41002, [0x8c, 0xdd, 0x5f, 0xba, 0xa6, 0xa6, 0xac, 0x85, 0xfd, 0xd5, 0xdb, 0xb3, 0x79, 0x00, 0x96, 0x61]),
    (41003, [0xad, 0xb6, 0x20, 0x0c, 0x71, 0x95, 0xa6, 0xf4, 0x28, 0x2b, 0x53, 0x7a, 0x17, 0xf1, 0xf9, 0xe2]),
    (41004, [0xbc, 0xd8, 0xca, 0x2e, 0x4b, 0x7c, 0x59, 0x48, 0xa4, 0x0e, 0xf7, 0x50, 0xc1, 0x5f, 0x70, 0xfc]),
    (41005, [0x98, 0x22, 0x01, 0xc4, 0x24, 0xf5, 0x27, 0xe9, 0x8e, 0x44, 0x8e, 0x12, 0x25, 0x4b, 0x67, 0xad]),
    (41011, [0x0e, 0x6d, 0x8f, 0xc4, 0x57, 0x6a, 0x42, 0x9f, 0x02, 0x32, 0xd3, 0xae, 0x61, 0xc7, 0xfa, 0x26]),
    (41012, [0xd0, 0xf6, 0xbb, 0x56, 0x06, 0x22, 0xda, 0x99, 0xd1, 0x23, 0x28, 0x24, 0x3c, 0x07, 0xc3, 0xa5]),
    (41013, [0xa1, 0xd6, 0xd1, 0xdc, 0xf9, 0x07, 0x2c, 0xeb, 0x8c, 0xa1, 0x37, 0x8d, 0xe0, 0xd7, 0xb0, 0x9f]),
    (41016, [0xfd, 0x5d, 0xe0, 0x4b, 0xf4, 0xd7, 0x59, 0x99, 0x63, 0xff, 0xf0, 0xeb, 0x6b, 0x4a, 0x6f, 0x6e]),
    (41017, [0xb7, 0x9f, 0x28, 0x37, 0x88, 0x5a, 0x90, 0x21, 0xed, 0xde, 0x21, 0x08, 0x7e, 0xd0, 0xa1, 0xc2]),
    (41018, [0x0a, 0x0f, 0xff, 0xdb, 0x40, 0x4b, 0xba, 0x6c, 0xe9, 0x34, 0x1d, 0x7e, 0xea, 0x4b, 0xf6, 0x28]),
    (41019, [0x61, 0x4a, 0x84, 0x4b, 0x84, 0xea, 0x9b, 0x59, 0xae, 0x2b, 0xfd, 0x4e, 0xea, 0x21, 0xb0, 0x01]),
    (41031, [0x6d, 0x86, 0x17, 0x14, 0x2c, 0x2b, 0x67, 0xc4, 0x8d, 0xa8, 0xf1, 0x10, 0x48, 0x2a, 0x69, 0xed]),
    (41041, [0x79, 0xb6, 0xf2, 0x61, 0x91, 0x0e, 0x68, 0x82, 0xa8, 0x01, 0x12, 0x37, 0xa2, 0x40, 0xe7, 0x0d]),
    (41045, [0x4a, 0x9a, 0x14, 0x53, 0x7c, 0x2c, 0xe6, 0x8f, 0x00, 0x31, 0xad, 0x2e, 0x96, 0xf7, 0x02, 0x01]),
    (41046, [0x82, 0x7a, 0x51, 0xed, 0x00, 0x93, 0x3d, 0xc4, 0x7e, 0x7c, 0x3c, 0x65, 0xbd, 0x63, 0x9b, 0xbb]),
    (41071, [0x0c, 0x69, 0xae, 0xd3, 0xc3, 0x06, 0xb4, 0xf7, 0x36, 0x83, 0x57, 0xce, 0x4e, 0x29, 0x64, 0x6b]),
    (41072, [0xec, 0x8c, 0x84, 0xb6, 0xed, 0x37, 0xe0, 0x4e, 0x71, 0xdd, 0x0d, 0x0c, 0x94, 0x0e, 0x5a, 0xfb]),
    (41073, [0x91, 0x64, 0xb5, 0xee, 0x48, 0xdc, 0x99, 0x93, 0x6d, 0x56, 0x96, 0x50, 0x47, 0x4c, 0xf2, 0xe8]),
    (41074, [0x03, 0x1f, 0xb1, 0xb1, 0x58, 0x46, 0x0c, 0xee, 0x43, 0x08, 0x9a, 0x16, 0x7f, 0x8a, 0x94, 0x0c]),
    (41075, [0x33, 0x6c, 0xa7, 0x8f, 0xba, 0xd1, 0x7b, 0x80, 0xb7, 0xcf, 0x1c, 0x1e, 0x5b, 0x45, 0x35, 0x22]),
    (41076, [0x74, 0x70, 0x04, 0x74, 0x5e, 0x3d, 0x29, 0xf3, 0x2a, 0x7e, 0xfd, 0x70, 0x28, 0xa1, 0xc2, 0x80]),
    (41077, [0x81, 0x69, 0xa9, 0x26, 0xe3, 0xbc, 0x85, 0x02, 0xb1, 0x89, 0x27, 0xcf, 0x95, 0xf1, 0x73, 0x65]),
    (41078, [0xed, 0x76, 0x07, 0x1f, 0x49, 0xf7, 0x01, 0xf8, 0xd1, 0x27, 0x00, 0x01, 0x2c, 0x33, 0xa2, 0x65]),
    (41079, [0xf6, 0xed, 0xf7, 0x3f, 0xd7, 0x8a, 0x05, 0x68, 0xc6, 0xb4, 0x5f, 0x1f, 0xec, 0x3f, 0x36, 0xc0]),
    (41081, [0x13, 0x84, 0x12, 0xf3, 0x98, 0xa7, 0xf2, 0x1d, 0xed, 0xbd, 0x28, 0x7e, 0xff, 0xb4, 0x14, 0xe1]),
    (41082, [0x7c, 0xef, 0x17, 0xae, 0xb7, 0x1f, 0xdb, 0x9d, 0xb6, 0x36, 0xab, 0xfa, 0x14, 0xd5, 0x74, 0x61]),
    (41083, [0xe4, 0x2f, 0xe5, 0x5a, 0x5f, 0x40, 0xf9, 0x7e, 0xe4, 0x12, 0x0a, 0x0a, 0x4e, 0x38, 0xc4, 0xa4]),
    (41091, [0xac, 0x7a, 0x83, 0x98, 0x12, 0x39, 0x48, 0x59, 0x1f, 0xc1, 0x9a, 0xf2, 0xb9, 0x09, 0xd8, 0xb4]),
    (41092, [0xbc, 0x14, 0x4e, 0x62, 0x71, 0xc2, 0x61, 0xbe, 0x93, 0xce, 0x5b, 0x54, 0xbd, 0x55, 0xb7, 0xfa]),
    (41302, [0xd8, 0x8d, 0x6c, 0x31, 0x99, 0x86, 0xaf, 0xf5, 0x10, 0x12, 0xec, 0x61, 0x0a, 0xaf, 0xad, 0xe2]),
    (41303, [0x6f, 0xbe, 0x6e, 0x91, 0xa3, 0x6a, 0x0e, 0x49, 0x24, 0x34, 0x92, 0x5d, 0x38, 0x7d, 0xd3, 0x7c]),
    (41304, [0xcf, 0xde, 0x3f, 0x98, 0x07, 0x77, 0x6d, 0x2c, 0xf6, 0xdb, 0x4b, 0x54, 0xd2, 0x96, 0xd5, 0x17]),
    (41741, [0x55, 0x1e, 0xc5, 0xd3, 0x21, 0x2b, 0x20, 0x61, 0x5b, 0xc3, 0xde, 0xde, 0x83, 0x4a, 0x9c, 0x01]),
    (41742, [0x73, 0x0a, 0x9a, 0xc8, 0xa7, 0xf8, 0x65, 0xbc, 0x34, 0xda, 0x4a, 0x67, 0x91, 0x28, 0xdc, 0x35]),
    (41743, [0xbb, 0x9f, 0x32, 0x95, 0x42, 0x7b, 0xa2, 0xce, 0xcd, 0x3e, 0x58, 0x2a, 0x00, 0xfd, 0x7d, 0x22]),
    (41744, [0xfa, 0xf5, 0x48, 0x36, 0x38, 0xf4, 0x86, 0x1e, 0x37, 0xe1, 0x2c, 0xa5, 0x71, 0x60, 0x5d, 0x6e]),
    (41745, [0x7f, 0x36, 0x9f, 0x05, 0x0f, 0x98, 0xa3, 0x8a, 0xfd, 0x49, 0x23, 0xa5, 0x98, 0xf7, 0x86, 0x32]),
    (41746, [0x3c, 0x8a, 0xb2, 0x37, 0xbe, 0xfc, 0x96, 0x86, 0x54, 0xfc, 0xad, 0x7f, 0xa7, 0x8e, 0x60, 0xdf]),
    (41747, [0x0e, 0xab, 0x92, 0x6a, 0xed, 0x5e, 0xc8, 0xb7, 0xe8, 0x9c, 0xab, 0x85, 0xf6, 0xd4, 0x6e, 0x72]),
    (41751, [0xac, 0xb8, 0x99, 0x82, 0x88, 0x4a, 0x56, 0x23, 0xc0, 0xb0, 0x96, 0xa4, 0x03, 0xfe, 0x27, 0xf8]),
    (41752, [0xf6, 0xd0, 0x7b, 0xe1, 0x4c, 0x61, 0x7f, 0xd1, 0x47, 0xe3, 0x61, 0xf3, 0xbe, 0xf3, 0xa6, 0xed]),
    (41753, [0xf5, 0xb0, 0x37, 0x11, 0x88, 0xe5, 0xa5, 0xaf, 0xd9, 0x3b, 0xb5, 0xb0, 0x96, 0xa3, 0x15, 0x42]),
    (41801, [0x4f, 0xad, 0x3a, 0x6d, 0xcc, 0xc0, 0x11, 0x99, 0x7e, 0x22, 0xe2, 0xa6, 0x71, 0xf3, 0x1e, 0x80]),
    (41802, [0xd9, 0x20, 0x4a, 0x04, 0x6c, 0x06, 0xb5, 0x90, 0xec, 0x81, 0x9e, 0x86, 0x12, 0x8e, 0x64, 0x4a]),
    (41803, [0xe9, 0x7d, 0x8d, 0x52, 0x0d, 0xe2, 0x9c, 0xec, 0xf2, 0x46, 0xeb, 0xbf, 0x9f, 0xac, 0xf1, 0x9b]),
    (41804, [0xba, 0x3b, 0xd7, 0xab, 0x3f, 0xd6, 0xeb, 0xce, 0x5f, 0x36, 0xdb, 0x5e, 0xf4, 0x3b, 0xa3, 0x12]),
    (41805, [0xf7, 0x5a, 0x99, 0xab, 0x04, 0x96, 0x13, 0x54, 0x8f, 0x1f, 0x1a, 0xae, 0xb0, 0x80, 0x2d, 0x29]),
    (41806, [0x9d, 0x16, 0x55, 0xe1, 0x84, 0x4d, 0x96, 0x92, 0xfb, 0xd3, 0x2c, 0xbe, 0x7a, 0xd4, 0x86, 0xe4]),
    (41807, [0x36, 0x16, 0x93, 0x3d, 0x7e, 0x6a, 0x0e, 0x48, 0xf1, 0xbc, 0xf7, 0x64, 0xa0, 0x49, 0x6f, 0xc9]),
    (41808, [0xc7, 0x0c, 0xe4, 0xd9, 0xa9, 0x3b, 0x3c, 0xfe, 0xa8, 0x90, 0xe0, 0x21, 0xa8, 0x26, 0xc5, 0xd2]),
    (41809, [0x20, 0x72, 0x19, 0x8e, 0x38, 0x66, 0xf0, 0x83, 0x9d, 0x0e, 0xf4, 0xff, 0x69, 0x07, 0xa2, 0xd6]),
    (41813, [0x5f, 0x8f, 0xc1, 0xf3, 0xbd, 0x9b, 0x98, 0x5f, 0xec, 0xa3, 0x50, 0x5e, 0x19, 0x8c, 0x97, 0x6d]),
    (41814, [0x43, 0x4a, 0x29, 0xdd, 0x3d, 0x0b, 0x85, 0xfc, 0x5c, 0x01, 0x3d, 0xf4, 0x5c, 0xfd, 0xb5, 0x7a]),
    (41815, [0xff, 0x38, 0x34, 0xe4, 0xca, 0xca, 0x24, 0xce, 0x1a, 0xd1, 0xa3, 0x32, 0xae, 0x94, 0xe3, 0xee]),
    (41816, [0xdf, 0x23, 0x2c, 0xcf, 0x9f, 0xf1, 0x40, 0x05, 0xc6, 0x94, 0x74, 0xe9, 0xcb, 0xe0, 0xbc, 0x62]),
    (42121, [0x40, 0x14, 0x72, 0x4c, 0x16, 0xd1, 0xa8, 0x80, 0x5c, 0xc8, 0x33, 0xe3, 0x96, 0x10, 0xc9, 0x08]),
    (42122, [0x39, 0x6d, 0xab, 0x45, 0xa6, 0x13, 0x5b, 0x51, 0xa6, 0x0b, 0x56, 0x0e, 0x33, 0xe7, 0x01, 0x92]),
    (42123, [0x2e, 0x69, 0x12, 0xaf, 0x97, 0x7d, 0x5f, 0xaa, 0x23, 0xfe, 0x94, 0x29, 0xeb, 0xa3, 0xd3, 0xc7]),
    (42124, [0x1c, 0x19, 0x22, 0xed, 0x21, 0x85, 0xcc, 0xe0, 0x71, 0x0d, 0x11, 0xef, 0x4a, 0xdf, 0xa0, 0xf3]),
    (42125, [0x21, 0x96, 0x7b, 0xa4, 0xcb, 0xf6, 0x62, 0x37, 0x50, 0x01, 0x63, 0x01, 0x3d, 0x66, 0xdd, 0xd1]),
    (42126, [0x77, 0x00, 0xce, 0x42, 0xff, 0xa1, 0x98, 0xc3, 0xd2, 0xb6, 0x8a, 0x58, 0xba, 0xcd, 0x69, 0xbf]),
    (42127, [0xd4, 0xe8, 0xce, 0x82, 0xce, 0x4d, 0x14, 0x17, 0x2e, 0xcf, 0x48, 0xf2, 0x35, 0x31, 0x0b, 0x7c]),
    (42129, [0x11, 0xed, 0x69, 0xed, 0x74, 0x38, 0xa6, 0x8d, 0xb4, 0xed, 0x75, 0x97, 0x6d, 0xa9, 0xf3, 0x0e]),
    (42141, [0xdd, 0x94, 0x21, 0x56, 0xa2, 0x65, 0xcf, 0x46, 0x2f, 0xd6, 0xee, 0xca, 0xa1, 0xce, 0xd1, 0x4a]),
    (42142, [0x79, 0xee, 0xde, 0xa7, 0xf2, 0xfc, 0x5b, 0xb2, 0x5a, 0x00, 0xb5, 0xbe, 0x6d, 0x05, 0x45, 0xda]),
    (42143, [0x3b, 0x46, 0x5a, 0x7e, 0xb5, 0xe9, 0x09, 0xf6, 0xeb, 0xc8, 0xb8, 0xb7, 0xe1, 0x8d, 0x79, 0xf5]),
    (42144, [0x62, 0x7a, 0x9d, 0x4c, 0xfd, 0xc2, 0x49, 0xfb, 0x84, 0x46, 0xfe, 0x5d, 0xfd, 0x77, 0x8f, 0x3e]),
    (42145, [0xd6, 0xfa, 0xb4, 0x73, 0xc1, 0xc2, 0x3f, 0x21, 0x33, 0x47, 0x6b, 0x39, 0x76, 0x06, 0x39, 0x57]),
    (42146, [0x81, 0x31, 0xe8, 0x4a, 0x21, 0x31, 0x70, 0x6f, 0x91, 0x06, 0x19, 0x5a, 0xd9, 0xec, 0xea, 0x84]),
    (42148, [0x86, 0x74, 0x80, 0x0a, 0x01, 0x8e, 0x98, 0x92, 0xed, 0x9f, 0x97, 0xcd, 0x04, 0x3b, 0xcc, 0x86]),
    (42161, [0x58, 0x61, 0xa0, 0x24, 0xef, 0xd5, 0x94, 0xf2, 0x37, 0x00, 0x97, 0x5c, 0x8d, 0xd8, 0x24, 0x24]),
    (42171, [0x56, 0xe3, 0x7d, 0x11, 0x4b, 0x59, 0xef, 0xa1, 0xad, 0x46, 0xbb, 0xa0, 0xe5, 0x0e, 0xce, 0x95]),
    (42232, [0x96, 0xed, 0xc9, 0xdf, 0x64, 0x0f, 0x2f, 0x40, 0x6a, 0xfa, 0x09, 0x0a, 0xfd, 0x05, 0xcd, 0xbb]),
    (42301, [0xcf, 0x11, 0x52, 0x67, 0x6b, 0x3d, 0xe7, 0x91, 0xe4, 0x59, 0xe5, 0x6f, 0x63, 0xfe, 0x50, 0x92]),
    (42302, [0xae, 0x33, 0x11, 0xc3, 0x9a, 0xcf, 0xfb, 0xf6, 0xf8, 0xc4, 0xb5, 0xc4, 0xd2, 0x49, 0xae, 0xb7]),
    (42321, [0x21, 0xcc, 0xf0, 0x54, 0x0b, 0x78, 0xa8, 0x4a, 0x77, 0xe9, 0x85, 0xd5, 0xec, 0x26, 0x36, 0x40]),
    (42501, [0x06, 0xf7, 0x8e, 0xcb, 0xac, 0x49, 0xa5, 0x22, 0x4d, 0x25, 0xf3, 0xd3, 0x80, 0xad, 0x8c, 0xda]),
    (42641, [0x7e, 0xdd, 0x6a, 0x0c, 0x50, 0x6a, 0x12, 0x9d, 0x92, 0x8f, 0xb2, 0x6f, 0x39, 0x1f, 0x79, 0xfc]),
    (42642, [0xd2, 0x39, 0xca, 0x79, 0x62, 0xb3, 0x5c, 0xab, 0xd6, 0xad, 0xc3, 0x0a, 0xec, 0x20, 0x50, 0xa9]),
    (42643, [0x6b, 0x08, 0xbb, 0x54, 0xd8, 0x99, 0xfd, 0xe9, 0xdb, 0x1c, 0x19, 0x2d, 0xf4, 0x0a, 0xe6, 0x76]),
    (42644, [0xe2, 0xae, 0xec, 0xef, 0x2a, 0xe2, 0xf7, 0x3e, 0xf6, 0x85, 0xcd, 0xcc, 0x57, 0x73, 0xb6, 0xf5]),
    (42645, [0x4c, 0xa6, 0x48, 0x0f, 0x6a, 0x96, 0xb4, 0xc3, 0xad, 0x80, 0x68, 0x5c, 0x46, 0x97, 0x1e, 0xe1]),
    (42646, [0x75, 0x77, 0x3c, 0xd1, 0x32, 0x6d, 0xa3, 0x83, 0xcd, 0x16, 0x20, 0x65, 0x55, 0x68, 0xd4, 0x38]),
    (42651, [0x8d, 0xb2, 0x57, 0x8a, 0xc4, 0xaf, 0x61, 0x22, 0x7a, 0x0f, 0x94, 0xdb, 0x90, 0x61, 0x5c, 0xe7]),
    (42652, [0xf2, 0x5b, 0x88, 0x1c, 0xb5, 0xcf, 0x79, 0x65, 0xaf, 0x0c, 0x09, 0x16, 0xac, 0xde, 0x30, 0x79]),
    (42653, [0x83, 0xca, 0x00, 0x0b, 0x28, 0x80, 0x1d, 0x65, 0xa4, 0xab, 0x7a, 0x36, 0x0a, 0x23, 0xfd, 0x62]),
    (42654, [0x1a, 0x9f, 0x0f, 0x13, 0x80, 0x3e, 0xf4, 0xb7, 0xc6, 0x3c, 0x47, 0xfb, 0xcd, 0x00, 0xae, 0x16]),
    (42655, [0xa4, 0x58, 0x6c, 0x13, 0x37, 0x60, 0xd0, 0x64, 0x31, 0x43, 0x22, 0x09, 0xc9, 0x00, 0xbe, 0x24]),
    (42681, [0xc9, 0x3f, 0x3f, 0x79, 0x4c, 0xd9, 0x64, 0x5f, 0xdd, 0xa9, 0x52, 0x12, 0xab, 0x5a, 0x24, 0x92]),
    (42682, [0x1e, 0x10, 0xb3, 0x8b, 0xda, 0x9a, 0x64, 0x7f, 0xf2, 0x6d, 0x02, 0x8f, 0x37, 0xab, 0x53, 0x3b]),
    (42683, [0xa6, 0xf2, 0x48, 0x47, 0xb2, 0x13, 0xb5, 0xb3, 0x3c, 0xbe, 0xee, 0x6f, 0x9b, 0x2f, 0xae, 0x0c]),
    (42684, [0x95, 0x13, 0xe1, 0x5a, 0xde, 0xcb, 0x53, 0x50, 0xcb, 0xa6, 0xa8, 0x2f, 0x5d, 0x86, 0xd3, 0x1d]),
    (42685, [0x89, 0x08, 0x1a, 0x5b, 0x8b, 0x7a, 0xc8, 0x0f, 0x62, 0x81, 0xce, 0x55, 0xe5, 0x4b, 0xc3, 0xaa]),
    (42686, [0xe8, 0x2d, 0x9a, 0x2e, 0xe0, 0x4f, 0xe9, 0x21, 0x63, 0x68, 0x7e, 0x0e, 0x73, 0x47, 0xf1, 0xa1]),
    (42687, [0xbd, 0x47, 0x5f, 0x25, 0xca, 0xfd, 0x35, 0xca, 0x85, 0xe5, 0xdc, 0x76, 0xee, 0x0e, 0xb1, 0x82]),
    (42688, [0xec, 0x37, 0x57, 0xc3, 0x1c, 0x33, 0xfa, 0x9d, 0xfa, 0x92, 0xbd, 0xf2, 0x20, 0x26, 0x8e, 0xc7]),
    (42689, [0x0a, 0xce, 0x3e, 0xc2, 0xc0, 0xed, 0xe8, 0xde, 0x9c, 0x5a, 0x2b, 0x5a, 0x41, 0xa2, 0xc1, 0x64]),
    (42691, [0x9a, 0xcd, 0x64, 0xf1, 0xe3, 0xb5, 0x2f, 0x8a, 0xcb, 0xe2, 0x0a, 0x1a, 0xf7, 0xd2, 0x1b, 0xc5]),
    (42692, [0x0d, 0xfc, 0xf1, 0x75, 0xee, 0x6f, 0x45, 0x42, 0x4c, 0xe0, 0x9e, 0x17, 0x4c, 0xb4, 0xe3, 0x76]),
    (42695, [0x0b, 0x62, 0xf3, 0x1b, 0x1b, 0x44, 0xb5, 0x05, 0xf1, 0x07, 0xd4, 0x18, 0x5f, 0x6d, 0x3b, 0xa1]),
    (42696, [0x71, 0x2f, 0xcd, 0x58, 0xb4, 0x60, 0x1b, 0x09, 0xb7, 0x08, 0xbd, 0x3c, 0xb5, 0xc6, 0x25, 0xa4]),
    (42697, [0x94, 0x69, 0x38, 0x47, 0xa1, 0x4f, 0x22, 0x61, 0xf6, 0xbc, 0x55, 0x8c, 0xac, 0x2c, 0xa0, 0xc4]),
    (42698, [0x67, 0x9b, 0x20, 0x2a, 0x09, 0x47, 0x71, 0xb0, 0x92, 0x5a, 0x9c, 0xcb, 0xb1, 0xf4, 0x99, 0x52]),
    (42701, [0xba, 0xd1, 0xec, 0x97, 0xbb, 0x5f, 0xb3, 0x9a, 0x08, 0xd7, 0x0a, 0xed, 0xab, 0x23, 0x9d, 0xdc]),
    (42702, [0xac, 0x17, 0xfb, 0xae, 0x01, 0x3e, 0xb5, 0xd5, 0xa5, 0x49, 0xeb, 0xf9, 0x90, 0x7c, 0x78, 0xa5]),
    (42703, [0xc0, 0xba, 0x2d, 0x52, 0xfe, 0xd2, 0x9e, 0x66, 0x79, 0x54, 0x51, 0xa5, 0xc3, 0x7d, 0xf2, 0x2d]),
    (42704, [0xe8, 0x83, 0xc4, 0x4f, 0x72, 0xb3, 0xab, 0x46, 0xaa, 0x9c, 0x42, 0xa1, 0x5b, 0x62, 0x8f, 0xfa]),
    (42705, [0xf4, 0xeb, 0x05, 0xb5, 0x2c, 0x2a, 0x24, 0x91, 0xd8, 0x34, 0xda, 0x6b, 0xd2, 0xd2, 0x9d, 0x7f]),
    (42706, [0x89, 0x35, 0xaa, 0xb5, 0x4a, 0x98, 0xa0, 0x29, 0xde, 0x04, 0x14, 0x73, 0x44, 0xc4, 0x55, 0x10]),
    (42707, [0xf3, 0x16, 0x8f, 0xcf, 0x47, 0xce, 0xfb, 0xab, 0xf7, 0xec, 0x80, 0xa1, 0x74, 0xc8, 0xac, 0xd6]),
    (42708, [0xc0, 0x99, 0x4b, 0xbb, 0x33, 0xe5, 0x9c, 0x89, 0xae, 0xec, 0x16, 0x3b, 0x67, 0xea, 0xb2, 0xdb]),
    (42709, [0xd9, 0xad, 0x91, 0xa8, 0xdb, 0x32, 0x58, 0xc4, 0xc8, 0x21, 0x0d, 0x50, 0x5d, 0xcb, 0x0f, 0x70]),
    (42711, [0x36, 0x37, 0x2e, 0xe1, 0x50, 0x9a, 0x01, 0xbd, 0xbc, 0xc6, 0x4d, 0x9a, 0x2a, 0x7d, 0xa6, 0x66]),
    (42712, [0xe3, 0xef, 0xf7, 0x05, 0x4b, 0x11, 0xa0, 0x45, 0x06, 0x36, 0x29, 0x8e, 0xe3, 0xb2, 0x33, 0xea]),
    (42713, [0x29, 0x7b, 0xb4, 0x2a, 0x5f, 0x65, 0x89, 0x57, 0xcd, 0x10, 0xbe, 0x98, 0x7e, 0x88, 0x18, 0xc6]),
    (42714, [0xf5, 0xc1, 0x49, 0x03, 0xc2, 0xb9, 0x7f, 0xb3, 0xc3, 0x74, 0x36, 0x27, 0x3b, 0xd8, 0x15, 0xa4]),
    (42715, [0x0d, 0xc7, 0x1c, 0x47, 0x7d, 0xd0, 0xe7, 0x3d, 0x79, 0x94, 0x73, 0x90, 0x02, 0x51, 0xd5, 0xba]),
    (42716, [0x5d, 0x49, 0x01, 0xf8, 0x3c, 0x49, 0x66, 0x23, 0x02, 0x3d, 0x76, 0x1d, 0x34, 0x9e, 0x23, 0xf4]),
    (42717, [0x85, 0x33, 0x6e, 0x08, 0x7a, 0x1a, 0x72, 0xee, 0xf5, 0xeb, 0x22, 0xe5, 0x29, 0x7c, 0xec, 0x31]),
    (42718, [0x9e, 0xd5, 0xd3, 0xcb, 0x0d, 0xa3, 0x35, 0x5f, 0x0f, 0xdc, 0xae, 0x1f, 0x56, 0x32, 0x82, 0x32]),
    (42719, [0xbb, 0x63, 0xac, 0x57, 0xea, 0xe2, 0xe3, 0xbb, 0xff, 0x81, 0xff, 0xd1, 0x6e, 0xd1, 0x30, 0xc3]),
    (42722, [0xe8, 0x8e, 0xce, 0x6d, 0xd1, 0xb7, 0x3d, 0x00, 0xb3, 0xe8, 0x26, 0x61, 0xa1, 0xe2, 0x79, 0xc7]),
    (42723, [0x16, 0x4c, 0x3a, 0x3e, 0x3d, 0x9f, 0x35, 0x92, 0x24, 0xe7, 0xf6, 0x24, 0xbd, 0x72, 0xe8, 0x25]),
    (42731, [0xfb, 0x24, 0x93, 0xc8, 0x45, 0xb7, 0xca, 0xd6, 0x1c, 0xc7, 0x28, 0xb6, 0x9f, 0x87, 0x11, 0xb6]),
    (42732, [0x98, 0x0b, 0x37, 0xd1, 0xc3, 0x67, 0x2a, 0xe7, 0xe6, 0x3e, 0x57, 0x79, 0x35, 0xca, 0xe3, 0xb1]),
    (42733, [0xa0, 0x6d, 0xf7, 0x2b, 0xa5, 0xe9, 0xc0, 0xb2, 0x9d, 0x2b, 0xb3, 0xe4, 0xee, 0xff, 0x86, 0x4f]),
    (42741, [0x71, 0x7c, 0xd0, 0x7e, 0x09, 0xb2, 0x61, 0x18, 0x14, 0x4c, 0xac, 0x57, 0x8e, 0xf0, 0x4f, 0xfe]),
    (42751, [0x0a, 0x6c, 0x90, 0x01, 0x9e, 0xd1, 0x34, 0x4b, 0xdf, 0xe1, 0x0d, 0xc7, 0x2b, 0x21, 0xe0, 0xbd]),
    (42905, [0x69, 0x22, 0x27, 0x05, 0xcd, 0x1d, 0x10, 0x0e, 0xdc, 0x9d, 0x07, 0x8d, 0x7d, 0xae, 0x45, 0xfe]),
    (42911, [0xd1, 0xd7, 0x89, 0xed, 0x0c, 0xcb, 0x86, 0x87, 0xfa, 0x99, 0xda, 0x64, 0x00, 0x35, 0x3a, 0x3d]),
    (42912, [0x7b, 0x74, 0x04, 0x7d, 0x90, 0xb0, 0x2b, 0x33, 0xff, 0x11, 0xc5, 0x32, 0x0d, 0xf1, 0x2e, 0x27]),
    (42913, [0x7e, 0xa4, 0xbf, 0x3d, 0xc8, 0xb9, 0xa4, 0x5e, 0xb9, 0xb5, 0xa5, 0x7b, 0x6e, 0x8f, 0xd6, 0xdd]),
    (42915, [0xe4, 0x6a, 0xcf, 0xef, 0x99, 0x15, 0xe4, 0x52, 0x36, 0x9d, 0xf3, 0xbf, 0x8a, 0xc1, 0x0a, 0x5f]),
    (42916, [0x11, 0xed, 0x69, 0xed, 0x74, 0x38, 0xa6, 0x8d, 0xb4, 0xed, 0x75, 0x97, 0x6d, 0xa9, 0xf3, 0x0e]),
    (42919, [0x11, 0xed, 0x69, 0xed, 0x74, 0x38, 0xa6, 0x8d, 0xb4, 0xed, 0x75, 0x97, 0x6d, 0xa9, 0xf3, 0x0e]),
    (42921, [0x3a, 0x91, 0x68, 0xc4, 0x72, 0xb3, 0x04, 0xf2, 0x89, 0x11, 0xb2, 0xa8, 0x67, 0x09, 0x55, 0x21]),
    (42922, [0x36, 0x2b, 0xc4, 0x2c, 0x8c, 0xc1, 0x6c, 0xaf, 0x39, 0x71, 0x40, 0xbc, 0x9f, 0x78, 0xee, 0x03]),
    (42923, [0xaa, 0xef, 0x14, 0x79, 0xa0, 0x26, 0x7d, 0xba, 0x48, 0x69, 0xf8, 0xe4, 0x7a, 0x79, 0xff, 0x4f]),
    (42924, [0x05, 0x7f, 0x9e, 0xc9, 0xd2, 0xff, 0x74, 0xd8, 0xc1, 0xb4, 0x46, 0x1d, 0xb2, 0x58, 0x95, 0x1d]),
    (42925, [0xc8, 0xfc, 0x17, 0x5f, 0x01, 0xf8, 0xcd, 0x0c, 0x7a, 0xa1, 0x46, 0x36, 0xa5, 0x99, 0xc5, 0x1d]),
    (42927, [0xba, 0xc7, 0x62, 0x9a, 0xab, 0x51, 0x9d, 0x9c, 0xb8, 0x84, 0xf9, 0xf9, 0x9f, 0x09, 0xf0, 0xbf]),
    (42928, [0x0b, 0xf3, 0xf8, 0x16, 0xc5, 0x2e, 0x46, 0x2f, 0xaa, 0x1e, 0x29, 0x2f, 0x9a, 0x1c, 0x48, 0xc2]),
    (42929, [0x13, 0x07, 0x91, 0xc3, 0xe8, 0x68, 0xaa, 0xee, 0xf3, 0xdb, 0x56, 0xf7, 0xee, 0xb4, 0xa0, 0xf9]),
    (42965, [0xc0, 0x6b, 0x79, 0xaa, 0xf6, 0x91, 0xb9, 0x21, 0x85, 0x63, 0x05, 0x85, 0xb4, 0x06, 0xa1, 0xfe]),
    (42966, [0xa0, 0xe4, 0x6e, 0xef, 0xd1, 0x1b, 0x8e, 0x5c, 0xa0, 0x86, 0x0f, 0x3c, 0xd9, 0xc6, 0xa0, 0x89]),
    (42967, [0x6d, 0x81, 0x05, 0xce, 0xcf, 0xb5, 0xa8, 0xdb, 0x85, 0x63, 0x9c, 0xe4, 0x79, 0xc6, 0xe6, 0x72]),
    (42968, [0x76, 0x69, 0x3b, 0x21, 0xa5, 0xdd, 0xfa, 0xe7, 0xd2, 0xef, 0x8f, 0xe3, 0xe4, 0xda, 0x3e, 0x93]),
    (42992, [0x75, 0x2d, 0xf2, 0x17, 0x06, 0x46, 0xec, 0xa6, 0x62, 0xc8, 0x6a, 0x8f, 0x9e, 0x93, 0xf3, 0x25]),
    (43001, [0xa7, 0x3d, 0x80, 0xf5, 0x62, 0xfc, 0xca, 0x69, 0x11, 0xb9, 0xe5, 0x10, 0x95, 0xb1, 0xbb, 0x8e]),
    (43002, [0xd4, 0x15, 0x19, 0x09, 0xf5, 0x4c, 0x61, 0x89, 0x56, 0xd1, 0xb2, 0x1f, 0xdc, 0x1a, 0x25, 0xfe]),
    (43003, [0x43, 0xab, 0x75, 0x1f, 0xd3, 0x9a, 0xc5, 0xe8, 0x80, 0xeb, 0x83, 0x9f, 0x4d, 0x7c, 0xcc, 0x53]),
    (43004, [0x8c, 0xb0, 0x3c, 0xac, 0x12, 0xf6, 0x4a, 0xdf, 0x39, 0xd1, 0xec, 0x57, 0xe3, 0x21, 0x23, 0x35]),
    (43005, [0xb9, 0x33, 0xac, 0x4b, 0x6e, 0x86, 0xc7, 0x63, 0x4b, 0x48, 0x45, 0xe3, 0x16, 0x01, 0x4b, 0x23]),
    (43006, [0x3c, 0xe7, 0x77, 0xba, 0xd4, 0x0a, 0x52, 0x72, 0x73, 0x34, 0x68, 0xf4, 0x27, 0x94, 0xc7, 0xda]),
    (43007, [0x29, 0xe2, 0x59, 0xbf, 0xac, 0x4d, 0x52, 0x16, 0x4b, 0x98, 0x84, 0x94, 0x8c, 0x2c, 0x49, 0x3a]),
    (43008, [0x98, 0x49, 0x61, 0x4d, 0x2a, 0x6e, 0x22, 0x19, 0x72, 0xc8, 0x1d, 0xdf, 0x5c, 0x3b, 0x22, 0xec]),
    (43009, [0x9f, 0xa7, 0x82, 0x70, 0xae, 0x00, 0x36, 0x13, 0x76, 0xcb, 0xe2, 0x33, 0xd0, 0x7e, 0x68, 0x8d]),
    (43010, [0x0e, 0x17, 0xb0, 0xdb, 0x66, 0xe9, 0x84, 0x53, 0x0c, 0xe2, 0xcb, 0xcc, 0x94, 0x2e, 0x49, 0xaf]),
    (43111, [0xda, 0x42, 0xe7, 0xc2, 0xd3, 0x1f, 0x1e, 0x9f, 0x7d, 0xf0, 0xae, 0xe5, 0x03, 0xdc, 0x65, 0x10]),
    (43112, [0x7b, 0xed, 0x6e, 0x61, 0xfe, 0x06, 0x0a, 0x64, 0xba, 0xe0, 0xff, 0xd9, 0x0e, 0xdd, 0x35, 0xe8]),
    (43113, [0x0e, 0xc3, 0xf2, 0xda, 0x5a, 0xbb, 0xc5, 0x24, 0xa1, 0xf9, 0xea, 0xcb, 0x90, 0xa3, 0xaf, 0x99]),
    (43114, [0xab, 0xbf, 0x87, 0x39, 0x25, 0xfc, 0x10, 0x0d, 0xfe, 0x01, 0xea, 0x83, 0x38, 0xf4, 0xd0, 0x9e]),
    (43115, [0xd5, 0x2d, 0x6f, 0xb9, 0xc5, 0x11, 0xf6, 0xf7, 0x77, 0xdc, 0x0b, 0x11, 0xa8, 0x27, 0xb9, 0x1f]),
    (43116, [0x71, 0x98, 0x6c, 0x1f, 0x39, 0x6f, 0xf3, 0x87, 0xb3, 0x93, 0x5f, 0x59, 0x52, 0x72, 0xc1, 0xbc]),
    (43191, [0x49, 0xa7, 0x0f, 0xb5, 0x8a, 0x68, 0xd7, 0x47, 0x37, 0x47, 0x99, 0xb4, 0xe0, 0x47, 0x91, 0xef]),
    (43192, [0x8d, 0x31, 0x6c, 0x8a, 0x37, 0x2a, 0xd3, 0xdf, 0x51, 0x66, 0xe9, 0xa5, 0x59, 0x8f, 0xba, 0x4e]),
    (43193, [0x8d, 0xd7, 0x15, 0x1d, 0x5b, 0x88, 0x69, 0xc3, 0x23, 0xc6, 0x2d, 0x2a, 0xd1, 0xcc, 0xbc, 0x36]),
    (43194, [0xa4, 0x7d, 0xe5, 0xd8, 0xba, 0xbb, 0xda, 0x14, 0x9f, 0xc4, 0x9f, 0x0b, 0xec, 0xff, 0x71, 0xb6]),
    (43195, [0xce, 0x30, 0x4c, 0x7f, 0xd7, 0xda, 0xbc, 0x6a, 0x02, 0x46, 0x92, 0xd9, 0x6a, 0x72, 0x2a, 0x99]),
    (43196, [0xba, 0x04, 0xd0, 0xdd, 0x05, 0x2b, 0x90, 0xf0, 0x0c, 0x47, 0x9a, 0x0e, 0x34, 0x62, 0xef, 0x85]),
    (43211, [0x5d, 0x00, 0x80, 0xd5, 0x5b, 0xd4, 0x2f, 0x8b, 0x80, 0x98, 0x9f, 0xcf, 0xdc, 0x39, 0xdc, 0x98]),
    (43502, [0x5a, 0x6c, 0xfa, 0x72, 0xaf, 0x75, 0xc4, 0x50, 0xa5, 0xe0, 0xa2, 0x31, 0xb1, 0x39, 0xba, 0x21]),
    (44001, [0xed, 0xd2, 0x6b, 0xfd, 0x18, 0xb7, 0xc5, 0x28, 0x13, 0x69, 0xbe, 0x99, 0x87, 0xb0, 0xca, 0x81]),
    (44111, [0xc0, 0xd7, 0x77, 0x16, 0xb7, 0xec, 0x77, 0x23, 0x06, 0x64, 0x06, 0x40, 0xba, 0x7b, 0x95, 0xaf]),
    (44311, [0xd1, 0xdf, 0x5b, 0x47, 0x60, 0x20, 0xb7, 0x4d, 0xd3, 0x15, 0x1b, 0x1d, 0x3b, 0x7e, 0x1c, 0x0a]),
    (44321, [0xa7, 0x7b, 0xb9, 0xd4, 0xa6, 0x39, 0x34, 0xbe, 0xee, 0x2b, 0x64, 0x83, 0xf5, 0x9d, 0xd7, 0x08]),
    (44361, [0xc6, 0xaf, 0x15, 0x79, 0xfc, 0xe3, 0x35, 0x29, 0x61, 0x31, 0x5b, 0x2f, 0x35, 0xac, 0x8f, 0x05]),
    (44362, [0x19, 0x34, 0xf1, 0x95, 0x47, 0xd1, 0x74, 0x0f, 0x38, 0x3e, 0x77, 0x41, 0x12, 0x89, 0x44, 0x19]),
    (44601, [0x91, 0x32, 0x39, 0xbb, 0xee, 0x75, 0xf3, 0x95, 0x71, 0x2c, 0x4c, 0x76, 0xeb, 0x31, 0x9f, 0xcb]),
    (44621, [0x72, 0x8e, 0x1f, 0xe1, 0x6e, 0xeb, 0xd2, 0x41, 0xd4, 0x53, 0xd9, 0x5b, 0x4a, 0x73, 0xbb, 0x83]),
    (44631, [0x7a, 0x7d, 0xe2, 0xc4, 0x84, 0x62, 0xe1, 0x93, 0x5e, 0x6c, 0x61, 0x6e, 0x67, 0xef, 0x9f, 0xc8]),
    (44651, [0xa8, 0xe0, 0x8b, 0xdb, 0xb9, 0x66, 0x81, 0xf7, 0x07, 0x95, 0x1b, 0xa1, 0x03, 0x00, 0xf8, 0x9d]),
    (44661, [0x18, 0x56, 0x0a, 0x78, 0xb6, 0x45, 0x2c, 0x79, 0xed, 0xf3, 0x0e, 0xe1, 0x23, 0x57, 0x96, 0x99]),
    (44671, [0xdc, 0x62, 0x27, 0x6c, 0xab, 0x66, 0x98, 0xdf, 0xdc, 0x2d, 0x37, 0xe5, 0xb7, 0x84, 0x9c, 0x0f]),
    (44681, [0x01, 0x96, 0x63, 0x5e, 0x5f, 0x58, 0x34, 0xcc, 0x6d, 0x29, 0xa3, 0x28, 0x40, 0x09, 0xbb, 0x73]),
    (44682, [0x57, 0x46, 0x0a, 0xc4, 0x40, 0x9c, 0xce, 0xb0, 0x85, 0xfc, 0x03, 0x96, 0x4c, 0x5c, 0xdd, 0x58]),
    (44683, [0xa6, 0x47, 0x92, 0x12, 0xad, 0x6b, 0x58, 0x22, 0x77, 0xa7, 0xee, 0xb6, 0x7e, 0xa3, 0x00, 0x4e]),
    (44684, [0x43, 0x7d, 0xb7, 0x19, 0x71, 0xb0, 0x05, 0xb4, 0x55, 0x69, 0x15, 0x33, 0x23, 0x4d, 0x40, 0x94]),
    (44701, [0xb6, 0xc3, 0x75, 0x3b, 0xee, 0xbe, 0xae, 0x91, 0x3a, 0x9a, 0x2b, 0xd4, 0xe7, 0x36, 0x21, 0x3f]),
    (44702, [0x4a, 0xf5, 0x5b, 0x10, 0x33, 0x5c, 0x56, 0x6e, 0x5e, 0xd9, 0x8c, 0xa5, 0x9d, 0xb6, 0x61, 0x6c]),
    (44711, [0xa3, 0x82, 0xec, 0xa5, 0xca, 0xee, 0x99, 0xd6, 0x01, 0x3a, 0xc0, 0xb9, 0x2a, 0x04, 0xea, 0x45]),
    (45001, [0x3f, 0xe8, 0xf9, 0x2e, 0x97, 0x80, 0x54, 0xf3, 0x7c, 0xd3, 0x2e, 0x68, 0x3e, 0xf7, 0xc4, 0xd4]),
    (45011, [0xe0, 0x0f, 0x96, 0xef, 0x54, 0x47, 0x74, 0x61, 0xe7, 0xd6, 0x99, 0x07, 0xc9, 0x6c, 0xee, 0xce]),
    (45407, [0x6b, 0xc3, 0x92, 0x80, 0x7b, 0xfe, 0x02, 0xd2, 0xe3, 0xbd, 0x8c, 0x4d, 0xee, 0xcc, 0x07, 0xf0]),
    (45408, [0x8b, 0x40, 0x92, 0x2d, 0xc0, 0x82, 0x1c, 0x9d, 0xe1, 0x2f, 0xc2, 0x00, 0xe2, 0xe5, 0xb1, 0xe3]),
    (45411, [0x52, 0xc6, 0x01, 0x87, 0x78, 0xdf, 0xd8, 0xe4, 0xf1, 0x8e, 0x32, 0x4d, 0x92, 0x1f, 0xe0, 0xdc]),
    (45412, [0x46, 0x50, 0xc3, 0x4c, 0x15, 0xfd, 0x5d, 0x77, 0x88, 0xab, 0x0e, 0x5d, 0x6c, 0xca, 0xe4, 0x6b]),
    (45413, [0xca, 0xce, 0xe5, 0x16, 0xc1, 0x11, 0xfc, 0x16, 0x98, 0x3f, 0x7e, 0x48, 0xde, 0xcd, 0xe8, 0x86]),
    (45414, [0xc2, 0xb3, 0xd2, 0x45, 0xe1, 0xb1, 0xff, 0x38, 0xd2, 0x45, 0x43, 0xff, 0xaa, 0x26, 0x9c, 0x3c]),
    (45415, [0xbf, 0x2e, 0xd5, 0xc1, 0x71, 0xd5, 0x49, 0x3b, 0xb3, 0x90, 0xe5, 0xd9, 0xee, 0x45, 0x93, 0x6b]),
    (45416, [0x50, 0xe5, 0x95, 0xae, 0x1c, 0x1c, 0x35, 0x8a, 0x27, 0x69, 0xee, 0x07, 0xc3, 0xc1, 0xc2, 0x20]),
    (45417, [0x98, 0xc0, 0x96, 0x60, 0xf2, 0x16, 0xbf, 0x67, 0x4a, 0x63, 0xfd, 0xe0, 0xa8, 0xea, 0x72, 0x7f]),
    (45418, [0x05, 0x1e, 0x86, 0x49, 0xe7, 0x58, 0x1e, 0x9d, 0xbe, 0xa5, 0xfb, 0xac, 0xd3, 0xcf, 0x75, 0x21]),
    (45419, [0xd9, 0x27, 0x81, 0xbe, 0x14, 0x95, 0x51, 0xf8, 0x88, 0x72, 0x3b, 0xfd, 0xf8, 0xdc, 0xfd, 0xd7]),
    (45431, [0x60, 0xb4, 0x71, 0x7a, 0x48, 0x20, 0xa9, 0xd6, 0x19, 0x82, 0x9a, 0x3e, 0x0f, 0xec, 0xd5, 0xfc]),
    (45432, [0x5e, 0x3f, 0xaa, 0xf6, 0x8d, 0x15, 0xc2, 0xd1, 0x18, 0x4c, 0x60, 0xb5, 0x68, 0xe4, 0x3d, 0xa4]),
    (45433, [0x22, 0xdc, 0x75, 0x94, 0xfd, 0x2e, 0x7c, 0xeb, 0x63, 0x2c, 0x6c, 0x17, 0x94, 0xed, 0xbb, 0xcd]),
    (45434, [0xa5, 0xf6, 0x24, 0xae, 0x8e, 0xbc, 0x23, 0x16, 0xde, 0x6b, 0xcb, 0xba, 0x3f, 0x76, 0xe0, 0xaa]),
    (45435, [0xf5, 0x69, 0x4f, 0xbb, 0x39, 0x17, 0xf0, 0xf0, 0x43, 0xd4, 0xf4, 0xd2, 0xeb, 0xfd, 0x78, 0x01]),
    (45436, [0x62, 0x16, 0xb6, 0xde, 0xaf, 0xcf, 0xa8, 0xae, 0xb7, 0x9a, 0x81, 0xc8, 0x75, 0x0a, 0x71, 0x4a]),
    (45437, [0x95, 0xce, 0x32, 0xc8, 0x26, 0x98, 0x58, 0xad, 0xae, 0xdd, 0xfd, 0x62, 0x00, 0x66, 0x71, 0x4d]),
    (45438, [0x81, 0xc2, 0xf8, 0x7a, 0xf2, 0x07, 0xe4, 0xb3, 0x31, 0xc3, 0x83, 0x45, 0xf7, 0x1c, 0x83, 0xb7]),
    (45439, [0x2a, 0x69, 0x8d, 0x2e, 0x06, 0x9b, 0x1c, 0x4c, 0x2e, 0xf4, 0x55, 0xef, 0x37, 0xb1, 0x3c, 0x43]),
    (45440, [0x95, 0xe1, 0x38, 0x8c, 0x5f, 0xa3, 0x80, 0xe0, 0x50, 0xe2, 0x28, 0x4c, 0x47, 0x04, 0x06, 0xb5]),
    (45441, [0xe4, 0xe2, 0x6d, 0x40, 0xff, 0x1e, 0x8d, 0x30, 0x55, 0x4a, 0x6d, 0xcd, 0x1a, 0xa5, 0x65, 0x36]),
    (45442, [0x7b, 0xf5, 0x6b, 0xd6, 0x0f, 0x5f, 0xd6, 0x90, 0x18, 0xcb, 0x2c, 0xa6, 0x2f, 0xb1, 0xbf, 0x0a]),
    (45451, [0xb3, 0xa3, 0x40, 0xad, 0x5e, 0x68, 0x71, 0xac, 0xa6, 0x64, 0x5a, 0xad, 0xc5, 0x57, 0x42, 0xec]),
    (45452, [0xb3, 0xa7, 0xfa, 0x12, 0xa9, 0xf0, 0x46, 0x46, 0x15, 0xf6, 0x1c, 0xc8, 0x1a, 0x92, 0x44, 0xdc]),
    (45453, [0x11, 0x30, 0xe5, 0x80, 0xf6, 0x5e, 0xed, 0x39, 0xe3, 0x26, 0x41, 0x0a, 0xa9, 0x8f, 0xdc, 0xb3]),
    (45454, [0xd2, 0x78, 0x2d, 0x61, 0xb2, 0x0d, 0x9a, 0xfa, 0x94, 0xc4, 0x48, 0x55, 0xf6, 0x8a, 0x43, 0x92]),
    (45455, [0x2e, 0x65, 0xa2, 0x4e, 0x2b, 0x91, 0x5f, 0x0d, 0x48, 0xc9, 0xdb, 0x47, 0x01, 0xf6, 0xce, 0xfd]),
    (45456, [0x34, 0x18, 0x6b, 0x45, 0x19, 0xed, 0xcc, 0x23, 0x22, 0x8c, 0x56, 0xb1, 0x24, 0x40, 0x9b, 0xc4]),
    (45457, [0x94, 0x02, 0x3a, 0x2e, 0xce, 0xad, 0x03, 0x6a, 0x80, 0x89, 0x50, 0x17, 0x86, 0x11, 0x2f, 0x0a]),
    (45459, [0xae, 0xc8, 0x08, 0x28, 0x1f, 0x2b, 0x5d, 0xd2, 0x5c, 0x43, 0xc7, 0xb2, 0x42, 0x2c, 0x15, 0x2d]),
    (45461, [0x9b, 0x66, 0x5c, 0x7a, 0x1f, 0x31, 0x92, 0x99, 0xc5, 0xdc, 0x2b, 0x1f, 0xbb, 0x96, 0xeb, 0x50]),
    (45462, [0x12, 0xc5, 0xdf, 0x4c, 0x82, 0x6b, 0x9f, 0xba, 0x03, 0xcb, 0x0f, 0x10, 0x0d, 0xb4, 0x97, 0xc5]),
    (45463, [0x40, 0x7a, 0x83, 0x78, 0x32, 0xea, 0xd1, 0x0a, 0xa2, 0x0a, 0x46, 0x0b, 0xb5, 0x4c, 0xb5, 0xf0]),
    (45464, [0x77, 0x37, 0x12, 0x4b, 0xa5, 0xfe, 0x8b, 0x91, 0x4c, 0x6f, 0x0f, 0xa8, 0x66, 0x24, 0xde, 0xf7]),
    (45465, [0xa7, 0x1d, 0x30, 0x49, 0x74, 0x6f, 0x80, 0xba, 0xc7, 0x62, 0xd3, 0x40, 0xf8, 0xca, 0xbc, 0x6a]),
    (45466, [0x32, 0x68, 0xd1, 0x2a, 0xfd, 0xb5, 0xba, 0x6c, 0x72, 0x26, 0x39, 0xd4, 0xc8, 0xc2, 0xc7, 0xc1]),
    (45467, [0x7e, 0x81, 0x62, 0xb0, 0x25, 0xa1, 0xc3, 0xaa, 0xff, 0xae, 0xf1, 0x1e, 0x29, 0xbf, 0xd6, 0x3a]),
    (45468, [0x0a, 0x0e, 0x78, 0x6b, 0x1c, 0x61, 0xe3, 0x49, 0x86, 0xa3, 0x18, 0x27, 0x9e, 0xdc, 0x58, 0x41]),
    (45741, [0x7e, 0x3d, 0x5b, 0x0f, 0xdf, 0x17, 0x53, 0x55, 0x07, 0xbc, 0x01, 0xde, 0x1d, 0x4d, 0x0c, 0xd5]),
    (45751, [0x8f, 0x5e, 0xc6, 0xac, 0xbc, 0xf2, 0x1a, 0xc4, 0xa7, 0xfd, 0xcb, 0xd8, 0xca, 0x71, 0xd2, 0x44]),
    (45761, [0xec, 0x65, 0x3d, 0x25, 0x60, 0x7a, 0x28, 0xdb, 0x2f, 0x4e, 0x5a, 0xe6, 0x5b, 0xdb, 0x73, 0xa4]),
    (45771, [0xfa, 0xf1, 0xdf, 0xba, 0x87, 0x31, 0x81, 0x6f, 0x8e, 0xa3, 0x72, 0xc4, 0x52, 0x63, 0xac, 0xf8]),
    (46261, [0x33, 0x27, 0xae, 0xb6, 0xc6, 0xf5, 0xfd, 0x94, 0x2c, 0xcc, 0x53, 0x76, 0xd6, 0x47, 0x27, 0xac]),
    (46262, [0x6c, 0x64, 0xb6, 0x83, 0x31, 0x65, 0xbf, 0x9c, 0x9c, 0x0a, 0x8d, 0xc0, 0x7f, 0xd1, 0xde, 0x7c]),
    (46351, [0x2b, 0x61, 0xc8, 0x72, 0xea, 0x4b, 0xa0, 0x4c, 0x86, 0xa3, 0xa9, 0x9c, 0xf1, 0x14, 0x2a, 0x62]),
    (46352, [0x87, 0x97, 0xef, 0xbd, 0x15, 0xe2, 0xf1, 0x0a, 0xee, 0x1a, 0xa8, 0x91, 0xdc, 0xe3, 0xdc, 0x1d]),
    (46471, [0xc4, 0x88, 0xbd, 0xe4, 0xe9, 0x2b, 0xf1, 0xb3, 0x42, 0x68, 0x8f, 0x36, 0x61, 0xd8, 0x05, 0x8e]),
    (46521, [0x3f, 0x04, 0x75, 0x06, 0x63, 0x59, 0x3c, 0xdb, 0x48, 0xca, 0xd4, 0x07, 0x9b, 0x7d, 0xfc, 0x3a]),
    (46522, [0x45, 0xd3, 0x1d, 0x06, 0xe8, 0x29, 0xc4, 0x90, 0x92, 0x8b, 0xcc, 0x15, 0xab, 0x90, 0xd7, 0x55]),
    (46523, [0x8b, 0x31, 0x3e, 0x54, 0x7a, 0x75, 0xad, 0x5d, 0x16, 0x9e, 0x35, 0xeb, 0x34, 0x99, 0x3f, 0x1f]),
    (46524, [0x4a, 0x1e, 0xe0, 0x0b, 0xda, 0x8a, 0x49, 0x0f, 0x33, 0x61, 0xae, 0x94, 0xf9, 0xfc, 0x57, 0xcd]),
    (46525, [0x85, 0x69, 0x60, 0x72, 0xf6, 0xb3, 0x75, 0x6d, 0x72, 0xe2, 0x77, 0x72, 0x78, 0x79, 0x7e, 0x4f]),
    (46526, [0xfa, 0xb5, 0xdb, 0x93, 0xb5, 0x2d, 0xde, 0x02, 0x71, 0x13, 0x25, 0xe6, 0xef, 0x01, 0xd1, 0xbf]),
    (46527, [0x44, 0x19, 0x91, 0xc0, 0x59, 0x0e, 0x83, 0x8f, 0xe4, 0x52, 0x9c, 0xa2, 0xcd, 0xb9, 0xec, 0x2a]),
    (46531, [0xac, 0x25, 0xe8, 0x43, 0x9b, 0x7f, 0x2c, 0x98, 0x3f, 0xc4, 0x37, 0xd5, 0xfe, 0xc1, 0x8a, 0x19]),
    (46532, [0x89, 0xed, 0xc3, 0xbe, 0x62, 0x73, 0x7c, 0xdb, 0x6c, 0xe1, 0x9a, 0x9d, 0x7c, 0x62, 0x51, 0xae]),
    (46541, [0x57, 0xe2, 0x6b, 0xfb, 0x83, 0xd3, 0x70, 0x32, 0x6d, 0x79, 0x9c, 0x5a, 0xed, 0x7c, 0x7f, 0x15]),
    (46542, [0x96, 0x19, 0x74, 0x20, 0x75, 0x8d, 0x95, 0x61, 0xed, 0x38, 0xcf, 0x62, 0x90, 0xde, 0xf3, 0xba]),
    (46771, [0x41, 0x79, 0x13, 0x17, 0xc3, 0xdf, 0xb4, 0xaf, 0x95, 0x36, 0xd2, 0xe6, 0x63, 0xf2, 0x12, 0xf8]),
    (46772, [0x02, 0x7c, 0x7f, 0x65, 0x0c, 0xf7, 0x22, 0xf9, 0xcc, 0xbc, 0xf1, 0x78, 0xf2, 0xa2, 0xc3, 0x29]),
    (46773, [0x99, 0xda, 0x7a, 0x39, 0x0c, 0x93, 0x51, 0xf7, 0x39, 0x05, 0xfd, 0x84, 0xf6, 0x64, 0x66, 0x2a]),
    (46774, [0x55, 0x11, 0xc6, 0x33, 0xce, 0x16, 0x86, 0x5a, 0xcc, 0xb5, 0xd3, 0x78, 0x74, 0x9f, 0x51, 0xaf]),
    (46791, [0xc3, 0xf6, 0x43, 0x22, 0x07, 0x50, 0x80, 0x95, 0x2b, 0xd4, 0x16, 0x1b, 0xe5, 0xca, 0xbe, 0xd8]),
    (47401, [0xd5, 0x25, 0x58, 0x40, 0xc4, 0x06, 0x00, 0xed, 0x9d, 0x45, 0x8d, 0x17, 0xba, 0xa9, 0x71, 0xde]),
    (47402, [0x99, 0xf6, 0x80, 0x42, 0x7c, 0x4e, 0x55, 0x0a, 0x7c, 0xeb, 0x48, 0xaf, 0xbe, 0xc4, 0x10, 0x35]),
    (47403, [0xa1, 0xdb, 0xa2, 0xb9, 0x3d, 0x97, 0xe3, 0x9a, 0x0e, 0xe9, 0x1c, 0xc2, 0xc8, 0x5a, 0xe5, 0x2e]),
    (47404, [0xb3, 0x79, 0xdc, 0x5f, 0x72, 0xcc, 0x55, 0x22, 0x3f, 0x7e, 0x07, 0x0e, 0x2d, 0x37, 0x3d, 0xc6]),
    (47405, [0x7b, 0x41, 0xba, 0xd6, 0x25, 0x9a, 0x0b, 0x6e, 0x23, 0x4f, 0x25, 0xd0, 0x08, 0xba, 0xcc, 0x33]),
    (47406, [0x8b, 0xbf, 0x7c, 0x2a, 0x52, 0x2d, 0xc0, 0xee, 0xed, 0x61, 0x3b, 0x15, 0x54, 0x4f, 0x08, 0x74]),
    (47407, [0x1a, 0x9b, 0x91, 0x11, 0xf3, 0x09, 0xdc, 0x77, 0x59, 0xd5, 0x57, 0xf4, 0x12, 0xb1, 0x3e, 0x10]),
    (47408, [0x52, 0x15, 0xf4, 0xc7, 0x1b, 0x06, 0xd4, 0xbb, 0x9e, 0x57, 0x00, 0x3b, 0xf0, 0x26, 0x1d, 0xfd]),
    (47409, [0x49, 0x7e, 0x5f, 0xce, 0xa5, 0xd9, 0xa3, 0x25, 0x8f, 0x90, 0x23, 0x4a, 0x79, 0x94, 0xb7, 0xab]),
    (47411, [0x5b, 0xdb, 0x6c, 0xcf, 0x67, 0x1c, 0x03, 0xa0, 0x03, 0x51, 0xa9, 0x5d, 0xd1, 0x9a, 0x9f, 0x5d]),
    (47412, [0x5a, 0x4c, 0x34, 0x12, 0xec, 0xb8, 0xd7, 0x7b, 0x9e, 0xeb, 0x9c, 0xd3, 0xa4, 0x31, 0xd9, 0x50]),
    (47413, [0x1a, 0x96, 0x6b, 0x8a, 0x67, 0xab, 0x5d, 0xaa, 0x65, 0xea, 0xe5, 0x1d, 0x86, 0xcf, 0x0b, 0x94]),
    (47414, [0x48, 0x40, 0x02, 0x40, 0x38, 0x99, 0x7b, 0x15, 0x64, 0x01, 0x85, 0x0f, 0x14, 0xeb, 0xa7, 0x51]),
    (47420, [0x96, 0xed, 0xa5, 0x4f, 0xa7, 0x53, 0xf9, 0xcb, 0xd6, 0x3c, 0x2a, 0x00, 0xdb, 0x2e, 0x40, 0x6b]),
    (47421, [0xd0, 0xf6, 0x5e, 0x92, 0xb7, 0xda, 0xfb, 0x88, 0x78, 0x63, 0x34, 0xf8, 0x5f, 0xc3, 0x17, 0x38]),
    (47422, [0x34, 0x93, 0xf9, 0xc8, 0x4c, 0x28, 0x01, 0xc4, 0x91, 0x46, 0xb1, 0xb0, 0x9f, 0x9e, 0x5e, 0x75]),
    (47423, [0x10, 0x69, 0x43, 0xfa, 0xdb, 0x93, 0x89, 0x6d, 0x70, 0xad, 0xe7, 0xa6, 0xd2, 0x3f, 0x3a, 0xc8]),
    (47424, [0x7b, 0xc2, 0x18, 0x1d, 0x5c, 0xd4, 0x8d, 0xcc, 0xe5, 0x61, 0x6d, 0x41, 0x0d, 0xef, 0x1c, 0x87]),
    (47425, [0x5a, 0xf9, 0xee, 0x52, 0x41, 0x21, 0x51, 0xd5, 0x44, 0x5c, 0x43, 0x2e, 0x95, 0xe8, 0xf5, 0x35]),
    (47426, [0xa4, 0x5c, 0x70, 0x22, 0x6f, 0x77, 0x65, 0x5b, 0x88, 0x55, 0x5c, 0x8b, 0x83, 0x8f, 0xbe, 0x48]),
    (47428, [0x41, 0x32, 0xc2, 0x65, 0x64, 0x99, 0x77, 0xc4, 0x2a, 0x5b, 0x70, 0x1e, 0x65, 0xc5, 0xfe, 0x87]),
    (47720, [0x63, 0x42, 0xea, 0x95, 0x5f, 0x64, 0xa0, 0x86, 0x83, 0x57, 0xc5, 0x95, 0xf0, 0x61, 0xd1, 0xaf]),
    (47721, [0x63, 0x42, 0xea, 0x95, 0x5f, 0x64, 0xa0, 0x86, 0x83, 0x57, 0xc5, 0x95, 0xf0, 0x61, 0xd1, 0xaf]),
    (47722, [0x63, 0x42, 0xea, 0x95, 0x5f, 0x64, 0xa0, 0x86, 0x83, 0x57, 0xc5, 0x95, 0xf0, 0x61, 0xd1, 0xaf]),
    (47723, [0x63, 0x42, 0xea, 0x95, 0x5f, 0x64, 0xa0, 0x86, 0x83, 0x57, 0xc5, 0x95, 0xf0, 0x61, 0xd1, 0xaf]),
    (47731, [0x76, 0xad, 0xc4, 0xa3, 0x62, 0x14, 0xd7, 0xbb, 0xa6, 0x98, 0x69, 0x96, 0x1c, 0x41, 0xd2, 0x95]),
    (47732, [0x11, 0xca, 0xc5, 0x69, 0x7f, 0x56, 0x19, 0x85, 0x2d, 0x57, 0x5a, 0x16, 0x52, 0x39, 0x0d, 0x50]),
    (47733, [0x1a, 0x7c, 0x82, 0x81, 0x27, 0xb6, 0x3e, 0x7e, 0xb5, 0x4b, 0x14, 0x89, 0x12, 0x00, 0x0b, 0x47]),
    (47734, [0x7d, 0x69, 0x50, 0x79, 0xd4, 0xdf, 0x99, 0x9b, 0xa1, 0x4f, 0xcd, 0x83, 0x4f, 0x52, 0xb3, 0x1a]),
    (47735, [0x3f, 0xc4, 0xc4, 0x3c, 0x05, 0x4f, 0xca, 0x66, 0xa0, 0xc7, 0x68, 0xa6, 0xdd, 0x65, 0x04, 0x5c]),
    (47736, [0xa2, 0x7b, 0x74, 0xc4, 0x29, 0x38, 0x09, 0x08, 0x84, 0x39, 0xfa, 0x97, 0x5a, 0x78, 0x46, 0x3f]),
    (47737, [0x4f, 0xb5, 0x98, 0xbb, 0xc6, 0xae, 0xba, 0x84, 0x9f, 0x95, 0x6d, 0x18, 0x79, 0x06, 0x14, 0x74]),
    (47738, [0xcb, 0x8d, 0xd2, 0xcd, 0x9c, 0x99, 0xa7, 0xab, 0x01, 0x5d, 0x9a, 0x4b, 0xd5, 0x96, 0x23, 0x55]),
    (47739, [0x17, 0x81, 0xac, 0x9e, 0x5a, 0xf5, 0x3e, 0x8b, 0x87, 0xdb, 0x22, 0x6a, 0x82, 0x81, 0xc9, 0x89]),
    (47740, [0xec, 0x3f, 0x0e, 0x94, 0x31, 0x8e, 0xf1, 0x0f, 0x95, 0x95, 0x7f, 0x0e, 0x52, 0x1c, 0x15, 0x3f]),
    (47749, [0x63, 0x42, 0xea, 0x95, 0x5f, 0x64, 0xa0, 0x86, 0x83, 0x57, 0xc5, 0x95, 0xf0, 0x61, 0xd1, 0xaf]),
    (47772, [0x76, 0x69, 0x40, 0xaa, 0xed, 0x9b, 0xb1, 0xff, 0x7b, 0xae, 0x4e, 0x16, 0xea, 0x93, 0xb0, 0x95]),
    (47773, [0xb1, 0xf7, 0x4e, 0xe8, 0x2a, 0x7e, 0x59, 0x0b, 0x6e, 0x29, 0xa4, 0xe0, 0xbd, 0x68, 0xd7, 0xd0]),
    (47774, [0xe4, 0xd3, 0x15, 0xc9, 0x0f, 0x71, 0x81, 0xdf, 0xc3, 0x7e, 0x2e, 0x30, 0xab, 0x79, 0x1e, 0x9c]),
    (47775, [0x36, 0x54, 0xd5, 0xf3, 0x2e, 0xf1, 0x2c, 0xae, 0x2d, 0x85, 0x49, 0x9d, 0x9e, 0x6c, 0x1f, 0x3a]),
    (47776, [0x3a, 0xf3, 0x62, 0x06, 0xf2, 0x05, 0xff, 0x59, 0xcf, 0x12, 0x68, 0x1b, 0x7e, 0x9f, 0x1a, 0x3f]),
    (47777, [0x4b, 0x42, 0x65, 0xbf, 0x4d, 0x8b, 0x87, 0x39, 0x4a, 0x31, 0x35, 0xfa, 0x8c, 0x41, 0xbc, 0x90]),
    (47778, [0x02, 0x93, 0x07, 0x8b, 0x9a, 0x25, 0x49, 0x4e, 0x29, 0x14, 0x29, 0x38, 0x77, 0xc0, 0x0d, 0x52]),
    (47779, [0xc6, 0x28, 0xb4, 0x08, 0xe9, 0x87, 0xfb, 0xe7, 0xca, 0xaa, 0xe2, 0x01, 0xe7, 0x7f, 0xb2, 0xbd]),
    (47781, [0x98, 0xe7, 0xe7, 0x06, 0x6a, 0x0e, 0x4e, 0x50, 0x1c, 0xb1, 0xb0, 0x3c, 0x7c, 0xd6, 0xb9, 0x5f]),
    (47782, [0x2b, 0x02, 0xbb, 0x41, 0xbc, 0x92, 0xf6, 0x9c, 0x97, 0x33, 0x61, 0x1c, 0xc3, 0x3b, 0x19, 0xca]),
    (47783, [0x47, 0xaa, 0x7e, 0x1f, 0x46, 0x72, 0x74, 0x35, 0x02, 0xe3, 0x39, 0xda, 0xfb, 0x32, 0xa5, 0xa4]),
    (47784, [0x24, 0xf4, 0xdc, 0x5d, 0x27, 0x78, 0x38, 0x81, 0x18, 0x6d, 0xa3, 0x38, 0xd2, 0xe8, 0xc0, 0x33]),
    (47785, [0x52, 0x3b, 0x40, 0xab, 0x14, 0xe2, 0x4d, 0x8d, 0x4b, 0x55, 0x74, 0x5f, 0x67, 0x18, 0xab, 0x10]),
    (47786, [0x93, 0x4a, 0xe7, 0x56, 0x36, 0x20, 0xf8, 0xa1, 0xaf, 0x66, 0x70, 0xfa, 0xb5, 0xcd, 0x62, 0xce]),
    (47787, [0x8b, 0x00, 0xda, 0x77, 0x0c, 0x70, 0xf9, 0xd9, 0x66, 0x6f, 0xd0, 0x77, 0x5f, 0x6e, 0xd8, 0xa5]),
    (47791, [0x31, 0x5a, 0xee, 0xac, 0x6c, 0x1f, 0x3e, 0x65, 0x3a, 0x32, 0xaf, 0x40, 0x2c, 0x1e, 0x8a, 0x30]),
    (47792, [0x3c, 0x7d, 0x62, 0xe3, 0x12, 0x23, 0x6c, 0x75, 0x96, 0x5a, 0xc5, 0x3d, 0x05, 0x1f, 0x18, 0x7c]),
    (47793, [0x16, 0xe9, 0xd6, 0x03, 0xa7, 0x7f, 0x36, 0xe3, 0x3b, 0x85, 0x8a, 0x13, 0xfc, 0xc0, 0x0f, 0xde]),
    (47794, [0x2c, 0x36, 0x6d, 0x4e, 0x29, 0x31, 0xc5, 0xa2, 0x1d, 0xef, 0xa9, 0x37, 0xde, 0x91, 0xe0, 0xa9]),
    (47795, [0x67, 0x15, 0x7f, 0x52, 0xfc, 0x9a, 0xd7, 0x9e, 0xfd, 0x56, 0xc8, 0xb0, 0x54, 0x29, 0x1a, 0x61]),
    (47796, [0xb3, 0xa8, 0x8d, 0x7e, 0xac, 0x52, 0xd1, 0x8f, 0x46, 0x37, 0xc0, 0x19, 0x47, 0x62, 0xe1, 0x4b]),
    (47797, [0x2f, 0xc2, 0x22, 0x42, 0xee, 0x6e, 0xb5, 0x4a, 0x11, 0x79, 0x22, 0x86, 0xc4, 0xc4, 0x42, 0xfe]),
    (47798, [0xf9, 0x5f, 0xdf, 0x40, 0x98, 0xbe, 0x5f, 0x31, 0xf3, 0xbe, 0xcc, 0x07, 0xfa, 0xcf, 0xb6, 0xff]),
    (47799, [0x84, 0xb5, 0xf7, 0x7c, 0xf4, 0xd0, 0xe1, 0x53, 0xd6, 0x94, 0xca, 0x67, 0x99, 0x37, 0x26, 0xa7]),
    (47811, [0xa2, 0x01, 0x05, 0x45, 0x1c, 0x01, 0x3b, 0xe3, 0x4c, 0x2a, 0xa7, 0xfc, 0x11, 0x0e, 0xd7, 0xe8]),
    (47815, [0x11, 0xed, 0x69, 0xed, 0x74, 0x38, 0xa6, 0x8d, 0xb4, 0xed, 0x75, 0x97, 0x6d, 0xa9, 0xf3, 0x0e]),
    (47820, [0x1b, 0x22, 0x9d, 0xac, 0x4a, 0x8f, 0x19, 0x75, 0xe7, 0x4c, 0x45, 0xd9, 0x55, 0xea, 0xdc, 0x3d]),
    (47821, [0xa8, 0xff, 0x69, 0xb0, 0xff, 0x38, 0x0e, 0xbe, 0xbf, 0x28, 0x92, 0xe4, 0x94, 0x10, 0xc2, 0xca]),
    (47822, [0x77, 0x75, 0xbe, 0x20, 0x48, 0xf9, 0x7b, 0x70, 0x51, 0x79, 0x4f, 0x3a, 0x05, 0xd4, 0x0d, 0xb4]),
    (47831, [0x33, 0x93, 0x17, 0x12, 0x7c, 0x56, 0x97, 0x0b, 0xf7, 0x08, 0x47, 0x11, 0xdd, 0x4d, 0xe3, 0x4c]),
    (47832, [0x54, 0x57, 0x7d, 0xe7, 0x9a, 0xdf, 0xa1, 0x75, 0x7a, 0xe5, 0x5b, 0x65, 0x29, 0x59, 0xa0, 0x72]),
    (47833, [0x97, 0x4c, 0x7e, 0x61, 0xb3, 0xc3, 0x27, 0x87, 0xeb, 0xd2, 0xd9, 0x15, 0xb1, 0x96, 0xc1, 0xf9]),
    (47834, [0xa6, 0xcc, 0x75, 0xc4, 0x0a, 0xee, 0xe5, 0xa6, 0xd8, 0x6f, 0x65, 0x4b, 0x74, 0xe1, 0x48, 0x71]),
    (47835, [0x63, 0x57, 0xb0, 0xff, 0x1f, 0x54, 0x7b, 0xff, 0x27, 0x33, 0x0f, 0x5c, 0x05, 0xa7, 0xa5, 0x80]),
    (47836, [0x56, 0x8f, 0xcd, 0xac, 0x42, 0xac, 0xca, 0xdf, 0x19, 0x1a, 0x4a, 0x2f, 0xd8, 0xac, 0x3e, 0xbd]),
    (47837, [0xf3, 0x30, 0x7d, 0xea, 0xca, 0x22, 0x04, 0x47, 0xee, 0xf6, 0x34, 0x82, 0xb8, 0x5f, 0x52, 0x05]),
    (47838, [0xab, 0x82, 0x48, 0x82, 0x4f, 0xf2, 0x38, 0xf3, 0x5f, 0x5a, 0xe7, 0x17, 0x58, 0x45, 0xc5, 0xa8]),
    (47839, [0x51, 0x6f, 0x5e, 0x5b, 0xd3, 0x64, 0x61, 0x6f, 0xc0, 0x63, 0x6f, 0x80, 0x23, 0x94, 0xa2, 0x26]),
    (47840, [0x98, 0x1d, 0x69, 0x39, 0xd8, 0xc2, 0xd9, 0xcd, 0x5b, 0xde, 0xec, 0xdc, 0x1a, 0x52, 0x02, 0x4a]),
    (47841, [0x7a, 0xa6, 0x9e, 0xfb, 0xfd, 0x60, 0x3b, 0x61, 0xed, 0x9e, 0x64, 0x64, 0x95, 0x29, 0x4d, 0x9c]),
    (47842, [0xf5, 0xb5, 0x0f, 0x77, 0x51, 0xca, 0xb4, 0x0f, 0x61, 0xd7, 0x81, 0xcb, 0xe1, 0xb5, 0xc7, 0x69]),
    (47843, [0x3b, 0x7b, 0x7a, 0xdd, 0x2a, 0x30, 0x66, 0xc0, 0x7c, 0xf5, 0xbf, 0xc4, 0x0e, 0x61, 0xbf, 0xc4]),
    (47880, [0x63, 0x42, 0xea, 0x95, 0x5f, 0x64, 0xa0, 0x86, 0x83, 0x57, 0xc5, 0x95, 0xf0, 0x61, 0xd1, 0xaf]),
    (47891, [0xc8, 0x82, 0x46, 0x18, 0xf0, 0x10, 0x01, 0xea, 0xc7, 0x04, 0x1b, 0x28, 0x2a, 0x17, 0x3f, 0xeb]),
    (47898, [0x93, 0xbe, 0xf9, 0x86, 0x6f, 0x48, 0x3c, 0x58, 0xf6, 0x86, 0x0a, 0x22, 0x6e, 0xa5, 0xff, 0xf3]),
    (47899, [0x9e, 0x5b, 0xbf, 0x08, 0x9a, 0xbd, 0x63, 0xa8, 0xe3, 0xc5, 0xc7, 0xab, 0xff, 0xc7, 0x66, 0xe0]),
    (47901, [0xa0, 0x0d, 0x1e, 0xbe, 0xc0, 0xb5, 0xa0, 0xec, 0xd9, 0x62, 0x59, 0xa0, 0x5e, 0x37, 0x3a, 0x82]),
    (47902, [0x98, 0x31, 0xb8, 0x73, 0xdb, 0xdf, 0x54, 0xe2, 0x84, 0xeb, 0x45, 0x45, 0x78, 0x72, 0x7a, 0xea]),
    (47903, [0x02, 0x6a, 0xc7, 0xbb, 0xac, 0x45, 0x8f, 0xf1, 0x08, 0x8a, 0x4d, 0xac, 0x2b, 0xa8, 0xa2, 0xce]),
    (47904, [0x46, 0x24, 0xdb, 0x6f, 0x1e, 0x6f, 0xcb, 0x3b, 0x60, 0x0b, 0x17, 0xda, 0xd8, 0x2c, 0x74, 0x03]),
    (47905, [0x33, 0x6f, 0x74, 0x6b, 0xd1, 0x63, 0xd4, 0x34, 0x82, 0xaf, 0xd3, 0xac, 0xa0, 0xdb, 0xaf, 0xab]),
    (47906, [0xb9, 0xcb, 0x84, 0xa8, 0xe1, 0x46, 0x56, 0xb5, 0x2d, 0xca, 0xe9, 0xa7, 0xe5, 0x7c, 0x1f, 0x97]),
    (47907, [0xaa, 0x6e, 0xcd, 0x91, 0xc8, 0x80, 0xab, 0x84, 0x4c, 0x03, 0x27, 0x45, 0x85, 0x0e, 0x3f, 0xc4]),
    (47908, [0x8a, 0x1d, 0xaf, 0x41, 0x37, 0xe0, 0xa6, 0x35, 0x43, 0x02, 0x3a, 0x2d, 0x6e, 0x0d, 0xb7, 0xe2]),
    (47911, [0x63, 0x42, 0xea, 0x95, 0x5f, 0x64, 0xa0, 0x86, 0x83, 0x57, 0xc5, 0x95, 0xf0, 0x61, 0xd1, 0xaf]),
    (47912, [0x63, 0x42, 0xea, 0x95, 0x5f, 0x64, 0xa0, 0x86, 0x83, 0x57, 0xc5, 0x95, 0xf0, 0x61, 0xd1, 0xaf]),
    (47921, [0xdb, 0x7e, 0xa0, 0xc7, 0xad, 0x95, 0xf5, 0x25, 0xdb, 0x27, 0x26, 0x0c, 0x73, 0x8f, 0x2d, 0x86]),
    (47931, [0xe1, 0x56, 0x89, 0x3d, 0xef, 0x92, 0xcc, 0x1b, 0xb4, 0x11, 0x2c, 0x61, 0xe0, 0xf5, 0x8c, 0xe4]),
    (47932, [0xf6, 0x16, 0xd5, 0x59, 0x69, 0x18, 0xe9, 0x13, 0x9e, 0xce, 0xf6, 0xbd, 0x89, 0x77, 0x36, 0x88]),
    (47937, [0x4e, 0x2c, 0x07, 0x30, 0xda, 0x64, 0x67, 0x72, 0x34, 0x9b, 0x92, 0x0b, 0x4e, 0x2c, 0x57, 0xa7]),
    (48003, [0xf3, 0xe9, 0x2d, 0xc8, 0x92, 0x03, 0xce, 0xa1, 0xd9, 0x61, 0x74, 0x85, 0x07, 0xdd, 0xd2, 0xac]),
    (48004, [0x8a, 0x72, 0x81, 0x9d, 0xf9, 0x9a, 0xee, 0x15, 0xc1, 0x13, 0x4d, 0x6b, 0x55, 0x3b, 0x94, 0xa1]),
    (48013, [0x3b, 0x28, 0x98, 0xb4, 0x60, 0x0b, 0x02, 0x0b, 0xe6, 0xd5, 0x57, 0x38, 0x99, 0x22, 0xa4, 0xef]),
    (48127, [0x99, 0xde, 0x83, 0xd1, 0x03, 0xe8, 0xd6, 0x55, 0x4b, 0x5d, 0xaf, 0x47, 0x77, 0x73, 0x57, 0xcf]),
    (48128, [0x99, 0xde, 0x83, 0xd1, 0x03, 0xe8, 0xd6, 0x55, 0x4b, 0x5d, 0xaf, 0x47, 0x77, 0x73, 0x57, 0xcf]),
    (48131, [0x99, 0xde, 0x83, 0xd1, 0x03, 0xe8, 0xd6, 0x55, 0x4b, 0x5d, 0xaf, 0x47, 0x77, 0x73, 0x57, 0xcf]),
    (48132, [0x99, 0xde, 0x83, 0xd1, 0x03, 0xe8, 0xd6, 0x55, 0x4b, 0x5d, 0xaf, 0x47, 0x77, 0x73, 0x57, 0xcf]),
    (48165, [0x58, 0x66, 0x88, 0xdf, 0xeb, 0xb2, 0xf0, 0x07, 0xee, 0x6c, 0x55, 0x3d, 0xe4, 0xd5, 0xc9, 0xa8]),
    (48166, [0x58, 0x66, 0x88, 0xdf, 0xeb, 0xb2, 0xf0, 0x07, 0xee, 0x6c, 0x55, 0x3d, 0xe4, 0xd5, 0xc9, 0xa8]),
    (48173, [0x11, 0xed, 0x69, 0xed, 0x74, 0x38, 0xa6, 0x8d, 0xb4, 0xed, 0x75, 0x97, 0x6d, 0xa9, 0xf3, 0x0e]),
    (48185, [0x58, 0x66, 0x88, 0xdf, 0xeb, 0xb2, 0xf0, 0x07, 0xee, 0x6c, 0x55, 0x3d, 0xe4, 0xd5, 0xc9, 0xa8]),
    (48186, [0x58, 0x66, 0x88, 0xdf, 0xeb, 0xb2, 0xf0, 0x07, 0xee, 0x6c, 0x55, 0x3d, 0xe4, 0xd5, 0xc9, 0xa8]),
    (48191, [0xa6, 0xa8, 0x2e, 0x70, 0x92, 0x6b, 0x0d, 0x0d, 0xf4, 0xda, 0xac, 0x2a, 0x40, 0x8e, 0x83, 0x8e]),
    (48192, [0x42, 0xec, 0xa8, 0xb5, 0x06, 0x02, 0x6b, 0xa3, 0x32, 0xd1, 0xec, 0x52, 0x0c, 0x77, 0x1a, 0x01]),
    (48193, [0xfc, 0x05, 0x2e, 0x1e, 0x15, 0x46, 0xc0, 0x24, 0x9e, 0xd9, 0x20, 0x93, 0x7b, 0x14, 0xb5, 0x5e]),
    (48195, [0x58, 0x66, 0x88, 0xdf, 0xeb, 0xb2, 0xf0, 0x07, 0xee, 0x6c, 0x55, 0x3d, 0xe4, 0xd5, 0xc9, 0xa8]),
    (48196, [0x58, 0x66, 0x88, 0xdf, 0xeb, 0xb2, 0xf0, 0x07, 0xee, 0x6c, 0x55, 0x3d, 0xe4, 0xd5, 0xc9, 0xa8]),
    (48197, [0x58, 0x66, 0x88, 0xdf, 0xeb, 0xb2, 0xf0, 0x07, 0xee, 0x6c, 0x55, 0x3d, 0xe4, 0xd5, 0xc9, 0xa8]),
    (48198, [0x58, 0x66, 0x88, 0xdf, 0xeb, 0xb2, 0xf0, 0x07, 0xee, 0x6c, 0x55, 0x3d, 0xe4, 0xd5, 0xc9, 0xa8]),
    (48211, [0x84, 0xea, 0x13, 0x98, 0xa7, 0xa0, 0xa0, 0x5b, 0x92, 0x54, 0xb7, 0x0e, 0xa9, 0x99, 0xa6, 0x3c]),
    (48212, [0x64, 0x51, 0xbc, 0x2b, 0xe3, 0xb0, 0xb4, 0x5f, 0xef, 0xc6, 0x35, 0xa5, 0xd1, 0x7f, 0x70, 0xc5]),
    (48213, [0xc0, 0xcb, 0x2d, 0xe3, 0x33, 0x33, 0x71, 0xec, 0xa6, 0x51, 0xf3, 0xf1, 0x55, 0xb0, 0x2d, 0x16]),
    (48214, [0xd5, 0x3c, 0xd8, 0x79, 0xb5, 0x52, 0x49, 0x49, 0x38, 0xc1, 0x4c, 0x30, 0x50, 0xb3, 0x44, 0x2f]),
    (48215, [0xf2, 0x0a, 0x48, 0xe1, 0x8b, 0x76, 0x97, 0x8c, 0x22, 0xcc, 0x11, 0x6f, 0xde, 0x7d, 0x19, 0xfe]),
    (48216, [0xd1, 0x90, 0x51, 0x02, 0x89, 0x50, 0x3e, 0x19, 0x6a, 0xd9, 0x16, 0x2d, 0x36, 0x53, 0xb3, 0x5f]),
    (48217, [0x3d, 0x4b, 0xab, 0xb3, 0x37, 0x9a, 0xcb, 0x6f, 0x03, 0xc9, 0x6d, 0x1f, 0x2d, 0xa8, 0x74, 0x05]),
    (48218, [0x99, 0xde, 0x83, 0xd1, 0x03, 0xe8, 0xd6, 0x55, 0x4b, 0x5d, 0xaf, 0x47, 0x77, 0x73, 0x57, 0xcf]),
    (48219, [0x99, 0xde, 0x83, 0xd1, 0x03, 0xe8, 0xd6, 0x55, 0x4b, 0x5d, 0xaf, 0x47, 0x77, 0x73, 0x57, 0xcf]),
    (48221, [0x78, 0x31, 0x29, 0x45, 0xb1, 0x1a, 0xb8, 0x7e, 0x6e, 0xd9, 0x52, 0xea, 0x52, 0x62, 0x93, 0x6d]),
    (48222, [0x21, 0x85, 0x67, 0x67, 0xd5, 0x7a, 0x89, 0xe6, 0xa8, 0xf8, 0xbc, 0xcf, 0xbf, 0x79, 0x69, 0x78]),
    (48224, [0x63, 0x42, 0xea, 0x95, 0x5f, 0x64, 0xa0, 0x86, 0x83, 0x57, 0xc5, 0x95, 0xf0, 0x61, 0xd1, 0xaf]),
    (48225, [0x63, 0x42, 0xea, 0x95, 0x5f, 0x64, 0xa0, 0x86, 0x83, 0x57, 0xc5, 0x95, 0xf0, 0x61, 0xd1, 0xaf]),
    (48226, [0x63, 0x42, 0xea, 0x95, 0x5f, 0x64, 0xa0, 0x86, 0x83, 0x57, 0xc5, 0x95, 0xf0, 0x61, 0xd1, 0xaf]),
    (48227, [0x63, 0x42, 0xea, 0x95, 0x5f, 0x64, 0xa0, 0x86, 0x83, 0x57, 0xc5, 0x95, 0xf0, 0x61, 0xd1, 0xaf]),
    (48228, [0x63, 0x42, 0xea, 0x95, 0x5f, 0x64, 0xa0, 0x86, 0x83, 0x57, 0xc5, 0x95, 0xf0, 0x61, 0xd1, 0xaf]),
    (48229, [0x63, 0x42, 0xea, 0x95, 0x5f, 0x64, 0xa0, 0x86, 0x83, 0x57, 0xc5, 0x95, 0xf0, 0x61, 0xd1, 0xaf]),
    (48241, [0x7f, 0x1d, 0xa9, 0x24, 0x8d, 0xff, 0x02, 0x9b, 0x7c, 0x04, 0x42, 0x02, 0xd1, 0x0f, 0x7f, 0x81]),
    (48242, [0xa6, 0x3e, 0x15, 0x52, 0x4a, 0x62, 0x0f, 0xbf, 0x70, 0x01, 0x16, 0x8f, 0x35, 0x55, 0xbb, 0x7e]),
    (48243, [0xfa, 0x2b, 0xe8, 0x1a, 0x0f, 0x2f, 0xc9, 0x57, 0xbc, 0x3f, 0xe0, 0xd6, 0x24, 0x45, 0xc4, 0x0b]),
    (48244, [0xe3, 0xf7, 0x14, 0xbe, 0x68, 0xf3, 0xd2, 0xc4, 0xbc, 0x9d, 0x1f, 0x7b, 0x3b, 0x9c, 0x4d, 0x6f]),
    (48245, [0x5c, 0xd2, 0xa7, 0xe2, 0xb9, 0x6e, 0xed, 0xef, 0xef, 0x4e, 0xf0, 0xc4, 0x4c, 0x5c, 0x81, 0xad]),
    (48246, [0xd6, 0xae, 0x20, 0x47, 0x2f, 0x38, 0xde, 0xec, 0xcd, 0xf7, 0xb7, 0x35, 0x6b, 0x88, 0x21, 0x75]),
    (48247, [0x0b, 0xe6, 0x62, 0xee, 0x4d, 0xb2, 0x7f, 0xf0, 0xe5, 0x6f, 0x14, 0x10, 0x4c, 0x9e, 0xc6, 0xb4]),
    (48248, [0x16, 0xd7, 0x1c, 0xcd, 0x42, 0xbf, 0x71, 0x8d, 0xf9, 0x22, 0x5b, 0x7a, 0x70, 0x22, 0xeb, 0x83]),
    (48249, [0xff, 0x4f, 0xfa, 0x6b, 0xc2, 0x35, 0x1b, 0xbb, 0x4b, 0x05, 0x12, 0x91, 0x96, 0x94, 0xd3, 0x62]),
    (48255, [0xfe, 0x08, 0x3e, 0x85, 0xf0, 0xb3, 0x4f, 0x62, 0x1f, 0xd3, 0x57, 0x94, 0x27, 0x25, 0x0e, 0x29]),
    (48258, [0x63, 0x42, 0xea, 0x95, 0x5f, 0x64, 0xa0, 0x86, 0x83, 0x57, 0xc5, 0x95, 0xf0, 0x61, 0xd1, 0xaf]),
    (48259, [0x63, 0x42, 0xea, 0x95, 0x5f, 0x64, 0xa0, 0x86, 0x83, 0x57, 0xc5, 0x95, 0xf0, 0x61, 0xd1, 0xaf]),
    (48261, [0x02, 0x78, 0x7f, 0x7b, 0x3e, 0xa2, 0x7f, 0x0c, 0x56, 0x0c, 0x32, 0xe8, 0x3c, 0x38, 0x8c, 0x60]),
    (48281, [0x27, 0x08, 0x56, 0xf4, 0xfb, 0x47, 0x63, 0x6f, 0xd8, 0x2c, 0x0d, 0x52, 0x0d, 0x93, 0xfe, 0x98]),
    (48701, [0xe2, 0x9f, 0xa5, 0x52, 0xb8, 0xb8, 0xa1, 0x35, 0x7b, 0xfc, 0x35, 0x79, 0x19, 0x7f, 0x18, 0x05]),
    (48705, [0xed, 0xf6, 0x43, 0x4c, 0x73, 0xa0, 0x15, 0x46, 0x98, 0x2c, 0xcc, 0xf2, 0xe2, 0x2b, 0x8d, 0xdc]),
    (48721, [0xb4, 0xfc, 0x3e, 0x0b, 0x69, 0xb0, 0x81, 0xa4, 0xc1, 0x41, 0x4f, 0xb1, 0xff, 0x1a, 0x91, 0x48]),
    (48801, [0xce, 0x4c, 0x0a, 0xde, 0x22, 0x2c, 0x32, 0x00, 0xad, 0x9d, 0xb2, 0x2d, 0x40, 0xd6, 0x51, 0xdd]),
    (48802, [0x5e, 0xed, 0xdc, 0x0c, 0x8a, 0xc9, 0x72, 0xe1, 0xf1, 0x49, 0xe8, 0xae, 0xd7, 0x3f, 0xeb, 0x0f]),
    (48803, [0x23, 0x87, 0xe3, 0xc3, 0x74, 0xe7, 0xaf, 0x11, 0xb2, 0x05, 0x72, 0xfe, 0xec, 0xdf, 0x20, 0x69]),
    (48804, [0x07, 0x8e, 0xde, 0x66, 0xd9, 0x9b, 0x08, 0xe9, 0x83, 0xc1, 0x7c, 0x20, 0x93, 0xaa, 0xfd, 0x41]),
    (48805, [0x5d, 0x5d, 0x79, 0xbc, 0x35, 0x36, 0x91, 0x72, 0x73, 0x09, 0xad, 0xcf, 0x91, 0x7a, 0xd4, 0x66]),
    (48806, [0x20, 0xa5, 0xda, 0xbf, 0xe0, 0xf9, 0xcf, 0xfe, 0x0f, 0x82, 0x1c, 0x2d, 0xf6, 0xfd, 0x08, 0xe8]),
    (48811, [0x71, 0x13, 0xba, 0x30, 0xe9, 0xa3, 0xec, 0x30, 0x76, 0x03, 0xeb, 0x54, 0x60, 0x0c, 0xc4, 0x57]),
    (48830, [0x7f, 0x37, 0x8f, 0x6f, 0x22, 0x80, 0x96, 0xa3, 0x6e, 0x2d, 0x04, 0x50, 0x6c, 0x94, 0xfc, 0x44]),
    (48952, [0x6c, 0x63, 0x28, 0x83, 0x8b, 0x9b, 0xd6, 0xc5, 0x7e, 0x6c, 0x08, 0x04, 0x91, 0xbc, 0x4a, 0xa3]),
    (49301, [0x8b, 0xf3, 0x68, 0x15, 0x00, 0x47, 0x28, 0x9c, 0x47, 0xa3, 0xbb, 0x95, 0xf1, 0xdb, 0x86, 0xb5]),
    (49302, [0xf5, 0xfd, 0x64, 0xfd, 0x59, 0xc6, 0x4b, 0x77, 0xef, 0x50, 0x7e, 0xfd, 0xae, 0xf6, 0x1e, 0xfb]),
    (49303, [0xdf, 0x8d, 0x48, 0x44, 0x6c, 0xa7, 0x95, 0x45, 0xeb, 0x8a, 0x3f, 0x3e, 0xd6, 0x01, 0x86, 0x01]),
    (49304, [0x48, 0x25, 0xc1, 0xb7, 0xc4, 0xa0, 0xaa, 0xb6, 0x2c, 0xb0, 0x76, 0x00, 0xeb, 0x67, 0x33, 0xa0]),
    (49305, [0x84, 0xa8, 0x1b, 0xf6, 0xfa, 0x33, 0xcc, 0x6f, 0x4d, 0x50, 0x5b, 0x5f, 0xbd, 0xf9, 0xd7, 0x95]),
    (49306, [0x6e, 0x65, 0x35, 0x5f, 0xa8, 0x19, 0xe4, 0x0e, 0x1e, 0x05, 0x54, 0x58, 0x8f, 0x74, 0x85, 0xf2]),
    (49310, [0x97, 0x8e, 0x5e, 0x68, 0x24, 0x71, 0x80, 0xa0, 0x4a, 0x2b, 0x8f, 0xfc, 0x50, 0xd4, 0xc6, 0x92]),
    (49311, [0xe6, 0x25, 0xf9, 0xa5, 0xe0, 0x74, 0xe1, 0x63, 0xf4, 0xb8, 0x54, 0x7d, 0x37, 0x79, 0xf1, 0xd0]),
    (49321, [0xd9, 0x5a, 0x8d, 0x83, 0xab, 0x6c, 0xc2, 0x03, 0xf6, 0x47, 0x71, 0x6e, 0x63, 0xf4, 0xb9, 0xb1]),
    (49322, [0x57, 0xa5, 0xf6, 0x37, 0xaf, 0x64, 0x85, 0xe6, 0xa2, 0xca, 0xa8, 0x28, 0x72, 0xd1, 0xf4, 0xd8]),
    (49323, [0x29, 0xb2, 0xaf, 0xca, 0xe9, 0x4f, 0xc6, 0x00, 0x96, 0x28, 0xb2, 0x75, 0x65, 0x3a, 0x34, 0xdc]),
    (49324, [0x37, 0xa2, 0x9f, 0x8f, 0x37, 0xf9, 0x76, 0xfa, 0xf8, 0x2d, 0x0b, 0x45, 0xdf, 0x75, 0x61, 0x36]),
    (49325, [0x84, 0x83, 0xc5, 0xce, 0xff, 0x78, 0xb3, 0xe3, 0x2d, 0x42, 0xee, 0x75, 0xee, 0x20, 0x2b, 0xe8]),
    (49331, [0x07, 0x6f, 0x61, 0x10, 0x9b, 0x2d, 0xb4, 0xf1, 0x49, 0xf8, 0xd5, 0x2e, 0xcb, 0xb8, 0x5b, 0x37]),
    (49332, [0x4d, 0x8d, 0x00, 0xed, 0xd6, 0x0b, 0x98, 0x70, 0xc5, 0x4d, 0xb9, 0xff, 0xc7, 0x5a, 0x8f, 0xd4]),
    (49333, [0xab, 0x5a, 0x8e, 0x80, 0x34, 0xe6, 0x5a, 0x0c, 0x3e, 0x69, 0x49, 0x39, 0x12, 0x32, 0x4d, 0x98]),
    (49334, [0x3e, 0xe2, 0xa0, 0x24, 0x52, 0xa9, 0xb2, 0x89, 0xba, 0x9b, 0xf4, 0x90, 0x57, 0xb3, 0xdc, 0xd4]),
    (49335, [0x53, 0xfc, 0x52, 0x56, 0x05, 0x2c, 0x5c, 0x5e, 0x6f, 0x47, 0xa9, 0xd5, 0x1a, 0x1f, 0x88, 0xa1]),
    (49336, [0xc8, 0x99, 0x8a, 0xae, 0x38, 0xc3, 0x25, 0x8b, 0x3f, 0x5f, 0xea, 0xfc, 0xb7, 0x6b, 0xd5, 0xf2]),
    (49337, [0xad, 0x00, 0xae, 0x23, 0x8f, 0x45, 0x66, 0xc8, 0xac, 0x95, 0xc0, 0xeb, 0x18, 0x07, 0xcf, 0x9b]),
    (49341, [0x92, 0xb1, 0xe9, 0xd4, 0x31, 0xf7, 0x5e, 0x29, 0x72, 0x04, 0x27, 0xa6, 0x37, 0xdd, 0x4f, 0x87]),
    (49342, [0x11, 0x1e, 0x23, 0xa8, 0x20, 0x2a, 0xe4, 0xf3, 0x66, 0x86, 0x6c, 0xe1, 0xa8, 0xb2, 0x1f, 0xfc]),
    (49401, [0x17, 0xa7, 0x98, 0xd5, 0x08, 0x80, 0x0f, 0xd2, 0x90, 0x8a, 0x1e, 0x39, 0x01, 0xe4, 0xc3, 0x94]),
    (49405, [0x5a, 0x15, 0xd9, 0xd7, 0x28, 0x63, 0x0d, 0x71, 0xf6, 0x89, 0xbf, 0x65, 0x57, 0x6d, 0x1c, 0xba]),
    (49471, [0xdc, 0x4b, 0xed, 0x15, 0x75, 0x57, 0x90, 0xa6, 0x8c, 0xcb, 0x8e, 0xcc, 0x81, 0x9e, 0xf0, 0xe7]),
    (49481, [0xd4, 0x9a, 0x70, 0x6d, 0x32, 0xb2, 0x01, 0x37, 0xed, 0x83, 0x2b, 0x80, 0xc7, 0x24, 0x93, 0x19]),
    (49602, [0x76, 0x74, 0xad, 0x7e, 0x30, 0x65, 0x73, 0xbe, 0x29, 0x78, 0x35, 0x1e, 0xbb, 0x65, 0xc7, 0x05]),
    (49607, [0xdc, 0x65, 0x55, 0xd3, 0x2b, 0xa4, 0x18, 0x0b, 0x43, 0xcc, 0xd2, 0x4d, 0xbf, 0x42, 0x43, 0x3c]),
    (50001, [0x55, 0x51, 0x01, 0x52, 0x3f, 0xf9, 0x27, 0xc3, 0x4e, 0x67, 0x75, 0x76, 0xfe, 0xf1, 0x0b, 0x08]),
    (50111, [0x50, 0x1c, 0xe3, 0xa1, 0x20, 0xe9, 0x80, 0xd9, 0x3f, 0x59, 0x3d, 0xe9, 0x48, 0xe6, 0xb9, 0x1d]),
    (50112, [0x17, 0x0c, 0x1d, 0x45, 0xb7, 0xab, 0x24, 0x23, 0x17, 0x83, 0xe2, 0x21, 0x6f, 0x23, 0x8b, 0xbe]),
    (50131, [0xbb, 0x45, 0xd4, 0x7b, 0x5a, 0xeb, 0xc4, 0xef, 0xf1, 0x02, 0x3e, 0xc9, 0xa2, 0xa5, 0xac, 0xcd]),
    (50132, [0x96, 0xcd, 0x9a, 0x17, 0x56, 0x41, 0x11, 0xbe, 0x25, 0xba, 0x14, 0x72, 0x41, 0x5d, 0x0f, 0x5a]),
    (50133, [0x54, 0xe3, 0xbb, 0xa9, 0xe5, 0x62, 0x39, 0xfe, 0xdb, 0x5d, 0x5d, 0x2f, 0x1a, 0xc4, 0x65, 0xf2]),
    (50134, [0xa4, 0xe3, 0x06, 0xe6, 0x97, 0x4c, 0x6c, 0xde, 0x58, 0x1a, 0xbd, 0x57, 0xe3, 0x4f, 0xa7, 0xc5]),
    (50140, [0x6d, 0xbe, 0x59, 0x05, 0xef, 0x8d, 0xe1, 0xaa, 0x9e, 0x7c, 0xb7, 0xc8, 0x7c, 0x64, 0x9a, 0x83]),
    (50141, [0x17, 0xae, 0xeb, 0x98, 0xfa, 0x68, 0xc3, 0x76, 0x6e, 0x31, 0x99, 0x49, 0x51, 0xc4, 0xf8, 0x0e]),
    (50142, [0x92, 0x1a, 0x6d, 0xfa, 0xc2, 0x52, 0x98, 0x27, 0xb7, 0x13, 0x27, 0xe7, 0x75, 0xdb, 0xdb, 0x0e]),
    (50143, [0x85, 0x3b, 0x77, 0x31, 0x8e, 0x3b, 0x49, 0x52, 0xc6, 0x59, 0x67, 0x92, 0xa1, 0xb3, 0xb2, 0xb7]),
    (50144, [0x66, 0x1c, 0x55, 0x40, 0x6f, 0x33, 0x97, 0x4b, 0x88, 0x4b, 0xa4, 0xb0, 0x9a, 0x41, 0xff, 0x4d]),
    (50145, [0xbc, 0xec, 0x8a, 0x65, 0xad, 0x69, 0xe4, 0x49, 0xb1, 0x73, 0x39, 0xc2, 0xde, 0x1a, 0x19, 0x88]),
    (50146, [0x45, 0xb2, 0x2f, 0x1b, 0x3b, 0x0c, 0xad, 0x1c, 0x20, 0x9d, 0x37, 0xa0, 0xda, 0x47, 0xe0, 0x51]),
    (50147, [0x6b, 0x7e, 0x94, 0x62, 0x6f, 0x8d, 0x5f, 0xd5, 0x56, 0x9c, 0x2e, 0xcd, 0xcb, 0x90, 0x98, 0x41]),
    (50150, [0xaa, 0x4a, 0x25, 0x9c, 0x9d, 0x78, 0x11, 0x33, 0x2b, 0xa0, 0xba, 0xb2, 0x3c, 0xd5, 0xca, 0x14]),
    (50151, [0xb7, 0xf4, 0xae, 0xa7, 0x62, 0x5d, 0x79, 0x68, 0xdd, 0xec, 0xf0, 0x01, 0xf9, 0x0f, 0xe7, 0xf1]),
    (50152, [0x47, 0x5d, 0xd1, 0x67, 0xe8, 0x68, 0xb9, 0x5b, 0xb2, 0x4f, 0x10, 0x3c, 0xf2, 0xa2, 0xe8, 0x0b]),
    (50153, [0x2f, 0x5a, 0x05, 0x4e, 0x42, 0x52, 0xba, 0xbd, 0x4b, 0x73, 0x03, 0x9f, 0xc5, 0x59, 0x58, 0xce]),
    (50154, [0x97, 0xac, 0x6d, 0xe5, 0x8e, 0x29, 0x98, 0x2e, 0x44, 0xfe, 0x37, 0x3b, 0x41, 0x3a, 0x39, 0x47]),
    (50155, [0xe0, 0xec, 0x55, 0xff, 0xfa, 0x72, 0x49, 0xc3, 0xd4, 0x78, 0xae, 0xa2, 0xa7, 0x8b, 0x61, 0x99]),
    (50156, [0x2f, 0xfc, 0x9f, 0xa4, 0xf6, 0x0c, 0x0e, 0x7d, 0x48, 0xee, 0x85, 0x05, 0x4b, 0xc3, 0x1b, 0x8e]),
    (50157, [0x79, 0x87, 0x52, 0x19, 0x75, 0x51, 0x93, 0xc9, 0x1e, 0x16, 0xbb, 0x0a, 0xc1, 0x9b, 0x7f, 0x6c]),
    (50161, [0x16, 0xc0, 0x1b, 0xd4, 0x25, 0x81, 0x78, 0x61, 0x26, 0x42, 0xc1, 0x5a, 0x78, 0x45, 0x5e, 0xdf]),
    (50162, [0x50, 0x72, 0x0f, 0x3d, 0xb1, 0x65, 0x45, 0x66, 0x3c, 0xef, 0x4e, 0x37, 0xb4, 0x0e, 0x39, 0x2d]),
    (50163, [0x9e, 0x03, 0xb7, 0x06, 0x25, 0x84, 0x5d, 0xa9, 0xc9, 0xdc, 0x44, 0x05, 0xca, 0x4e, 0x1e, 0x4e]),
    (50164, [0x4d, 0x8d, 0xc6, 0x1a, 0x8a, 0x38, 0x97, 0x07, 0xf3, 0x01, 0xbb, 0x43, 0xb2, 0x14, 0x5e, 0xd4]),
    (50165, [0xad, 0x35, 0x54, 0x51, 0x0b, 0x9d, 0x8c, 0x8c, 0x21, 0xfc, 0x1c, 0xeb, 0xdd, 0xea, 0x51, 0xf7]),
    (50166, [0xd6, 0xcc, 0xd5, 0xdb, 0x93, 0x48, 0x90, 0x94, 0xed, 0x13, 0x80, 0x47, 0x64, 0x28, 0x48, 0x5d]),
    (50167, [0x36, 0x2e, 0xb1, 0x4f, 0x56, 0xad, 0xaa, 0xf6, 0xd9, 0xa0, 0x90, 0x95, 0xb5, 0xdc, 0x4e, 0x97]),
    (50168, [0x1a, 0xb0, 0x43, 0xd7, 0x0d, 0xb8, 0xc8, 0x54, 0xeb, 0x77, 0xec, 0x5b, 0x45, 0x76, 0x5c, 0x0a]),
    (50169, [0xed, 0x96, 0xc7, 0x1d, 0x53, 0x9b, 0x59, 0x7c, 0x64, 0x29, 0xab, 0xb9, 0xec, 0xb8, 0x42, 0x41]),
    (50171, [0x77, 0xd3, 0x26, 0xf9, 0x68, 0x85, 0x84, 0x76, 0xfe, 0xa0, 0xba, 0x65, 0x4d, 0x6b, 0x11, 0x30]),
    (50172, [0xea, 0x4f, 0x40, 0x5c, 0x87, 0x52, 0x30, 0x1d, 0xc8, 0x89, 0x14, 0x62, 0x0f, 0x80, 0x0e, 0x8b]),
    (50173, [0x01, 0xd0, 0xb9, 0xdc, 0x70, 0x82, 0x58, 0xbd, 0x03, 0xce, 0x4c, 0x7d, 0xea, 0x71, 0x1e, 0x30]),
    (50174, [0x9a, 0x91, 0x71, 0x87, 0x82, 0xbe, 0x36, 0x8a, 0x40, 0xcd, 0xcc, 0xa4, 0xb9, 0x21, 0xff, 0xfc]),
    (50175, [0x00, 0xea, 0xc7, 0x88, 0x71, 0xf7, 0xd3, 0xd6, 0x05, 0x4e, 0xf2, 0xaa, 0xa1, 0x0c, 0xb1, 0x22]),
    (50176, [0xfb, 0xe1, 0x2c, 0x26, 0x3b, 0x8c, 0x97, 0x59, 0x01, 0xd5, 0xd4, 0x82, 0x1b, 0x6d, 0x5c, 0xe0]),
    (50177, [0x9f, 0xcd, 0x53, 0x76, 0x91, 0x28, 0x61, 0x16, 0x92, 0xbd, 0xa5, 0x4b, 0x86, 0x6b, 0x09, 0x23]),
    (50178, [0x5d, 0xf6, 0x86, 0xd6, 0x4d, 0x31, 0x86, 0xb8, 0x27, 0x65, 0x2d, 0xb4, 0xe9, 0x01, 0xf6, 0x9c]),
    (50179, [0x5b, 0x1e, 0xe0, 0xb8, 0x22, 0x85, 0x6d, 0xa2, 0x42, 0xf3, 0x74, 0x61, 0xf1, 0x15, 0xff, 0xbc]),
    (50181, [0x94, 0xf8, 0x3a, 0xb1, 0x77, 0xac, 0xd2, 0x7c, 0x25, 0x8c, 0x38, 0xe1, 0xbe, 0xc7, 0xd7, 0xdf]),
    (50182, [0x23, 0x11, 0xd5, 0x41, 0x83, 0x76, 0xb3, 0xb4, 0x77, 0x90, 0x51, 0x0f, 0x13, 0xe2, 0x63, 0x7d]),
    (50183, [0xcb, 0x38, 0xdd, 0x6a, 0x22, 0xcc, 0x83, 0x1e, 0x46, 0x4d, 0x54, 0x31, 0xe7, 0xd4, 0xf5, 0x9f]),
    (50184, [0xf4, 0xb6, 0x8a, 0x1e, 0x2a, 0x27, 0x79, 0xa0, 0x4e, 0x27, 0x8e, 0xa7, 0x42, 0x80, 0x9e, 0x3e]),
    (50185, [0x42, 0x5e, 0xd8, 0x15, 0xe4, 0x15, 0x82, 0xf2, 0xc9, 0x5c, 0xfd, 0x4f, 0xd9, 0xd1, 0xa8, 0x41]),
    (50186, [0x26, 0xd9, 0xbe, 0xbf, 0xe9, 0xaa, 0x1b, 0xfc, 0x76, 0x12, 0xc6, 0xc3, 0x78, 0xd5, 0x81, 0x32]),
    (50187, [0x34, 0x4d, 0x21, 0x93, 0x0c, 0xc4, 0x40, 0xe3, 0x5e, 0xd7, 0x3d, 0xba, 0xb9, 0xdb, 0xfa, 0x9d]),
    (50188, [0xda, 0xbd, 0xca, 0xf2, 0xc4, 0x8a, 0xe2, 0xbb, 0xe5, 0xa9, 0xa9, 0xbb, 0x59, 0xd4, 0x7c, 0x64]),
    (50189, [0xd9, 0xc0, 0x41, 0x06, 0xbb, 0xe0, 0x2d, 0x22, 0xa9, 0x28, 0xbd, 0x37, 0x92, 0xa0, 0xe1, 0x8c]),
    (50191, [0x10, 0xe3, 0x11, 0xff, 0x85, 0xbb, 0x3e, 0x75, 0xca, 0x05, 0x59, 0x75, 0xa9, 0x8e, 0x91, 0x9d]),
    (50192, [0x83, 0x8c, 0x1c, 0x52, 0xb0, 0xbc, 0x2c, 0xcc, 0x4e, 0xd0, 0x29, 0x2b, 0x2e, 0xf0, 0x05, 0x91]),
    (50193, [0x6e, 0x76, 0x6f, 0x93, 0xad, 0x9f, 0xd1, 0x4c, 0xdc, 0x0c, 0x49, 0x2c, 0xbd, 0xaa, 0xa4, 0x58]),
    (50194, [0xb6, 0xdd, 0x81, 0x20, 0x1f, 0x3f, 0xdd, 0x47, 0x63, 0x77, 0x84, 0x56, 0xcf, 0x2c, 0xe1, 0xba]),
    (50195, [0xf7, 0x85, 0xea, 0x69, 0x3a, 0xc4, 0x5e, 0x98, 0xe1, 0x9f, 0x06, 0x42, 0x5e, 0xd6, 0x43, 0x8e]),
    (50196, [0x40, 0x4d, 0x70, 0x95, 0x87, 0xd3, 0xec, 0x2a, 0xd5, 0x76, 0x36, 0x4a, 0xff, 0x83, 0x38, 0x15]),
    (50197, [0xeb, 0x24, 0x9c, 0xa7, 0xb1, 0x3b, 0xb3, 0x14, 0xea, 0xbf, 0x7d, 0xd9, 0x92, 0x32, 0x0c, 0xa2]),
    (50198, [0x15, 0x56, 0x41, 0xac, 0xaf, 0x5f, 0x92, 0x94, 0xde, 0xd1, 0xf3, 0x2f, 0xf8, 0x97, 0x40, 0x96]),
    (50199, [0xb8, 0x88, 0x22, 0xfa, 0xf3, 0xb4, 0x4e, 0x7a, 0x9e, 0x05, 0xc5, 0x45, 0xa5, 0x53, 0xb1, 0x3a]),
    (50200, [0x51, 0xd6, 0x47, 0xbb, 0x08, 0xd3, 0x2b, 0xd2, 0x5d, 0x7f, 0x0c, 0x2b, 0x0a, 0xc1, 0x87, 0xe5]),
    (50201, [0xe1, 0xc8, 0xc7, 0x92, 0x77, 0xad, 0xa6, 0x9e, 0x5f, 0x09, 0x9f, 0x3e, 0x73, 0x85, 0xeb, 0xa7]),
    (50202, [0x24, 0x08, 0xaa, 0xbf, 0x1e, 0xda, 0x97, 0xdf, 0x39, 0x94, 0x92, 0x87, 0x78, 0x54, 0xb7, 0xfd]),
    (50203, [0xed, 0x3e, 0x98, 0x34, 0xf9, 0x6f, 0x93, 0xb1, 0x10, 0xe2, 0x2c, 0xd2, 0xbf, 0xb0, 0xcf, 0x33]),
    (50204, [0xcd, 0xc5, 0x2a, 0xbb, 0x1e, 0x6d, 0x68, 0xd1, 0x15, 0xc2, 0x93, 0x15, 0xd3, 0x42, 0x1a, 0xf3]),
    (50205, [0x7a, 0x27, 0x5b, 0x4e, 0x9d, 0xae, 0x20, 0xdc, 0x0a, 0x29, 0xff, 0x04, 0xf3, 0x65, 0xe9, 0xfc]),
    (50206, [0xc1, 0x20, 0xef, 0x6b, 0x27, 0x04, 0x5f, 0x94, 0x8f, 0xe3, 0x0c, 0x38, 0x43, 0x6d, 0x55, 0x87]),
    (50207, [0xf3, 0xc4, 0x4e, 0x9e, 0x8c, 0xb1, 0x4e, 0x11, 0xce, 0x04, 0x19, 0xb3, 0x62, 0x9b, 0xba, 0x4d]),
    (50208, [0xb2, 0x5a, 0x05, 0xdb, 0xbe, 0x6b, 0x9f, 0x27, 0x45, 0x6f, 0x2d, 0x0c, 0x6d, 0x85, 0xb5, 0x52]),
    (50209, [0x59, 0x01, 0xbc, 0x7b, 0x26, 0x47, 0x28, 0x74, 0x68, 0x19, 0xe1, 0xe1, 0x8a, 0x15, 0x03, 0x81]),
    (50210, [0x7a, 0x58, 0x91, 0xda, 0x63, 0x41, 0x68, 0xaf, 0xf8, 0x4b, 0xe7, 0xcb, 0x18, 0xdc, 0xb0, 0x5d]),
    (50213, [0x6f, 0x6d, 0x6c, 0xf8, 0x48, 0xca, 0x9a, 0x68, 0xce, 0x83, 0xf7, 0x20, 0x4c, 0x9f, 0xc7, 0xc3]),
    (50221, [0xea, 0x47, 0x91, 0xd6, 0x4d, 0x31, 0x1a, 0x2a, 0x06, 0xe8, 0x1f, 0x09, 0xcd, 0xf0, 0x2a, 0xe1]),
    (50222, [0x5d, 0x9f, 0x54, 0x8e, 0x96, 0x85, 0xd9, 0x44, 0xe6, 0xb6, 0x2f, 0x3f, 0xdd, 0x3c, 0x81, 0x81]),
    (50223, [0x4b, 0x61, 0x74, 0xf7, 0x3d, 0x62, 0xb9, 0xc0, 0x3b, 0x2b, 0x70, 0x9e, 0x59, 0x8c, 0xfa, 0xc4]),
    (50224, [0x72, 0x92, 0xed, 0x00, 0x4c, 0xea, 0x2e, 0x38, 0x13, 0xed, 0xb8, 0xde, 0x59, 0xf6, 0xbf, 0xb7]),
    (50225, [0xf2, 0x1c, 0xde, 0x3f, 0x3b, 0x77, 0x9a, 0x26, 0x56, 0xb9, 0x41, 0x5e, 0x49, 0x79, 0x93, 0xf2]),
    (50226, [0xb4, 0x16, 0x49, 0xfa, 0x1d, 0x70, 0x93, 0xdf, 0x93, 0x0a, 0x1e, 0x55, 0x0f, 0x7a, 0xdc, 0xf5]),
    (50227, [0x61, 0x91, 0x85, 0x74, 0x45, 0x83, 0x5c, 0xc1, 0x64, 0x07, 0xbc, 0x05, 0xa2, 0xb0, 0x2c, 0x06]),
    (50228, [0x60, 0x78, 0xf1, 0xee, 0x77, 0x4c, 0x44, 0x11, 0x03, 0xd7, 0xbf, 0x68, 0x0b, 0x50, 0xc7, 0x5f]),
    (50229, [0x4d, 0x4d, 0x6d, 0xca, 0x9d, 0x55, 0x3d, 0xba, 0x18, 0xe6, 0x39, 0x76, 0x0d, 0xb6, 0xbd, 0xe4]),
    (50230, [0xfe, 0x4f, 0x8a, 0x06, 0x4e, 0xbd, 0x49, 0x46, 0x6f, 0x6a, 0x3a, 0x65, 0xb7, 0x9b, 0x7e, 0xc7]),
    (50231, [0xe2, 0x94, 0x87, 0x7a, 0xe5, 0x0e, 0xa0, 0x95, 0xeb, 0x51, 0xaf, 0x25, 0xe6, 0x09, 0xff, 0x1f]),
    (50232, [0xd9, 0xea, 0xc7, 0x2e, 0xe3, 0xec, 0xa0, 0x2e, 0x7c, 0xb4, 0x79, 0xd7, 0x80, 0x64, 0xc3, 0x62]),
    (50233, [0xed, 0x3e, 0x98, 0x34, 0xf9, 0x6f, 0x93, 0xb1, 0x10, 0xe2, 0x2c, 0xd2, 0xbf, 0xb0, 0xcf, 0x33]),
    (50234, [0xcd, 0xc5, 0x2a, 0xbb, 0x1e, 0x6d, 0x68, 0xd1, 0x15, 0xc2, 0x93, 0x15, 0xd3, 0x42, 0x1a, 0xf3]),
    (50235, [0x7a, 0x27, 0x5b, 0x4e, 0x9d, 0xae, 0x20, 0xdc, 0x0a, 0x29, 0xff, 0x04, 0xf3, 0x65, 0xe9, 0xfc]),
    (50236, [0xc1, 0x20, 0xef, 0x6b, 0x27, 0x04, 0x5f, 0x94, 0x8f, 0xe3, 0x0c, 0x38, 0x43, 0x6d, 0x55, 0x87]),
    (50237, [0xf3, 0xc4, 0x4e, 0x9e, 0x8c, 0xb1, 0x4e, 0x11, 0xce, 0x04, 0x19, 0xb3, 0x62, 0x9b, 0xba, 0x4d]),
    (50238, [0xb2, 0x5a, 0x05, 0xdb, 0xbe, 0x6b, 0x9f, 0x27, 0x45, 0x6f, 0x2d, 0x0c, 0x6d, 0x85, 0xb5, 0x52]),
    (50239, [0x59, 0x01, 0xbc, 0x7b, 0x26, 0x47, 0x28, 0x74, 0x68, 0x19, 0xe1, 0xe1, 0x8a, 0x15, 0x03, 0x81]),
    (50241, [0x3c, 0x53, 0x7e, 0xe1, 0xc1, 0xd4, 0x00, 0xf1, 0x24, 0x65, 0x44, 0x9e, 0xcc, 0x76, 0xe2, 0x1a]),
    (50242, [0x08, 0x10, 0x74, 0xaa, 0xf0, 0xbf, 0xf3, 0x38, 0xd2, 0x17, 0x1b, 0xf2, 0x09, 0x2c, 0x23, 0xef]),
    (50243, [0x52, 0xfb, 0xf8, 0xa6, 0x5a, 0x3e, 0x7f, 0xd7, 0x83, 0xf0, 0x57, 0x57, 0x19, 0xe5, 0x2b, 0xe7]),
    (50244, [0x9a, 0xaf, 0x3c, 0xb7, 0x13, 0x88, 0x84, 0x7c, 0x81, 0xe2, 0x0f, 0x37, 0x97, 0x0d, 0xd0, 0xec]),
    (50245, [0x53, 0x62, 0x06, 0x02, 0x1e, 0x5f, 0x44, 0x1d, 0xde, 0x90, 0xca, 0x41, 0x56, 0xae, 0x2b, 0x39]),
    (50246, [0xdd, 0xde, 0x48, 0x95, 0x5a, 0x20, 0x6a, 0x82, 0x10, 0x6a, 0xa8, 0x56, 0xd4, 0xc0, 0x42, 0x98]),
    (50247, [0x06, 0xdc, 0xab, 0x7f, 0x62, 0x8c, 0x3d, 0x8e, 0x27, 0x94, 0xb8, 0x16, 0x39, 0x33, 0x04, 0xa6]),
    (50248, [0x5d, 0x08, 0xe8, 0xb9, 0xb5, 0x21, 0x10, 0x68, 0x42, 0x82, 0xeb, 0x30, 0x2c, 0xf9, 0xf8, 0x09]),
    (50249, [0x34, 0x95, 0xd3, 0x02, 0x32, 0xad, 0x0e, 0x6b, 0x64, 0x87, 0x46, 0x21, 0x6b, 0x43, 0x6e, 0xca]),
    (50261, [0x79, 0x1d, 0xcf, 0x53, 0x06, 0x76, 0x79, 0xed, 0x42, 0xd5, 0x7c, 0x9b, 0xc8, 0x12, 0xf5, 0xcd]),
    (50262, [0x0d, 0xa7, 0x3c, 0x27, 0xcf, 0xe6, 0x99, 0xa5, 0x56, 0x76, 0x2a, 0x8d, 0x91, 0x2f, 0xa1, 0x21]),
    (50263, [0xae, 0x2b, 0x9a, 0x7f, 0x47, 0x0a, 0x36, 0x7f, 0x13, 0x24, 0xd4, 0x32, 0x03, 0x77, 0x6a, 0x02]),
    (50264, [0xe0, 0x6d, 0x91, 0x33, 0xb1, 0x97, 0xce, 0x25, 0x7a, 0x31, 0x42, 0xa1, 0x39, 0x9f, 0x09, 0x98]),
    (50265, [0x80, 0xd6, 0xfa, 0xee, 0x76, 0xf9, 0x33, 0xe3, 0x32, 0x53, 0xd7, 0x52, 0x9c, 0xd7, 0xe0, 0xee]),
    (50266, [0x05, 0xef, 0xb3, 0x36, 0x2b, 0x5b, 0x9f, 0x9d, 0x28, 0x2e, 0x9b, 0x1d, 0xe9, 0xb1, 0x3e, 0xda]),
    (50267, [0x47, 0x4f, 0xf9, 0x7c, 0x69, 0x19, 0x2a, 0xcb, 0x70, 0xa1, 0x5a, 0xd2, 0x76, 0xd6, 0xcd, 0xfe]),
    (50268, [0x1d, 0x1c, 0x0e, 0x02, 0x1d, 0x5d, 0xfb, 0xaf, 0x2a, 0xf1, 0x5c, 0x79, 0x52, 0x1a, 0x92, 0x78]),
    (50269, [0xaf, 0x6c, 0x07, 0x36, 0xfe, 0x18, 0x97, 0x29, 0x92, 0xb4, 0xdd, 0x55, 0x01, 0x7e, 0xc8, 0x19]),
    (50270, [0x9a, 0xf2, 0xb8, 0x17, 0xcb, 0xe1, 0x2f, 0x95, 0x9e, 0xfe, 0x71, 0x7c, 0xa9, 0xda, 0x6e, 0x4f]),
    (50271, [0x8b, 0xea, 0x14, 0x0f, 0x4a, 0x3c, 0xd6, 0xc1, 0xbf, 0x44, 0x3e, 0xd3, 0x27, 0x37, 0x82, 0xb3]),
    (50272, [0x32, 0xef, 0x90, 0xfd, 0xe6, 0x1d, 0xb8, 0x19, 0x55, 0x1f, 0x12, 0x14, 0x05, 0x3f, 0x75, 0xa0]),
    (50281, [0x5d, 0x74, 0xdf, 0x8f, 0x71, 0x30, 0xc3, 0x39, 0x2f, 0x91, 0x56, 0xb2, 0xa6, 0x38, 0x10, 0x67]),
    (50282, [0x65, 0x08, 0xbe, 0x7b, 0x6e, 0x6f, 0xc3, 0xd7, 0xb3, 0x92, 0xe4, 0x0c, 0x21, 0x77, 0xfb, 0xbf]),
    (50283, [0xb4, 0x38, 0xc0, 0xa2, 0x73, 0xd3, 0xbc, 0xd2, 0xc7, 0x35, 0x51, 0x6f, 0x08, 0x91, 0x09, 0x69]),
    (50284, [0x96, 0xb8, 0xd0, 0xb2, 0x91, 0xbe, 0x3d, 0xb6, 0xea, 0x16, 0xe2, 0xc5, 0x28, 0x51, 0x62, 0x0f]),
    (50285, [0x95, 0x8e, 0xa6, 0x0c, 0x0e, 0x2d, 0x19, 0x60, 0xc4, 0xca, 0x94, 0xc7, 0x5f, 0x80, 0xeb, 0x7e]),
    (50286, [0x74, 0x5b, 0xbc, 0xf1, 0x7b, 0xc9, 0x83, 0xbb, 0x57, 0x87, 0x04, 0x54, 0x58, 0x42, 0xcb, 0xeb]),
    (50287, [0x07, 0x6e, 0x82, 0xe1, 0xd4, 0x6f, 0x2c, 0xec, 0x01, 0x74, 0x62, 0x46, 0x07, 0x42, 0x32, 0xa0]),
    (50288, [0xc1, 0x7a, 0x1c, 0x50, 0xe3, 0x38, 0xa6, 0xf1, 0x58, 0xf8, 0xda, 0x6b, 0xc9, 0x09, 0x34, 0x2f]),
    (50289, [0xac, 0xd6, 0xef, 0x29, 0x8e, 0x67, 0x75, 0x02, 0x46, 0xf5, 0x1f, 0x25, 0x65, 0x67, 0x50, 0xc3]),
    (50290, [0x14, 0x7a, 0x24, 0x22, 0x01, 0x06, 0xe0, 0x44, 0x12, 0xa4, 0xd5, 0x60, 0x2e, 0x06, 0xf1, 0x6b]),
    (50301, [0x4b, 0xd1, 0x1d, 0x79, 0x10, 0x05, 0xd1, 0x3c, 0xff, 0x78, 0x85, 0x7a, 0x65, 0x29, 0x01, 0x55]),
    (50302, [0x35, 0x62, 0x0a, 0x2c, 0x77, 0x48, 0xdd, 0x57, 0xc4, 0x57, 0x41, 0x08, 0x08, 0x0c, 0x23, 0xda]),
    (50303, [0x59, 0x0f, 0x0f, 0x7a, 0xef, 0x1f, 0x4f, 0xf5, 0x61, 0xe1, 0x64, 0x29, 0x0f, 0x9c, 0xbb, 0x58]),
    (50304, [0x02, 0xa4, 0xf2, 0xe8, 0xd5, 0x91, 0x62, 0x39, 0xdf, 0x16, 0xb8, 0x7d, 0x24, 0x2e, 0xce, 0x83]),
    (50305, [0xb6, 0x6a, 0xb7, 0xa9, 0x1c, 0x6d, 0x78, 0x77, 0x09, 0xaf, 0x26, 0x19, 0x1b, 0x2b, 0x0a, 0xf8]),
    (50306, [0x77, 0xf2, 0x8b, 0x50, 0x2d, 0x98, 0x89, 0xfb, 0xea, 0xe1, 0x2b, 0x31, 0x42, 0xf9, 0xc9, 0x79]),
    (50307, [0xa2, 0x85, 0xfd, 0xbb, 0xcd, 0x3a, 0x19, 0x8f, 0x58, 0x06, 0x41, 0x77, 0x62, 0x5d, 0xc8, 0x46]),
    (50308, [0x56, 0xe8, 0x74, 0xa6, 0xb5, 0x68, 0x70, 0xf4, 0xfe, 0x44, 0x40, 0xf5, 0xfc, 0x69, 0xeb, 0x44]),
    (50309, [0xe7, 0xa0, 0x56, 0x28, 0xdd, 0x4b, 0x27, 0x2b, 0xa1, 0xfd, 0x5a, 0xc7, 0x16, 0x67, 0x8a, 0x67]),
    (50401, [0x65, 0x00, 0xa7, 0xa4, 0xca, 0xef, 0x51, 0x6a, 0x44, 0x15, 0x0a, 0xab, 0x8f, 0x90, 0xbc, 0xd7]),
    (50402, [0x98, 0xe5, 0x40, 0x2f, 0xce, 0x98, 0xe1, 0x17, 0xc4, 0xd6, 0x7f, 0x49, 0x54, 0xfc, 0x5b, 0x05]),
    (50403, [0x1d, 0x01, 0xdd, 0xcd, 0xfc, 0x5c, 0xda, 0x9c, 0x82, 0x04, 0x6b, 0xe8, 0x0c, 0xf7, 0x0e, 0x2d]),
    (50404, [0xd8, 0x3c, 0xaa, 0x49, 0x7c, 0xec, 0x21, 0x8a, 0xf3, 0x07, 0xfe, 0x4f, 0x63, 0x3a, 0x54, 0xf6]),
    (50410, [0x61, 0x91, 0x31, 0xc6, 0x8f, 0xf9, 0x34, 0xf1, 0x91, 0xbf, 0x5a, 0xbf, 0xa9, 0x58, 0xc4, 0x26]),
    (50411, [0xc3, 0xd9, 0x00, 0x04, 0xa9, 0x7a, 0x16, 0x73, 0xc3, 0xd0, 0x3f, 0x7b, 0x0d, 0x57, 0xd0, 0x6b]),
    (50412, [0x66, 0xe7, 0x40, 0x61, 0x5b, 0x51, 0x10, 0x2d, 0x75, 0xba, 0x86, 0x18, 0x03, 0xb5, 0x1b, 0xcf]),
    (50413, [0x61, 0x8f, 0xe9, 0xd2, 0xf7, 0xd4, 0x20, 0x40, 0x2d, 0x38, 0x1c, 0x14, 0x68, 0xe6, 0x74, 0x74]),
    (50414, [0xa3, 0x3c, 0xb7, 0x2e, 0xac, 0xb9, 0x7b, 0xd4, 0xa4, 0xa2, 0xfb, 0xab, 0x9b, 0x84, 0xe8, 0xe3]),
    (50415, [0x97, 0x79, 0xd3, 0x41, 0xe4, 0x35, 0x5e, 0xac, 0xa4, 0x20, 0x74, 0x3c, 0xd6, 0xa3, 0x3f, 0x41]),
    (50416, [0x69, 0x04, 0xd9, 0x16, 0x15, 0x17, 0xdb, 0x4e, 0xae, 0xa8, 0x7c, 0xac, 0x10, 0xee, 0x3b, 0x32]),
    (50417, [0x33, 0xb8, 0xc3, 0x11, 0x50, 0xc9, 0xd9, 0xcd, 0xf1, 0x06, 0xc2, 0x9d, 0x1f, 0x58, 0x5d, 0x0b]),
    (50418, [0x87, 0xba, 0xe0, 0x3d, 0xcb, 0x15, 0xa1, 0x0d, 0x8e, 0x50, 0x1e, 0x0c, 0x31, 0x01, 0xc4, 0x1a]),
    (50421, [0x9c, 0x85, 0x1a, 0xed, 0x53, 0x0c, 0x95, 0x02, 0x88, 0x8c, 0x7a, 0xcd, 0x74, 0x47, 0x15, 0xae]),
    (50422, [0xe3, 0x8e, 0x2d, 0x4b, 0x4f, 0x3d, 0x71, 0xb4, 0x90, 0xde, 0x5c, 0xbc, 0xe4, 0x46, 0x0b, 0x71]),
    (50423, [0xd2, 0xb6, 0xa3, 0xf2, 0xec, 0x69, 0x71, 0xcd, 0x3c, 0x20, 0x84, 0x84, 0xce, 0x03, 0xcd, 0xf0]),
    (50424, [0x13, 0x57, 0x2b, 0xc7, 0x3c, 0xf8, 0x2f, 0x93, 0xdb, 0x22, 0x8f, 0xa1, 0x0d, 0xac, 0x5d, 0x94]),
    (50425, [0x79, 0x99, 0x01, 0x8d, 0x6c, 0xc2, 0xda, 0xd5, 0xe8, 0x01, 0xdd, 0x08, 0x84, 0x20, 0x8a, 0x95]),
    (50426, [0xdf, 0x81, 0x0a, 0x4f, 0xae, 0x95, 0x4e, 0x5b, 0xb8, 0xff, 0xb8, 0x98, 0x3e, 0x23, 0xa3, 0xce]),
    (50427, [0xaf, 0xa6, 0x59, 0x23, 0xbf, 0xb1, 0xa5, 0xec, 0x12, 0x6f, 0x81, 0x16, 0x67, 0x96, 0x21, 0x70]),
    (50428, [0x52, 0x4a, 0xdc, 0xb4, 0xb7, 0xcb, 0x38, 0xec, 0x93, 0x75, 0x45, 0x46, 0xca, 0x12, 0x93, 0x43]),
    (50429, [0x51, 0xe3, 0x9b, 0x1e, 0xb4, 0x21, 0xb8, 0xb3, 0xb8, 0x7c, 0x31, 0x1a, 0x20, 0x77, 0x9f, 0x86]),
    (50430, [0x77, 0x2b, 0xa2, 0x52, 0xa2, 0x7a, 0x97, 0x89, 0x39, 0x22, 0x19, 0x33, 0x80, 0x4e, 0x54, 0x8b]),
    (50431, [0x53, 0x16, 0xc0, 0xbd, 0x39, 0x0c, 0xeb, 0x9f, 0x22, 0x0a, 0x93, 0x9d, 0x9b, 0xff, 0x3d, 0x82]),
    (50432, [0x66, 0xc3, 0x35, 0x60, 0x76, 0xf8, 0x8f, 0x04, 0x26, 0xb6, 0x5d, 0x90, 0x47, 0xd3, 0x11, 0x1e]),
    (50433, [0x02, 0x40, 0xfd, 0x85, 0x35, 0x59, 0xb1, 0x32, 0x58, 0x93, 0xfb, 0x35, 0x76, 0xa2, 0xe5, 0xb6]),
    (50434, [0x62, 0xf2, 0x17, 0x86, 0x6c, 0x4f, 0x0b, 0xb5, 0x0e, 0x0e, 0x01, 0x04, 0xfd, 0x59, 0xd5, 0x6d]),
    (50435, [0x81, 0x24, 0x63, 0x07, 0x6b, 0xf7, 0xf5, 0xef, 0xc4, 0x51, 0xf7, 0x37, 0xa9, 0x52, 0xd2, 0xb8]),
    (50436, [0xb5, 0xec, 0x60, 0x33, 0xc4, 0x9b, 0xd6, 0x0e, 0xad, 0x39, 0xb9, 0x03, 0x27, 0xbe, 0xd6, 0xa5]),
    (50437, [0x78, 0x20, 0x2b, 0xf0, 0x0d, 0xc9, 0x6c, 0xe4, 0xa6, 0x5d, 0x24, 0xb8, 0x27, 0x3b, 0x35, 0x4e]),
    (50481, [0x6b, 0xe8, 0x70, 0x57, 0xca, 0x35, 0x91, 0x45, 0xee, 0x05, 0xe0, 0x25, 0x19, 0x9d, 0xf6, 0x4f]),
    (50482, [0x13, 0xb6, 0xa5, 0xfe, 0xc5, 0xab, 0x4a, 0x9a, 0x14, 0x3b, 0x96, 0x21, 0x1f, 0x66, 0x03, 0x8c]),
    (50483, [0x09, 0xed, 0xf5, 0x3e, 0xda, 0xf0, 0x67, 0x9c, 0x20, 0x1d, 0x95, 0x8a, 0xf7, 0x9a, 0x93, 0xb1]),
    (50484, [0x84, 0x20, 0x72, 0xc3, 0xdb, 0x9c, 0x62, 0x1d, 0xa5, 0x03, 0x0c, 0x4e, 0xbd, 0xa5, 0x90, 0x96]),
    (50485, [0x29, 0xd4, 0x2d, 0x36, 0xec, 0xae, 0x2e, 0x61, 0x26, 0xa2, 0xac, 0x3c, 0x7e, 0x14, 0x02, 0x5f]),
    (50486, [0x97, 0x17, 0xd6, 0x30, 0x71, 0x90, 0x28, 0x1a, 0x6d, 0x9e, 0x9c, 0xa9, 0x78, 0xd0, 0xdf, 0x9a]),
    (50487, [0x06, 0xe6, 0x03, 0xb4, 0x02, 0x51, 0x64, 0x51, 0x72, 0x54, 0x5a, 0x4e, 0x8c, 0x4b, 0x68, 0xc1]),
    (50488, [0xa6, 0x18, 0x1e, 0x66, 0x0b, 0x1e, 0x6b, 0x32, 0xad, 0xcb, 0x77, 0xb3, 0xd2, 0xe6, 0x1c, 0x16]),
    (50489, [0x1d, 0xd7, 0xbe, 0xde, 0x27, 0x6e, 0xa2, 0xf8, 0x1b, 0xc9, 0x0a, 0x11, 0x2b, 0xf4, 0x6a, 0x06]),
    (50621, [0x5d, 0xf2, 0xba, 0x7a, 0xa6, 0xc7, 0x40, 0x07, 0xee, 0xa5, 0xad, 0xed, 0xad, 0xd4, 0xcc, 0xb3]),
    (50622, [0xf3, 0x57, 0x53, 0x12, 0xb5, 0x4d, 0x56, 0x70, 0x41, 0xcd, 0xd1, 0xdf, 0x5e, 0x9f, 0x83, 0xe0]),
    (50623, [0x94, 0x3d, 0xa4, 0x20, 0x5f, 0x4f, 0x8f, 0x13, 0x75, 0x5f, 0x71, 0x84, 0x89, 0xe3, 0x59, 0x14]),
    (50624, [0x92, 0x05, 0x02, 0xec, 0x2d, 0xb9, 0x5f, 0x5c, 0xf4, 0x03, 0xd0, 0x8b, 0xa6, 0xab, 0x78, 0xe4]),
    (50625, [0x96, 0x4b, 0x82, 0x16, 0x71, 0xb4, 0x21, 0xe8, 0x59, 0x8f, 0xcf, 0xdd, 0x08, 0xe1, 0xb3, 0x9a]),
    (50626, [0xf3, 0xa9, 0x63, 0x5e, 0x0b, 0xc7, 0x8f, 0x10, 0xd4, 0xe0, 0x6c, 0x0a, 0xa7, 0xe8, 0x5b, 0x8a]),
    (50641, [0x73, 0x11, 0xab, 0x59, 0xb3, 0x0f, 0x9e, 0x41, 0x57, 0x96, 0x69, 0xcc, 0xcc, 0x54, 0x4d, 0x45]),
    (50642, [0xfd, 0x7d, 0x85, 0xa7, 0xcb, 0x16, 0xc1, 0x87, 0x4f, 0xd0, 0xee, 0xae, 0x4b, 0x28, 0xd7, 0x14]),
    (50643, [0x14, 0x51, 0xb8, 0x9f, 0x29, 0xfe, 0xac, 0xfb, 0xe6, 0x3b, 0xb4, 0x49, 0xb6, 0xc5, 0x7f, 0x11]),
    (50644, [0x3c, 0xf8, 0x61, 0x77, 0x89, 0x95, 0xb8, 0xcc, 0x71, 0x91, 0xb0, 0xc0, 0xe2, 0xaf, 0x07, 0xf4]),
    (50645, [0x6e, 0x37, 0x58, 0x24, 0x69, 0x62, 0x96, 0xc6, 0xb6, 0x32, 0x9c, 0xff, 0x72, 0xc7, 0x78, 0x3f]),
    (50646, [0xde, 0x51, 0xc4, 0xf6, 0x95, 0x48, 0xa3, 0x24, 0x90, 0x57, 0xaa, 0x11, 0x43, 0x6a, 0xdc, 0xb7]),
    (50671, [0x59, 0x11, 0xd0, 0x91, 0xb0, 0x05, 0x1c, 0x00, 0xbd, 0xc1, 0x97, 0xe0, 0x1e, 0xb0, 0x2f, 0x31]),
    (50672, [0x6a, 0x7d, 0x96, 0xe2, 0xff, 0x1c, 0x6b, 0x34, 0x60, 0xa2, 0x8f, 0xb3, 0x18, 0x85, 0xe6, 0xa0]),
    (50673, [0xac, 0x64, 0x51, 0xdd, 0xeb, 0x95, 0x42, 0x44, 0xf2, 0x8e, 0xc2, 0xc7, 0x4e, 0xa0, 0x3a, 0x6d]),
    (50674, [0x6e, 0x3e, 0x1e, 0x15, 0x82, 0xd9, 0xbd, 0x7f, 0xc0, 0xa7, 0xf9, 0xf9, 0xa1, 0x48, 0xda, 0xc9]),
    (50675, [0x8e, 0x1c, 0x5f, 0x0d, 0x98, 0xc8, 0xd2, 0xfa, 0x45, 0xfe, 0x55, 0x57, 0x26, 0x4c, 0x9c, 0x3f]),
    (50676, [0x46, 0x23, 0x54, 0x14, 0x35, 0xcd, 0x73, 0x1e, 0x89, 0xd8, 0xe8, 0xf7, 0x70, 0x7f, 0xb5, 0xf7]),
    (50677, [0xf0, 0x24, 0xdd, 0xfc, 0x0a, 0x80, 0x73, 0x3d, 0x43, 0xa5, 0x46, 0xca, 0xf5, 0x97, 0xee, 0xd8]),
    (50678, [0xc7, 0x74, 0x8b, 0x07, 0x98, 0x74, 0x13, 0xcd, 0x09, 0x11, 0x8b, 0xfb, 0xa5, 0xd2, 0x41, 0x53]),
    (50679, [0x7e, 0x8a, 0xaf, 0x7f, 0x8b, 0x71, 0x15, 0x48, 0xc4, 0xbd, 0xc2, 0x1c, 0xfb, 0x84, 0xe8, 0x08]),
    (55101, [0x16, 0x2c, 0xe0, 0xbb, 0x61, 0x67, 0x53, 0xf2, 0x1c, 0xb8, 0x56, 0x39, 0x94, 0x6b, 0x21, 0x14]),
    (55102, [0xd3, 0x45, 0xcd, 0xb3, 0x1c, 0xe2, 0x00, 0x39, 0x4e, 0xd5, 0xb8, 0xba, 0x37, 0xca, 0xe0, 0x68]),
    (55103, [0x20, 0x98, 0xad, 0x29, 0x80, 0x3f, 0x01, 0x05, 0xe3, 0x14, 0x8e, 0x0a, 0xc5, 0x88, 0xfd, 0x94]),
    (55104, [0x16, 0x6b, 0x24, 0xce, 0x9d, 0x29, 0xd6, 0x55, 0x4a, 0x1e, 0x07, 0x67, 0x06, 0xd1, 0xfe, 0x67]),
    (55105, [0x27, 0x49, 0x14, 0x73, 0xcc, 0x18, 0xd1, 0x86, 0x42, 0xd4, 0x20, 0x4a, 0xa3, 0x69, 0x7d, 0xd1]),
    (55106, [0x60, 0x7c, 0x1f, 0x63, 0xb7, 0x3c, 0x75, 0x88, 0x34, 0xd4, 0xa9, 0xf8, 0x43, 0x02, 0xfc, 0x2e]),
    (55107, [0x0f, 0xda, 0x64, 0x08, 0x0d, 0xdb, 0xc0, 0x01, 0xfe, 0x91, 0xbc, 0x3b, 0x05, 0x98, 0x7a, 0x8c]),
    (55108, [0xe8, 0x79, 0xea, 0xdd, 0xb7, 0x34, 0xbb, 0x6b, 0x4e, 0xbd, 0x22, 0x75, 0xf2, 0x3f, 0x9d, 0xb7]),
    (55109, [0xe7, 0xa5, 0xc5, 0x48, 0xbe, 0xb2, 0xae, 0xba, 0x6e, 0xd5, 0x5f, 0x65, 0x8d, 0xed, 0x06, 0xfe]),
    (55111, [0xf0, 0x53, 0x53, 0xf0, 0xd8, 0x51, 0xd2, 0xe8, 0xce, 0x9c, 0x9c, 0xf5, 0xcf, 0x19, 0x95, 0x58]),
    (55112, [0x6c, 0x3d, 0xba, 0x7c, 0xca, 0xbe, 0xa8, 0x4c, 0xb7, 0x0c, 0xd7, 0x26, 0x23, 0x63, 0x30, 0xea]),
    (55113, [0x4f, 0xc7, 0x6b, 0x5d, 0x73, 0xdf, 0x8a, 0xd1, 0x18, 0xaa, 0x13, 0x36, 0x61, 0x36, 0x98, 0xdc]),
    (55114, [0xec, 0x39, 0x44, 0x63, 0xa8, 0x67, 0x92, 0x4d, 0xe8, 0xa8, 0x86, 0xfb, 0xfc, 0xb2, 0x58, 0x4e]),
    (55116, [0x66, 0x15, 0xf8, 0xfc, 0x40, 0xe6, 0x0b, 0x59, 0xfb, 0x26, 0xe5, 0x14, 0x53, 0xdb, 0x18, 0xcf]),
    (55131, [0x80, 0x72, 0x34, 0x04, 0x47, 0x6f, 0x3a, 0xec, 0xc0, 0x28, 0xbf, 0x88, 0x4a, 0x36, 0x6c, 0xf0]),
    (55141, [0x65, 0xc8, 0x04, 0xb5, 0x93, 0x84, 0x60, 0x2f, 0x6d, 0x9a, 0x51, 0x94, 0xcc, 0x44, 0x36, 0x32]),
    (55142, [0xdc, 0xf9, 0x11, 0xa4, 0x52, 0xae, 0x58, 0x99, 0x9e, 0xcc, 0x58, 0xf1, 0x6b, 0x80, 0xa2, 0x2a]),
    (55143, [0xce, 0xa8, 0xbf, 0xf9, 0xba, 0x0f, 0x3d, 0x1d, 0x6f, 0xec, 0xff, 0x93, 0xef, 0x22, 0x9b, 0x4c]),
    (55144, [0x24, 0xc9, 0x24, 0x9a, 0xe6, 0x1a, 0x9c, 0x8e, 0xed, 0x72, 0x61, 0xa6, 0xdc, 0xb6, 0x64, 0x22]),
    (55145, [0x7f, 0xad, 0x20, 0xa2, 0x62, 0xd9, 0xe4, 0x20, 0x98, 0x72, 0x46, 0x55, 0xfc, 0x37, 0x8f, 0xfa]),
    (55146, [0xc2, 0xcd, 0xe8, 0xd6, 0x15, 0xb8, 0x8e, 0x52, 0x8a, 0xbf, 0xc2, 0x43, 0xf2, 0x16, 0x40, 0xe1]),
    (55152, [0x16, 0xa0, 0x40, 0xb8, 0x18, 0x88, 0xf6, 0x6c, 0x4a, 0x86, 0xfd, 0xeb, 0x4a, 0xd7, 0x26, 0xb0]),
    (55153, [0x00, 0x52, 0xc4, 0xc0, 0xee, 0x0d, 0xd5, 0x71, 0xaf, 0x75, 0x28, 0xba, 0x5b, 0xd6, 0x6f, 0x16]),
    (55154, [0x8f, 0x5b, 0xad, 0x0c, 0x7f, 0x4e, 0x9a, 0xb2, 0xae, 0x48, 0x79, 0xfd, 0x99, 0x69, 0xff, 0xd6]),
    (55155, [0xb1, 0x99, 0xb7, 0x1e, 0xb5, 0xc4, 0xd1, 0xa6, 0x4d, 0xeb, 0xe7, 0x67, 0x5b, 0x6c, 0x97, 0xe0]),
    (55156, [0xd3, 0xbd, 0xe9, 0xd3, 0x48, 0xaf, 0xcd, 0x3c, 0xcb, 0xb1, 0x67, 0x76, 0x7f, 0xd7, 0xdb, 0xe3]),
    (55157, [0xeb, 0x3a, 0xfe, 0xa8, 0xb8, 0x99, 0x5d, 0xbd, 0xad, 0xf6, 0x3b, 0x7a, 0x18, 0xff, 0xef, 0x68]),
    (55158, [0xbd, 0xba, 0x79, 0x4e, 0xed, 0xb6, 0xf9, 0xab, 0x07, 0x80, 0x71, 0x48, 0xdc, 0xb1, 0x98, 0xe5]),
    (55159, [0xb0, 0x8d, 0xb1, 0xcf, 0x3a, 0xbd, 0x46, 0xb4, 0x29, 0x72, 0xac, 0x9e, 0x78, 0xec, 0x42, 0xcd]),
    (55161, [0x91, 0x2b, 0x11, 0xc0, 0xe2, 0xf8, 0xe9, 0xbb, 0xce, 0x0e, 0xe1, 0x77, 0x60, 0x22, 0xd8, 0x81]),
    (55162, [0xe5, 0x9c, 0xb8, 0x45, 0x60, 0x34, 0x2f, 0x8a, 0x45, 0x9f, 0xfa, 0x33, 0x96, 0x12, 0xcc, 0x35]),
    (55163, [0x58, 0xc9, 0x5d, 0xee, 0xfe, 0x76, 0xb9, 0x0f, 0xf0, 0x3a, 0x31, 0xf9, 0x3e, 0x56, 0x2c, 0xba]),
    (55164, [0x9e, 0x20, 0xd7, 0x2c, 0x83, 0x6a, 0x85, 0x29, 0x24, 0xba, 0x6b, 0xca, 0xb6, 0xd9, 0x1e, 0xc3]),
    (55166, [0x53, 0x46, 0x3b, 0x37, 0xd9, 0x5b, 0x0e, 0xbb, 0x91, 0x1d, 0xd1, 0xce, 0xdc, 0x16, 0xfe, 0xd1]),
    (55201, [0xa7, 0xde, 0x1f, 0x72, 0x3b, 0xf2, 0xe6, 0x36, 0x6b, 0xc6, 0x7c, 0x42, 0xc1, 0x15, 0x77, 0x66]),
    (55202, [0xab, 0x1e, 0x03, 0x2a, 0x0a, 0x79, 0xbb, 0xf7, 0x9f, 0xf4, 0xd2, 0x64, 0x97, 0xbc, 0x2e, 0x1e]),
    (55211, [0x2b, 0xa6, 0x96, 0xdd, 0xa4, 0x58, 0x9a, 0x68, 0xd0, 0x4c, 0x63, 0xe5, 0x2a, 0xee, 0x1b, 0x3b]),
    (55212, [0x77, 0x84, 0x1f, 0x6e, 0xa8, 0x24, 0xe5, 0x8a, 0x23, 0xbf, 0xa4, 0xd9, 0x90, 0x81, 0xbc, 0x9e]),
    (55213, [0xf2, 0x9c, 0xe6, 0x1c, 0x55, 0x11, 0x57, 0xb7, 0xe6, 0xaf, 0xe5, 0x0a, 0xd0, 0x18, 0x86, 0x13]),
    (55231, [0xa0, 0x94, 0xe3, 0xb5, 0x73, 0xdf, 0xec, 0x34, 0xa6, 0xad, 0x6f, 0xda, 0x57, 0x4a, 0xeb, 0xd0]),
    (55232, [0xd3, 0xdf, 0xfd, 0x47, 0x14, 0xbf, 0x7e, 0x74, 0x4e, 0xa8, 0x3c, 0x05, 0x92, 0x6a, 0x12, 0xb6]),
    (55234, [0x03, 0xb7, 0x3e, 0x34, 0xef, 0xd4, 0x58, 0x43, 0x42, 0x2d, 0x66, 0x77, 0x8b, 0xab, 0xb7, 0xb5]),
    (55235, [0x66, 0x75, 0x2c, 0x58, 0xbc, 0x65, 0x12, 0xe9, 0x54, 0x2b, 0x22, 0x32, 0x36, 0x02, 0xc6, 0x4f]),
    (55236, [0x77, 0x92, 0x45, 0x45, 0xde, 0xa7, 0x85, 0xb7, 0x14, 0xde, 0x3e, 0x6f, 0x45, 0xfe, 0xe1, 0x83]),
    (55237, [0xae, 0x4b, 0x1f, 0x88, 0x76, 0x44, 0x39, 0xd4, 0x7d, 0xf3, 0x66, 0x50, 0x78, 0x64, 0xd8, 0x3d]),
    (55238, [0xbd, 0x33, 0xf3, 0x16, 0xc5, 0xc9, 0xcc, 0x3e, 0xf3, 0x90, 0xe5, 0x50, 0x87, 0xe5, 0x2b, 0xb8]),
    (55281, [0x20, 0x1b, 0x10, 0x2d, 0x9a, 0xb5, 0xd4, 0xe4, 0x36, 0xc7, 0x79, 0x1f, 0xcd, 0x21, 0xdb, 0x51]),
    (55291, [0xb5, 0x4f, 0xf3, 0x91, 0x71, 0x86, 0xbc, 0x64, 0x2b, 0xe3, 0xff, 0xd7, 0x9c, 0x89, 0xb0, 0x11]),
    (55350, [0xa6, 0x2e, 0xa6, 0xa7, 0x98, 0x8e, 0xc7, 0xbe, 0xd9, 0x88, 0x20, 0x4b, 0xe9, 0x3b, 0x84, 0x25]),
    (55351, [0x47, 0x3c, 0xd1, 0xb4, 0x99, 0xe9, 0x41, 0x1b, 0x43, 0xe5, 0x9c, 0xfb, 0x5e, 0xc0, 0x5f, 0x46]),
    (55352, [0xe1, 0x55, 0x3b, 0x87, 0xe7, 0xea, 0xef, 0xea, 0xf9, 0x36, 0xc2, 0x84, 0x55, 0xff, 0x2b, 0xd8]),
    (55353, [0xa2, 0x04, 0x70, 0x9f, 0xc2, 0xc7, 0x0a, 0xc2, 0x10, 0xb2, 0x32, 0x0b, 0x2c, 0xb4, 0xda, 0xad]),
    (55354, [0xfd, 0x21, 0xff, 0x8f, 0x7b, 0x50, 0x8f, 0xac, 0x4f, 0x24, 0x2a, 0x61, 0x4a, 0xe4, 0x18, 0xfa]),
    (55355, [0xba, 0xb8, 0x05, 0xbc, 0xeb, 0x92, 0xdb, 0x66, 0x06, 0x39, 0x1b, 0xf5, 0xa7, 0x6d, 0x17, 0xb8]),
    (55356, [0x38, 0x82, 0x32, 0x87, 0x26, 0xfd, 0xa6, 0xae, 0xae, 0xb2, 0x63, 0x19, 0x0a, 0xa1, 0xdb, 0x60]),
    (55357, [0xd9, 0xc8, 0x75, 0x8f, 0x96, 0xf4, 0x23, 0x15, 0xf7, 0xa6, 0xd5, 0xe3, 0x26, 0x04, 0xad, 0x83]),
    (55358, [0x0d, 0x8f, 0x27, 0x96, 0x85, 0xe9, 0x10, 0x29, 0x50, 0x8b, 0x16, 0x56, 0xeb, 0x4b, 0x91, 0xc5]),
    (55359, [0x60, 0x78, 0x86, 0xcb, 0x84, 0x2e, 0xc9, 0x2c, 0x58, 0x79, 0x18, 0xd6, 0xaa, 0x76, 0xc1, 0x5a]),
    (55371, [0xec, 0xa8, 0x7b, 0xd1, 0x41, 0x6a, 0x83, 0xcc, 0x0f, 0xd7, 0x28, 0x49, 0x31, 0x39, 0x54, 0xc4]),
    (55372, [0x56, 0x08, 0x2c, 0xe7, 0xe8, 0x2e, 0x2b, 0x2d, 0xe3, 0xf6, 0x88, 0x73, 0x93, 0xf8, 0x05, 0xcd]),
    (55411, [0x0c, 0x48, 0x71, 0x6e, 0x76, 0x23, 0xbf, 0xa4, 0xbc, 0x9b, 0x29, 0xc6, 0x1d, 0x66, 0xa7, 0x19]),
    (55412, [0x80, 0x42, 0xb7, 0x27, 0x71, 0x44, 0x67, 0x25, 0xf7, 0x9d, 0x07, 0x9b, 0xe9, 0x87, 0x81, 0x40]),
    (55413, [0x48, 0xaf, 0x3f, 0x0d, 0x2a, 0xb7, 0x89, 0x9f, 0xb6, 0xa3, 0x75, 0x8d, 0xce, 0x1d, 0x3a, 0x8f]),
    (55414, [0x64, 0x33, 0x1d, 0x2c, 0x5c, 0x43, 0xe3, 0x15, 0x0b, 0x1c, 0xaa, 0xe8, 0xbd, 0x42, 0x54, 0x27]),
    (55415, [0x18, 0xdf, 0x40, 0x1c, 0xd1, 0x91, 0xc7, 0xcf, 0x6d, 0x3e, 0xe5, 0x4c, 0x71, 0x67, 0xd6, 0xe8]),
    (55416, [0x02, 0x2c, 0xa6, 0x78, 0xaa, 0xc9, 0xb7, 0x5c, 0xf6, 0xf4, 0xc7, 0xbe, 0x4e, 0x56, 0x30, 0xf4]),
    (55417, [0xef, 0x44, 0xfb, 0x8f, 0x4e, 0x61, 0xd8, 0xe7, 0xb5, 0xa6, 0x1b, 0x04, 0x1b, 0x58, 0xec, 0xe7]),
    (55418, [0x25, 0xb8, 0x12, 0x7b, 0x93, 0x83, 0x3c, 0xb7, 0xc5, 0x9f, 0x5d, 0xc2, 0x8a, 0x60, 0xef, 0xaa]),
    (55419, [0x82, 0xa5, 0xb3, 0x20, 0x41, 0xfb, 0x30, 0x0a, 0x22, 0xe0, 0x42, 0x55, 0xc9, 0x26, 0x6d, 0x33]),
    (55420, [0x12, 0xd2, 0x25, 0xf0, 0xa6, 0x09, 0x43, 0xf2, 0xe9, 0x8e, 0x44, 0x73, 0x55, 0xab, 0x84, 0xc5]),
    (55431, [0x51, 0x8d, 0x69, 0x18, 0x78, 0x62, 0xa7, 0x04, 0x25, 0x48, 0xab, 0xd8, 0x2f, 0x0c, 0x7b, 0xb6]),
    (55432, [0x51, 0x41, 0x5c, 0x27, 0x2f, 0xc6, 0x82, 0x74, 0xe8, 0x33, 0x29, 0xc2, 0x1f, 0x04, 0x53, 0x80]),
    (55433, [0x90, 0x1c, 0xf1, 0x1f, 0x39, 0xc4, 0xca, 0x6d, 0x0b, 0x37, 0xa2, 0x34, 0xa3, 0x6f, 0xed, 0x8c]),
    (55434, [0xdd, 0x5d, 0x88, 0x46, 0xac, 0x1d, 0x0c, 0x6b, 0xd9, 0xaa, 0xc5, 0x04, 0xcb, 0x88, 0x57, 0xda]),
    (55435, [0x60, 0x93, 0x8d, 0xc5, 0x17, 0xac, 0x2a, 0x98, 0xe8, 0x8a, 0xdc, 0x61, 0x52, 0x5a, 0xa7, 0x0f]),
    (55436, [0x8f, 0x89, 0x67, 0x63, 0xbd, 0xf9, 0xd9, 0x58, 0x4e, 0x48, 0x37, 0xc4, 0x75, 0xf1, 0x6a, 0x74]),
    (55437, [0x93, 0xdc, 0xb6, 0xd3, 0x2f, 0xe9, 0xac, 0x01, 0x8c, 0x3a, 0x7c, 0x83, 0x12, 0x27, 0x83, 0xb2]),
    (55438, [0x5f, 0x8e, 0x66, 0x72, 0x5f, 0xd3, 0xed, 0x91, 0xe3, 0x28, 0x28, 0x76, 0xd4, 0x06, 0x86, 0x82]),
    (55439, [0x14, 0xea, 0x8c, 0x6b, 0x66, 0xfa, 0x6b, 0x47, 0x2e, 0x65, 0x90, 0x93, 0xdd, 0x76, 0x27, 0xfc]),
    (55451, [0xc8, 0x26, 0x1d, 0xba, 0x63, 0x65, 0x1d, 0x37, 0x04, 0x03, 0x87, 0x4e, 0xa1, 0x07, 0x48, 0x3f]),
    (55452, [0xee, 0x63, 0xac, 0x36, 0xe7, 0x6d, 0x3c, 0x23, 0xd6, 0x24, 0x0e, 0x98, 0x4f, 0x48, 0x2e, 0x72]),
    (55453, [0xc8, 0xb4, 0xfe, 0x5a, 0x57, 0xa6, 0x7a, 0x64, 0x6f, 0x4b, 0xf1, 0x8f, 0x70, 0xe2, 0x57, 0xbd]),
    (55454, [0x38, 0x35, 0x8a, 0x32, 0x0b, 0x77, 0x81, 0x05, 0xc8, 0x0d, 0xcd, 0xf5, 0x0c, 0xc4, 0x1b, 0x5c]),
    (55455, [0x60, 0xd9, 0x3f, 0x70, 0xab, 0x2c, 0x9a, 0xc4, 0x2d, 0x68, 0x21, 0xe5, 0xec, 0xa8, 0x30, 0x09]),
    (55456, [0xf3, 0xf0, 0xcd, 0xb0, 0xa3, 0x75, 0x47, 0x8c, 0x6b, 0x61, 0xc3, 0x42, 0xb9, 0x0a, 0xa0, 0x14]),
    (55457, [0x6c, 0x6f, 0x59, 0xa1, 0xa7, 0x6a, 0x4b, 0x8e, 0x95, 0x1d, 0x96, 0xa2, 0xfe, 0x01, 0xf0, 0x15]),
    (55458, [0xc6, 0x05, 0xa6, 0x20, 0x34, 0x4b, 0x26, 0x06, 0x57, 0x57, 0x80, 0x08, 0x34, 0x51, 0xf2, 0xa9]),
    (55459, [0x91, 0x36, 0x31, 0x40, 0x49, 0x82, 0xf5, 0xff, 0x22, 0xc8, 0x88, 0x4f, 0xfa, 0xd0, 0x83, 0x31]),
    (56401, [0x26, 0x7a, 0x92, 0xef, 0x2b, 0x06, 0x2a, 0x58, 0xd3, 0x89, 0xa3, 0x77, 0x8d, 0x9c, 0x37, 0xee]),
    (56402, [0x77, 0xaa, 0xeb, 0x45, 0x40, 0x4e, 0xc5, 0x08, 0xfc, 0xcc, 0x83, 0x66, 0x8a, 0x36, 0xaa, 0xd9]),
    (56403, [0x55, 0x73, 0x1f, 0x7e, 0x03, 0xd4, 0xa0, 0x26, 0x40, 0xd6, 0xad, 0x0a, 0x78, 0xa4, 0xde, 0x7c]),
    (56404, [0x23, 0x06, 0xad, 0x9d, 0xdc, 0x8c, 0x3f, 0xe1, 0x28, 0x45, 0x79, 0x41, 0x3d, 0x3a, 0xf4, 0xc9]),
    (56405, [0x40, 0xa8, 0x7d, 0xbb, 0x6b, 0x31, 0x56, 0xac, 0x26, 0xa1, 0xd0, 0x79, 0x79, 0x41, 0x22, 0xc7]),
    (56406, [0x7d, 0x78, 0x11, 0x97, 0x5c, 0x16, 0xdf, 0x3a, 0x0c, 0x00, 0x75, 0xfb, 0xda, 0xa3, 0x92, 0xf4]),
    (56407, [0x53, 0xee, 0xb4, 0xcc, 0x9b, 0x8d, 0x3c, 0x22, 0xf0, 0x67, 0x7c, 0xfd, 0x9b, 0xc0, 0xdb, 0xd2]),
    (56408, [0x4d, 0xd6, 0x82, 0xd8, 0x71, 0xf6, 0xcb, 0xa2, 0xbe, 0x2e, 0xc5, 0xca, 0x12, 0xe6, 0x18, 0x7a]),
    (56409, [0x47, 0x3f, 0x7f, 0xff, 0xaf, 0x6d, 0x2a, 0x10, 0x28, 0x92, 0x40, 0x1a, 0x0f, 0xd0, 0x8f, 0x4f]),
    (56410, [0x34, 0x25, 0x90, 0x1e, 0xe0, 0x1d, 0xe4, 0x58, 0x03, 0x08, 0xc7, 0x43, 0xdb, 0x78, 0x1c, 0xad]),
    (56412, [0x64, 0xde, 0xb8, 0xed, 0xb0, 0x22, 0xde, 0xd0, 0x61, 0x99, 0x7d, 0xbf, 0x09, 0x0d, 0xeb, 0x77]),
    (56413, [0xbf, 0x1e, 0x7d, 0xe3, 0x67, 0xc4, 0x2f, 0x39, 0x26, 0x40, 0x82, 0x18, 0xfe, 0x5a, 0xa2, 0x78]),
    (56414, [0xd8, 0xf6, 0xea, 0x54, 0xbf, 0x9b, 0x66, 0x5c, 0x66, 0x53, 0xbb, 0x02, 0x53, 0x21, 0x3e, 0x14]),
    (56415, [0xf8, 0x8b, 0x65, 0x20, 0x7a, 0xd9, 0xaa, 0x8d, 0x0d, 0x62, 0x81, 0xc9, 0xf1, 0xe1, 0x18, 0x92]),
    (56416, [0x53, 0x42, 0x4f, 0x71, 0x50, 0xd5, 0x4e, 0xe9, 0x69, 0x3a, 0x02, 0x86, 0x32, 0xd5, 0x91, 0xdb]),
    (56417, [0x75, 0xeb, 0x3c, 0x6d, 0x99, 0xe7, 0x79, 0x20, 0x9a, 0x24, 0x10, 0xac, 0x49, 0x8e, 0xd9, 0x1a]),
    (56418, [0x2a, 0x6c, 0xce, 0x30, 0x76, 0x09, 0xce, 0x70, 0x5b, 0x14, 0x8c, 0x27, 0x2c, 0x67, 0xa5, 0x95]),
    (56419, [0xc3, 0x4a, 0x9a, 0x52, 0x90, 0x5e, 0x4f, 0xcb, 0x95, 0xcf, 0x7f, 0xf0, 0x0b, 0x92, 0xe2, 0xec]),
    (56420, [0x96, 0xa4, 0xfc, 0x9d, 0xf4, 0xc1, 0xd6, 0x34, 0x23, 0x04, 0x47, 0x8e, 0xd8, 0xde, 0x77, 0xa1]),
    (56426, [0x6c, 0x4b, 0x40, 0x03, 0xb8, 0xad, 0x87, 0x35, 0x7f, 0xb6, 0x7b, 0x2a, 0x87, 0xce, 0x44, 0x4d]),
    (56427, [0xe6, 0x8d, 0x1d, 0x3e, 0xa4, 0x93, 0x53, 0x02, 0x47, 0x69, 0x0b, 0xb0, 0x14, 0xda, 0x58, 0x07]),
    (56428, [0xb2, 0x11, 0x43, 0x93, 0xcf, 0x4a, 0x5b, 0x2e, 0x88, 0x8c, 0x13, 0xb0, 0x7a, 0xc4, 0x51, 0x1b]),
    (56429, [0x97, 0x2f, 0x23, 0x40, 0x2f, 0x00, 0xfe, 0x6f, 0x81, 0xcc, 0x95, 0xe3, 0x9e, 0xf1, 0xc2, 0x27]),
    (56441, [0xf2, 0x49, 0x9a, 0x39, 0xe5, 0x8d, 0xf3, 0xf8, 0x4b, 0x27, 0x75, 0xf6, 0x2f, 0xbc, 0xa8, 0xe9]),
    (56461, [0x55, 0x51, 0x4b, 0xcb, 0x0e, 0x6e, 0x60, 0x78, 0x94, 0x8f, 0xb3, 0x20, 0xda, 0x38, 0xd2, 0xc2]),
    (56462, [0x84, 0x03, 0xec, 0xee, 0x6c, 0x46, 0x49, 0x5d, 0x65, 0x69, 0xe9, 0xad, 0x98, 0x7c, 0xdb, 0xd9]),
    (56463, [0x63, 0x8a, 0x5b, 0x5a, 0x96, 0xa0, 0xe0, 0x72, 0xcd, 0xda, 0xf3, 0x0d, 0x15, 0x3d, 0xc2, 0x60]),
    (56464, [0x4e, 0x1c, 0x64, 0x37, 0x33, 0x8f, 0x42, 0xda, 0x65, 0x7a, 0x43, 0xdc, 0x22, 0x7b, 0x19, 0x2f]),
    (56465, [0x19, 0x68, 0x70, 0x49, 0x59, 0x34, 0x57, 0xe2, 0x77, 0x30, 0x21, 0xc8, 0x94, 0x0b, 0x76, 0x22]),
    (56466, [0x5a, 0x02, 0xec, 0xf7, 0xdc, 0x0e, 0x8c, 0xb3, 0x9e, 0x0d, 0xb3, 0x15, 0xe2, 0x23, 0xd4, 0x69]),
    (56467, [0x9b, 0x0f, 0x11, 0x03, 0xfe, 0x4f, 0x8b, 0x2f, 0x38, 0x23, 0xbf, 0x00, 0xca, 0xad, 0x62, 0xcb]),
    (56468, [0xb6, 0x9f, 0x62, 0xb0, 0xeb, 0x6f, 0x86, 0xd4, 0x20, 0xa4, 0x5b, 0xac, 0xf9, 0x19, 0xcd, 0x5f]),
    (56469, [0xdc, 0xc2, 0x8c, 0x88, 0x91, 0x15, 0xb6, 0x62, 0xb2, 0xbb, 0x82, 0xac, 0x13, 0x3f, 0x1c, 0x54]),
    (56470, [0xc0, 0xb8, 0xc0, 0x10, 0x78, 0xd1, 0xad, 0xdf, 0xcc, 0xe8, 0xcf, 0x39, 0x5e, 0x92, 0xee, 0x67]),
    (56476, [0xad, 0x7f, 0x39, 0x18, 0xe4, 0x8a, 0xbe, 0xb2, 0xdf, 0x66, 0x85, 0xff, 0xab, 0x94, 0xc0, 0x1e]),
    (56479, [0x62, 0x90, 0x7b, 0xaa, 0x17, 0xd2, 0xe9, 0x69, 0x3c, 0x28, 0x2d, 0x8a, 0xda, 0x1b, 0xc1, 0x39]),
    (57011, [0xe0, 0xe3, 0xf5, 0xda, 0x5c, 0x0f, 0x8c, 0xcf, 0x85, 0x7b, 0x1d, 0x8f, 0x97, 0x09, 0x81, 0x54]),
    (57012, [0xf8, 0x1e, 0xe2, 0xfd, 0xd9, 0x78, 0x85, 0xeb, 0xc6, 0xc6, 0x0e, 0x56, 0xaf, 0x83, 0xf5, 0xb9]),
    (57202, [0x77, 0x90, 0x02, 0x47, 0xf7, 0x25, 0x82, 0x03, 0xdd, 0xe4, 0x25, 0xfc, 0xf9, 0x4d, 0x28, 0xd7]),
    (57211, [0xf7, 0x7f, 0x53, 0xfd, 0x8b, 0xb8, 0x9e, 0x61, 0x2a, 0xa0, 0x41, 0x6b, 0xf0, 0x0b, 0x23, 0xa1]),
    (57212, [0xb3, 0x14, 0xea, 0x17, 0x65, 0x7f, 0x7b, 0x82, 0xeb, 0x6b, 0xa3, 0xff, 0x1b, 0xe3, 0x3d, 0x0b]),
    (57301, [0x67, 0x4c, 0x37, 0x85, 0x97, 0xe5, 0x90, 0xa3, 0x27, 0xbb, 0x41, 0xc3, 0x84, 0xe7, 0xdb, 0xbc]),
    (57302, [0xa7, 0x64, 0x22, 0xbd, 0x28, 0xb9, 0x63, 0x9b, 0x82, 0x01, 0xbe, 0xac, 0xab, 0x2f, 0xce, 0x52]),
    (57303, [0x45, 0x04, 0x98, 0xc7, 0x42, 0x45, 0x94, 0x21, 0x72, 0xd3, 0xfd, 0x95, 0xd3, 0xf3, 0x02, 0x78]),
    (57311, [0x26, 0x61, 0x77, 0x10, 0x09, 0x65, 0x9e, 0xb2, 0x7e, 0xc5, 0xd2, 0xb1, 0x8f, 0x9b, 0x2b, 0x66]),
    (57312, [0xe2, 0xc2, 0x32, 0x14, 0x8f, 0xc1, 0x4a, 0xf5, 0x9a, 0x90, 0x2f, 0xad, 0x75, 0x4e, 0x3c, 0x5f]),
    (57313, [0xc4, 0x1a, 0x9f, 0x40, 0x95, 0x17, 0xdc, 0x8b, 0xa0, 0x57, 0x50, 0x03, 0xd5, 0x08, 0x18, 0xaf]),
    (57401, [0xc9, 0x37, 0x3e, 0x6f, 0x64, 0x51, 0x6f, 0x92, 0x4c, 0xd7, 0xf1, 0xb9, 0xce, 0xbb, 0x8b, 0x5f]),
    (57505, [0x58, 0x66, 0x88, 0xdf, 0xeb, 0xb2, 0xf0, 0x07, 0xee, 0x6c, 0x55, 0x3d, 0xe4, 0xd5, 0xc9, 0xa8]),
    (57506, [0x58, 0x66, 0x88, 0xdf, 0xeb, 0xb2, 0xf0, 0x07, 0xee, 0x6c, 0x55, 0x3d, 0xe4, 0xd5, 0xc9, 0xa8]),
    (57515, [0x99, 0xde, 0x83, 0xd1, 0x03, 0xe8, 0xd6, 0x55, 0x4b, 0x5d, 0xaf, 0x47, 0x77, 0x73, 0x57, 0xcf]),
    (57516, [0x99, 0xde, 0x83, 0xd1, 0x03, 0xe8, 0xd6, 0x55, 0x4b, 0x5d, 0xaf, 0x47, 0x77, 0x73, 0x57, 0xcf]),
    (57517, [0x99, 0xde, 0x83, 0xd1, 0x03, 0xe8, 0xd6, 0x55, 0x4b, 0x5d, 0xaf, 0x47, 0x77, 0x73, 0x57, 0xcf]),
    (57518, [0x99, 0xde, 0x83, 0xd1, 0x03, 0xe8, 0xd6, 0x55, 0x4b, 0x5d, 0xaf, 0x47, 0x77, 0x73, 0x57, 0xcf]),
    (57651, [0x98, 0xbe, 0x38, 0x9f, 0x49, 0xc6, 0x2a, 0x3c, 0x86, 0x21, 0x98, 0xdb, 0x52, 0xf7, 0x9a, 0x60]),
    (57652, [0x59, 0x3c, 0x79, 0x4c, 0x9d, 0x32, 0x99, 0xa8, 0xfa, 0x13, 0x58, 0x43, 0x8a, 0x17, 0x29, 0x49]),
    (57653, [0xd8, 0x14, 0xc2, 0x10, 0xc1, 0xa7, 0xd9, 0x1f, 0xc8, 0xcd, 0x61, 0x3f, 0x55, 0xe3, 0xf7, 0x74]),
    (57654, [0x78, 0x52, 0xa2, 0x0b, 0xea, 0x7b, 0x3a, 0xf4, 0x3c, 0x8e, 0x78, 0xf2, 0x2c, 0x90, 0x12, 0xa3]),
    (57655, [0x6f, 0x4a, 0x42, 0xe5, 0x76, 0xe6, 0x2b, 0x72, 0xa0, 0x82, 0xe6, 0x88, 0x98, 0x7b, 0xfd, 0x88]),
    (57656, [0xc6, 0x29, 0x24, 0x5c, 0xac, 0x7f, 0x0c, 0x89, 0x27, 0x3f, 0x59, 0xb8, 0x9c, 0x24, 0x29, 0xdf]),
    (57691, [0x97, 0x33, 0x14, 0x44, 0xae, 0x95, 0x10, 0xdb, 0xdc, 0x4b, 0xaf, 0xf4, 0x2b, 0x04, 0x05, 0x35]),
    (57692, [0x82, 0xfd, 0x35, 0xe0, 0x52, 0x06, 0x67, 0x57, 0xdb, 0xfb, 0x00, 0xba, 0x38, 0xc8, 0xa6, 0x3e]),
    (57693, [0x83, 0x80, 0xf6, 0x04, 0x6e, 0x77, 0xa8, 0x7c, 0x9f, 0xf1, 0x28, 0x14, 0x44, 0x56, 0x4a, 0x5a]),
    (57694, [0x8b, 0xad, 0x28, 0xee, 0x82, 0x0c, 0xeb, 0x98, 0xb3, 0x95, 0xb0, 0x94, 0xb1, 0x29, 0xcb, 0x8a]),
    (57695, [0x6c, 0x8e, 0xb6, 0x59, 0x8b, 0x41, 0x6d, 0xb7, 0x51, 0xd7, 0x4d, 0x04, 0x5c, 0x95, 0x8c, 0x47]),
    (57696, [0xb6, 0x47, 0x66, 0xc0, 0xda, 0xdc, 0x09, 0x08, 0xa1, 0x05, 0x8b, 0xaa, 0x45, 0xcd, 0x26, 0x9f]),
    (57697, [0xb9, 0x29, 0x96, 0x93, 0xb3, 0xd0, 0x79, 0x19, 0x9d, 0x53, 0xbb, 0x35, 0x9c, 0x6f, 0xdc, 0x99]),
    (57698, [0xa7, 0x3a, 0xcd, 0xfe, 0x37, 0xa2, 0x22, 0x4f, 0xb3, 0x5b, 0x7b, 0x45, 0x32, 0x76, 0x97, 0x78]),
    (57699, [0x06, 0x28, 0x28, 0xbe, 0x96, 0x31, 0x10, 0x6d, 0x8e, 0xcb, 0x54, 0xde, 0x94, 0xac, 0xac, 0x5c]),
    (57701, [0x90, 0x45, 0x6c, 0xb2, 0x22, 0x99, 0x5a, 0x05, 0xa5, 0x09, 0xc5, 0xa2, 0xf2, 0x5e, 0x02, 0x0a]),
    (57741, [0xbb, 0xee, 0x07, 0x55, 0x55, 0xbd, 0xb1, 0xc1, 0x63, 0x43, 0x94, 0xbb, 0x52, 0xe4, 0x20, 0x9e]),
    (57742, [0x0c, 0xd9, 0xc2, 0xe3, 0x5c, 0x44, 0x45, 0x78, 0x36, 0x19, 0x40, 0x90, 0x14, 0x11, 0xa9, 0xdd]),
    (57743, [0x24, 0xa2, 0xe9, 0x5f, 0x31, 0xe1, 0x8f, 0x3f, 0x8c, 0xaf, 0x29, 0xea, 0xd4, 0x00, 0xba, 0xe9]),
    (57744, [0xc0, 0x13, 0xaf, 0x03, 0xa9, 0xf8, 0xd4, 0xd0, 0xe5, 0xbb, 0xea, 0x38, 0x81, 0x3d, 0x35, 0xd8]),
    (57745, [0xa8, 0x3a, 0xce, 0xad, 0x01, 0x40, 0x28, 0xac, 0xd5, 0x49, 0x50, 0x15, 0x2d, 0x8b, 0x45, 0x7d]),
    (57746, [0x93, 0xbb, 0x11, 0x18, 0x0d, 0x5b, 0xaf, 0x76, 0xfc, 0x87, 0x38, 0xd4, 0x11, 0xd5, 0x6d, 0x92]),
    (57747, [0x0b, 0x48, 0x86, 0xd5, 0x62, 0x04, 0x2b, 0x31, 0x91, 0xc7, 0x15, 0x4f, 0x59, 0x67, 0x8c, 0xb5]),
    (57748, [0xc5, 0x02, 0x55, 0xc1, 0x2a, 0xad, 0x5c, 0xd2, 0x67, 0x3a, 0x6b, 0x52, 0x75, 0xe5, 0x93, 0x30]),
    (57749, [0x70, 0x7b, 0x74, 0x50, 0xd7, 0x3a, 0xb3, 0xaa, 0xd3, 0x6d, 0x26, 0xb3, 0x49, 0x72, 0x81, 0xab]),
    (57801, [0x4e, 0x02, 0x77, 0x40, 0x3f, 0x7f, 0x05, 0xfc, 0x82, 0x0b, 0x2b, 0xfc, 0x85, 0xa4, 0xea, 0x35]),
    (57802, [0x71, 0x37, 0x20, 0xe6, 0xbc, 0x56, 0x55, 0x93, 0xfd, 0x07, 0xce, 0x37, 0x5b, 0xfe, 0x5c, 0x49]),
    (57803, [0x61, 0x64, 0x0f, 0xd9, 0xf8, 0x7d, 0x78, 0x16, 0x2a, 0x6c, 0x08, 0xdf, 0xf2, 0x3e, 0x66, 0xbf]),
    (57804, [0xdc, 0x61, 0x5c, 0xf3, 0x77, 0x6b, 0xbf, 0x20, 0x81, 0x94, 0xa7, 0x66, 0xf5, 0x35, 0xa1, 0xb6]),
    (57805, [0xce, 0xed, 0x52, 0xb1, 0x89, 0xcd, 0xa1, 0x9c, 0x87, 0x2c, 0xba, 0x3a, 0x61, 0x7c, 0x66, 0x6d]),
    (57806, [0x98, 0x2c, 0xee, 0xd2, 0xd6, 0xb8, 0xfa, 0x71, 0x09, 0x1c, 0xf1, 0xf7, 0xfa, 0x45, 0x83, 0x21]),
    (57807, [0xe4, 0xe6, 0x07, 0x97, 0xac, 0x70, 0x25, 0x5e, 0xcb, 0xb7, 0xa8, 0x5a, 0x43, 0x4d, 0x7a, 0x5e]),
    (57808, [0x4a, 0xe3, 0xcf, 0x79, 0xb5, 0xa4, 0x79, 0xd7, 0x3a, 0xe4, 0x9c, 0x40, 0x36, 0xed, 0x92, 0x8b]),
    (57809, [0x98, 0x2c, 0x66, 0xb4, 0x37, 0x86, 0x42, 0x9e, 0x59, 0xe9, 0x20, 0xe7, 0xfa, 0xe0, 0xe2, 0x45]),
    (57820, [0x23, 0xa8, 0x20, 0x16, 0xd0, 0x19, 0xf8, 0xff, 0x0d, 0x08, 0x67, 0x54, 0xe1, 0x76, 0xa0, 0x8b]),
    (57821, [0xd0, 0x41, 0x10, 0x6a, 0x87, 0x59, 0xcb, 0x66, 0x9d, 0xf5, 0xab, 0xa7, 0x13, 0xb3, 0xb4, 0x74]),
    (57822, [0x19, 0xc8, 0xac, 0xfa, 0xdf, 0xa5, 0xae, 0x13, 0xe0, 0xd5, 0xab, 0x65, 0xaa, 0xb5, 0xb3, 0x6b]),
    (57823, [0x77, 0x6a, 0x67, 0x12, 0x62, 0xce, 0xf0, 0xd5, 0xa3, 0x97, 0x7d, 0x8a, 0x5f, 0xf5, 0x82, 0xb2]),
    (57824, [0x48, 0x0a, 0x9d, 0x71, 0x77, 0x2c, 0x48, 0xcc, 0x11, 0x47, 0x40, 0x08, 0x3f, 0x15, 0x31, 0x3e]),
    (57901, [0x5d, 0xa2, 0x61, 0x20, 0x18, 0x59, 0x15, 0x91, 0xd1, 0xa1, 0x0f, 0x54, 0xda, 0x73, 0x76, 0x16]),
    (57902, [0x5b, 0x23, 0xa6, 0x07, 0x3f, 0x5b, 0x53, 0x7f, 0x6b, 0x78, 0x5a, 0x3d, 0x79, 0xea, 0xcc, 0xad]),
    (57903, [0xf3, 0xc0, 0x25, 0x5e, 0x68, 0xc5, 0x2d, 0x06, 0xae, 0xbe, 0x95, 0x2a, 0xf6, 0x0b, 0x0e, 0xe4]),
    (57904, [0x01, 0xfe, 0xcc, 0xba, 0xf8, 0x23, 0xe1, 0xbe, 0xac, 0x82, 0x08, 0x12, 0x84, 0x86, 0x9f, 0x25]),
    (57905, [0xa0, 0xf1, 0x2c, 0xea, 0x52, 0xdd, 0xc6, 0xc7, 0xe3, 0xf0, 0x4e, 0x35, 0x58, 0xfa, 0x07, 0x3b]),
    (57906, [0xd0, 0x8b, 0xd8, 0xc2, 0x15, 0x22, 0x7e, 0x67, 0x88, 0xa0, 0xb1, 0x00, 0x1a, 0xa7, 0x3a, 0x32]),
    (57907, [0x1d, 0x32, 0x7e, 0x6b, 0xe0, 0x48, 0xf6, 0x15, 0x08, 0x71, 0x0a, 0x69, 0xd6, 0xe2, 0x7a, 0x3e]),
    (57911, [0x0c, 0xb7, 0xcc, 0x65, 0xea, 0x6a, 0x08, 0x77, 0xef, 0x55, 0x19, 0x97, 0xc9, 0xdc, 0x62, 0x2c]),
    (57921, [0x4d, 0xd6, 0x9b, 0xfd, 0x10, 0xf1, 0xc9, 0x6c, 0x34, 0x18, 0x37, 0x7c, 0xde, 0x55, 0xa9, 0xe5]),
    (57922, [0x97, 0x17, 0x58, 0xa1, 0x9e, 0xb1, 0xc4, 0xee, 0x18, 0xe4, 0x7c, 0x7c, 0x45, 0x64, 0x18, 0xa2]),
    (57923, [0xa8, 0x7f, 0xf5, 0x7a, 0xe0, 0x8c, 0xe5, 0x68, 0xed, 0xcf, 0xc7, 0x06, 0x2c, 0x15, 0x95, 0x25]),
    (57924, [0x7e, 0xff, 0x9a, 0x2a, 0x41, 0xbe, 0x51, 0x91, 0xa0, 0x80, 0xc6, 0x6b, 0x0f, 0x73, 0xc5, 0x4a]),
    (57925, [0x6d, 0x13, 0x7e, 0xea, 0x64, 0x95, 0xbb, 0x7d, 0xeb, 0x36, 0xd6, 0x8f, 0xc4, 0xbe, 0xe6, 0x26]),
    (57941, [0xdb, 0x90, 0x12, 0x70, 0x39, 0xb4, 0x2a, 0x78, 0x91, 0x70, 0xeb, 0xff, 0xb7, 0xf1, 0xc3, 0xfc]),
    (57942, [0x46, 0xe4, 0xc9, 0x43, 0x04, 0xad, 0x10, 0x67, 0xdf, 0x11, 0xa9, 0xab, 0x82, 0x9d, 0xc2, 0xeb]),
    (57943, [0x54, 0xcf, 0x7c, 0xac, 0xe1, 0xb7, 0x17, 0x5c, 0xbc, 0xa8, 0x4a, 0x56, 0x7a, 0x8c, 0x6f, 0xb0]),
    (57944, [0x43, 0x1e, 0x37, 0x61, 0xee, 0xfe, 0x3e, 0x52, 0xd8, 0x5c, 0x40, 0xae, 0xf0, 0x15, 0x4e, 0xe0]),
    (57945, [0xb2, 0xcc, 0x5f, 0x78, 0x65, 0x70, 0xc0, 0xf9, 0x80, 0x2d, 0x97, 0xfe, 0x69, 0xb8, 0x3b, 0x2b]),
    (57946, [0xa6, 0x51, 0xc7, 0xc7, 0x12, 0x62, 0xa1, 0x5c, 0xee, 0xe0, 0x19, 0x92, 0x52, 0x05, 0xa8, 0x68]),
    (57947, [0x56, 0xea, 0xda, 0x40, 0x91, 0x79, 0x6b, 0x2f, 0xa0, 0xa3, 0xd2, 0x26, 0xe3, 0x68, 0xb5, 0x15]),
    (57949, [0xa4, 0x3a, 0xf1, 0x2b, 0x72, 0x9e, 0x47, 0x50, 0x29, 0x01, 0xaa, 0xdc, 0xe7, 0x68, 0x29, 0x0a]),
    (57971, [0x14, 0x56, 0xeb, 0xe8, 0x71, 0xf9, 0x31, 0x1b, 0x44, 0x65, 0x4e, 0x27, 0xf9, 0x86, 0x22, 0xcd]),
    (57980, [0x6e, 0xcc, 0xdc, 0xfa, 0xf6, 0xa4, 0xc8, 0x6c, 0x56, 0x20, 0x99, 0x17, 0xc8, 0x7b, 0x52, 0x12]),
    (58202, [0x87, 0x1d, 0xd8, 0x9e, 0xcf, 0xc7, 0xca, 0xa5, 0x37, 0x13, 0x84, 0x81, 0x27, 0x41, 0x71, 0xd8]),
    (58222, [0xb8, 0x9c, 0x83, 0x69, 0xa0, 0xd2, 0xd4, 0x30, 0x69, 0xaf, 0xdd, 0x15, 0x54, 0x5d, 0x55, 0x7d]),
    (58231, [0x81, 0x72, 0x9c, 0xbd, 0x36, 0x69, 0x98, 0xe5, 0x22, 0x34, 0x9c, 0x81, 0x8d, 0xc0, 0x7c, 0x02]),
    (58232, [0xd7, 0x02, 0x67, 0x2e, 0x3b, 0xe2, 0xd2, 0x54, 0x97, 0x17, 0xde, 0x2e, 0x46, 0xae, 0x29, 0xe0]),
    (58241, [0x98, 0x01, 0xad, 0x9f, 0xc0, 0xd1, 0xea, 0x93, 0x1f, 0x7b, 0xb3, 0xc4, 0xfb, 0x01, 0xa4, 0xc7]),
    (58242, [0xef, 0x90, 0x49, 0x16, 0xf2, 0x3e, 0xee, 0x5f, 0x50, 0x04, 0x7f, 0x03, 0xc9, 0xce, 0xb2, 0xfa]),
    (58401, [0xa1, 0x30, 0xdc, 0xc0, 0xed, 0x34, 0xa3, 0xf4, 0x94, 0x89, 0xed, 0x2d, 0x6c, 0x15, 0x09, 0xa9]),
    (58411, [0x85, 0x21, 0xce, 0xd4, 0x5f, 0x86, 0x7c, 0x77, 0x05, 0xf6, 0xfc, 0xcc, 0xa9, 0x15, 0x35, 0xa6]),
    (58511, [0x67, 0xac, 0x24, 0xc1, 0x68, 0x44, 0xce, 0x82, 0x30, 0xa8, 0x01, 0xde, 0x98, 0x12, 0x28, 0xd0]),
    (58512, [0xe7, 0x1b, 0x5b, 0xce, 0xdf, 0x40, 0x2d, 0xb4, 0x30, 0xb3, 0x18, 0x24, 0x21, 0x7e, 0xb6, 0xab]),
    (58513, [0x96, 0xb1, 0x53, 0x9f, 0x00, 0xe0, 0x17, 0xf4, 0x54, 0x23, 0xe1, 0x5d, 0x4d, 0xea, 0x57, 0xf4]),
    (58514, [0xd7, 0xd9, 0xf3, 0x4e, 0xbf, 0xff, 0xf5, 0x47, 0x5d, 0xb1, 0xa7, 0x0a, 0x5e, 0xe4, 0xdc, 0x91]),
    (58515, [0xaa, 0x4d, 0x27, 0x92, 0xd5, 0x36, 0xfc, 0x1d, 0x8d, 0x3b, 0x1b, 0x65, 0xcc, 0x2a, 0x09, 0x80]),
    (58541, [0x09, 0x9d, 0xe4, 0x38, 0xdd, 0x2d, 0x16, 0xf3, 0x57, 0xae, 0xc3, 0xf3, 0x10, 0xb1, 0xd1, 0xd1]),
    (58542, [0xfd, 0x6b, 0x61, 0x63, 0x88, 0xd1, 0x2d, 0x9c, 0x7a, 0x35, 0x4e, 0xa4, 0x1a, 0xc5, 0x1e, 0x3f]),
    (58543, [0xd1, 0xb9, 0xac, 0x49, 0xf0, 0x5c, 0xa0, 0x64, 0x86, 0x59, 0x72, 0xe7, 0x49, 0x07, 0x48, 0x59]),
    (58544, [0xbc, 0xf2, 0xb2, 0x54, 0xe7, 0x49, 0x1a, 0x93, 0x72, 0xbb, 0x81, 0xd8, 0x17, 0xd3, 0xa7, 0xf9]),
    (58545, [0xbd, 0x97, 0x49, 0x4e, 0x7a, 0x09, 0xec, 0xf4, 0x1b, 0x67, 0xb0, 0x71, 0x2a, 0x36, 0x2a, 0xf8]),
    (58546, [0xf2, 0xa5, 0xc7, 0x64, 0x8f, 0xe8, 0x96, 0x70, 0xd7, 0xd8, 0xfc, 0xa5, 0x92, 0x61, 0x1b, 0xc1]),
    (58551, [0x1a, 0x59, 0x6b, 0xd6, 0xc2, 0xd6, 0x09, 0x8f, 0xe8, 0x93, 0xba, 0x4f, 0x64, 0x31, 0x68, 0x12]),
    (58552, [0x17, 0xfe, 0x52, 0x7e, 0xe9, 0xdc, 0xf1, 0x30, 0x2e, 0xfd, 0xa2, 0x5a, 0x06, 0x6c, 0x7d, 0x1b]),
    (58553, [0x8d, 0x80, 0xac, 0x24, 0x43, 0xe3, 0xd6, 0x6f, 0xb3, 0xa3, 0xa4, 0x91, 0x57, 0xdb, 0x19, 0x06]),
    (58554, [0x3a, 0x6d, 0x33, 0x2d, 0xe9, 0x29, 0x38, 0x40, 0x18, 0xe9, 0x38, 0x3a, 0xfd, 0x26, 0x34, 0xab]),
    (58555, [0x4d, 0xac, 0x89, 0x38, 0xea, 0x20, 0x41, 0x49, 0xa6, 0xbc, 0x8b, 0x5f, 0xb0, 0x95, 0x2f, 0xbe]),
    (58556, [0x59, 0xe4, 0xc5, 0x2c, 0xe7, 0xa2, 0xad, 0x86, 0x4f, 0x0a, 0x08, 0x76, 0xbd, 0xa5, 0x49, 0x35]),
    (58557, [0x9c, 0xb3, 0xa4, 0x53, 0x2a, 0xc8, 0xc5, 0x43, 0xa4, 0xc2, 0xfd, 0x29, 0xa3, 0x9a, 0xc0, 0xb5]),
    (58558, [0xfb, 0x6f, 0xcc, 0x5f, 0xac, 0x17, 0xc8, 0x25, 0x1f, 0x52, 0x2f, 0xfb, 0x6d, 0x1b, 0x44, 0x97]),
    (58579, [0xef, 0xd2, 0xb9, 0xc0, 0x82, 0xba, 0x56, 0x9f, 0x45, 0x44, 0xec, 0xd6, 0x90, 0x71, 0xb0, 0xaf]),
    (58611, [0x42, 0x4a, 0xdc, 0x13, 0xbb, 0x51, 0x76, 0x48, 0xe1, 0xec, 0xed, 0xad, 0x05, 0x71, 0x01, 0x27]),
    (58612, [0x1f, 0xe4, 0xc2, 0x2a, 0x6d, 0xe1, 0x5f, 0x55, 0x60, 0x89, 0xca, 0x1d, 0x66, 0x99, 0x38, 0x77]),
    (58613, [0xe3, 0xe0, 0xa9, 0x58, 0x80, 0xc4, 0x2b, 0x53, 0x06, 0xfc, 0xfc, 0xb3, 0xf9, 0x2b, 0x1e, 0x88]),
    (58614, [0x7e, 0x40, 0xe5, 0xa6, 0xdf, 0x5f, 0x64, 0x66, 0x10, 0xbc, 0x6a, 0x99, 0x4a, 0x21, 0xa3, 0x4c]),
    (58615, [0x60, 0x8f, 0xc9, 0xc8, 0xe7, 0x05, 0xa9, 0x56, 0x63, 0x22, 0x4d, 0x16, 0x89, 0x03, 0x03, 0xfe]),
    (58616, [0xca, 0x81, 0x6c, 0x8e, 0xa2, 0xca, 0x45, 0x1c, 0x7c, 0x9e, 0xdc, 0x45, 0x5d, 0xbe, 0xc0, 0x18]),
    (58617, [0x34, 0x05, 0xb2, 0xfc, 0x6f, 0xbf, 0xfc, 0x81, 0x02, 0x6f, 0xfa, 0x13, 0x31, 0x04, 0x07, 0x34]),
    (58618, [0xca, 0x35, 0x9c, 0x77, 0xbf, 0x20, 0x1c, 0x8b, 0x7c, 0xfe, 0x21, 0x8e, 0xe2, 0x90, 0x0a, 0x13]),
    (58619, [0xb9, 0xf1, 0xff, 0xd8, 0x3a, 0xbc, 0x4f, 0x82, 0x7d, 0xf4, 0x9f, 0x39, 0xb2, 0x49, 0xe8, 0xdc]),
    (58621, [0x31, 0x87, 0x4a, 0x2c, 0x87, 0x3b, 0x8d, 0xb5, 0x74, 0xe0, 0x78, 0x43, 0xec, 0xd8, 0xe7, 0xc8]),
    (58622, [0xc4, 0x59, 0xb9, 0x59, 0x63, 0x8c, 0xc9, 0x10, 0x0c, 0xf2, 0xbe, 0x47, 0x1e, 0x71, 0x19, 0x14]),
    (58640, [0x63, 0xe3, 0x8d, 0x16, 0x68, 0xf3, 0xba, 0x91, 0xb6, 0x60, 0x88, 0x94, 0x17, 0x97, 0x66, 0xb6]),
    (58641, [0xe7, 0x44, 0xd5, 0x48, 0x0d, 0x1f, 0xcd, 0x5d, 0xcc, 0x23, 0x5c, 0x35, 0xc7, 0x6b, 0x6f, 0x9f]),
    (58642, [0x8f, 0x47, 0x82, 0xa0, 0x39, 0xa3, 0x49, 0x71, 0xf6, 0x8d, 0x08, 0xe0, 0xee, 0x15, 0x65, 0x89]),
    (58645, [0xc8, 0x53, 0x2a, 0x8f, 0xdc, 0x56, 0xe8, 0xc3, 0x3a, 0x21, 0x84, 0xef, 0xc0, 0x90, 0x94, 0xc9]),
    (58646, [0xbe, 0xde, 0x53, 0x21, 0x7c, 0xa1, 0x6d, 0x6b, 0x80, 0xbc, 0x77, 0xa8, 0x9c, 0x2f, 0x94, 0x56]),
    (60351, [0xe5, 0x6f, 0x21, 0xbf, 0xeb, 0x3a, 0xa2, 0x5c, 0x45, 0x47, 0x57, 0xaa, 0x43, 0x1a, 0x3e, 0xef]),
    (60352, [0x01, 0x53, 0xa2, 0xad, 0xe6, 0x7b, 0x0e, 0x3a, 0xbc, 0xce, 0x4f, 0x77, 0xb1, 0xa0, 0x3a, 0xea]),
    (60901, [0x29, 0xef, 0x88, 0x19, 0x54, 0x58, 0x00, 0x01, 0x94, 0xc2, 0xc3, 0xa1, 0x1e, 0xcf, 0x92, 0x96]),
    (61011, [0xc9, 0x3f, 0x4b, 0xcf, 0xd7, 0x3e, 0x93, 0xcd, 0xc7, 0xc2, 0xad, 0xac, 0x9a, 0x6e, 0x29, 0xd8]),
    (61012, [0x61, 0x43, 0xd7, 0x0c, 0xf9, 0x85, 0x1f, 0x5d, 0x9b, 0x30, 0x38, 0xe6, 0x5d, 0x29, 0x9d, 0xcc]),
    (61013, [0x27, 0x05, 0x2b, 0x3b, 0xf3, 0xdc, 0xf7, 0x54, 0x36, 0x3a, 0x78, 0x6c, 0x0c, 0x35, 0x78, 0x0b]),
    (61101, [0x79, 0x3c, 0xe2, 0xe6, 0xf4, 0x47, 0xdd, 0xba, 0x09, 0xa7, 0xfb, 0xdd, 0xe1, 0x1f, 0x45, 0x62]),
    (61221, [0x0c, 0xe0, 0x4e, 0xb6, 0x60, 0x82, 0xe4, 0x94, 0xa5, 0xa5, 0xc8, 0x92, 0x97, 0x66, 0x6d, 0xe9]),
    (61222, [0x07, 0x21, 0xaa, 0x0c, 0x36, 0x3e, 0x4d, 0xb1, 0x5a, 0xa6, 0x0b, 0x0b, 0xc7, 0xf8, 0x0f, 0x14]),
    (61301, [0x44, 0x87, 0x99, 0x25, 0x9f, 0xf5, 0xe8, 0x94, 0xa6, 0x4c, 0xe2, 0xf0, 0xe4, 0x15, 0x20, 0x37]),
    (61302, [0xab, 0x7c, 0xc6, 0x23, 0xe7, 0x2a, 0x32, 0xad, 0x4c, 0xec, 0x66, 0x1f, 0xe8, 0xb3, 0x94, 0x14]),
    (61311, [0x6d, 0xef, 0x9d, 0x77, 0x22, 0x33, 0x3d, 0xe4, 0x50, 0x2d, 0xd9, 0x8a, 0x7e, 0x58, 0x27, 0x2c]),
    (61312, [0xab, 0xbd, 0x11, 0x4b, 0xce, 0xd0, 0x08, 0x48, 0x8a, 0xe4, 0x66, 0xf3, 0x68, 0xa4, 0x56, 0x1c]),
    (61501, [0x34, 0x79, 0x27, 0xcf, 0xb1, 0x06, 0x5c, 0x0e, 0x10, 0xa9, 0xf9, 0xd6, 0xa7, 0x4f, 0x19, 0x43]),
    (61511, [0xb5, 0xa6, 0xe0, 0xb1, 0xe3, 0x59, 0xd1, 0x01, 0xbb, 0x1a, 0xce, 0x12, 0x0f, 0xfe, 0x48, 0xdf]),
    (61521, [0x83, 0x59, 0xad, 0x56, 0x03, 0x2b, 0x62, 0xee, 0x7f, 0x6b, 0x5a, 0x09, 0xf5, 0x89, 0xdf, 0x84]),
    (61531, [0x42, 0x92, 0x81, 0x7e, 0x1e, 0x6b, 0xe0, 0xc1, 0xfe, 0x30, 0xbe, 0x55, 0x55, 0xf7, 0x76, 0x9d]),
    (61701, [0x41, 0x2e, 0xbe, 0x7a, 0xb7, 0x91, 0x83, 0x47, 0xde, 0x2a, 0xfb, 0x72, 0x21, 0x4a, 0xdb, 0xfe]),
    (61702, [0x64, 0x46, 0xd5, 0xcb, 0xcc, 0xd9, 0x1d, 0xf5, 0xf4, 0x7a, 0xcf, 0xa9, 0x25, 0x8a, 0x14, 0x73]),
    (61703, [0x5d, 0x23, 0xfe, 0xa9, 0x35, 0x79, 0x68, 0x32, 0xd9, 0x31, 0xce, 0xbc, 0xdd, 0xf3, 0x9e, 0xcb]),
    (61704, [0x65, 0x8f, 0x91, 0x74, 0xb5, 0x77, 0x22, 0x33, 0x2d, 0x9d, 0x73, 0x3e, 0x26, 0xa8, 0x81, 0x21]),
    (61705, [0x12, 0xd0, 0x7c, 0xf4, 0x65, 0x14, 0x2f, 0x16, 0x0a, 0x42, 0x0b, 0x80, 0x2c, 0xd8, 0x4b, 0x4f]),
    (61706, [0x10, 0xf3, 0xdb, 0x83, 0x30, 0xd9, 0x37, 0xf3, 0x45, 0x8a, 0x7a, 0xf3, 0xda, 0xbc, 0xdf, 0x3a]),
    (61707, [0x40, 0x20, 0x5f, 0xba, 0x9f, 0x0b, 0x3a, 0xfb, 0xa1, 0xf7, 0xa9, 0x91, 0x04, 0x31, 0x7d, 0x36]),
    (61708, [0xfb, 0x32, 0xb3, 0x8a, 0xf9, 0x8e, 0x4a, 0x64, 0x4e, 0x17, 0x8e, 0xe5, 0xf8, 0xa6, 0x85, 0x90]),
    (61709, [0xbd, 0x41, 0x7c, 0x6b, 0x18, 0x6f, 0x1c, 0xd1, 0x62, 0x8b, 0xa7, 0x7f, 0x3f, 0xd4, 0xfb, 0x39]),
    (61721, [0x4e, 0xba, 0xc1, 0xb7, 0xe5, 0x3a, 0xd8, 0x0f, 0x16, 0x5e, 0x23, 0x54, 0x1e, 0xd7, 0x99, 0x3e]),
    (61731, [0x98, 0x62, 0x01, 0xc9, 0x68, 0xb4, 0x8c, 0xb7, 0x97, 0x6e, 0x62, 0x3e, 0xcb, 0xbd, 0x13, 0xa1]),
    (61732, [0xb9, 0xe6, 0x8a, 0x84, 0xfa, 0xef, 0x6a, 0xda, 0x74, 0x39, 0x66, 0x11, 0x54, 0x55, 0x38, 0xf0]),
    (62001, [0x71, 0xd3, 0xf8, 0x05, 0x02, 0xf4, 0x14, 0x8b, 0x12, 0x03, 0xdc, 0xa7, 0x07, 0x7c, 0xb4, 0x64]),
    (62002, [0x30, 0xc6, 0x4f, 0x9f, 0xdc, 0x01, 0x8c, 0x4a, 0x5f, 0x05, 0x02, 0xab, 0xba, 0x0a, 0x43, 0xd3]),
    (63001, [0x92, 0xee, 0x9e, 0x6a, 0x01, 0x8d, 0xbb, 0x27, 0x1a, 0x92, 0xcf, 0xac, 0x0d, 0x20, 0xab, 0x1c]),
    (63002, [0x25, 0x73, 0xe6, 0x6d, 0x8d, 0x77, 0x1a, 0xcb, 0xf1, 0x56, 0x7d, 0x1d, 0x71, 0x24, 0xcd, 0x5f]),
    (63111, [0xc0, 0x10, 0x3a, 0x1c, 0x12, 0xc6, 0xc6, 0xef, 0x10, 0x20, 0xef, 0x7a, 0x11, 0x99, 0xb0, 0x58]),
    (63221, [0x71, 0xcb, 0xe3, 0x95, 0x4e, 0x45, 0x27, 0x48, 0x82, 0xd5, 0x6f, 0xed, 0xca, 0x3c, 0x67, 0x9b]),
    (63381, [0xcc, 0xed, 0x12, 0x29, 0x9b, 0x76, 0x12, 0x12, 0x8f, 0x22, 0xab, 0xc4, 0x14, 0x8e, 0x70, 0x00]),
    (63382, [0x44, 0x87, 0x05, 0xcd, 0x7d, 0xb9, 0x55, 0xbd, 0x4e, 0x55, 0x92, 0x42, 0x13, 0xb4, 0x78, 0xc1]),
    (63383, [0xfc, 0xa4, 0x1b, 0xf6, 0xf8, 0xae, 0xf0, 0x7d, 0xf3, 0x19, 0xfa, 0x89, 0x22, 0x94, 0x3e, 0x1c]),
    (63384, [0xe7, 0x1d, 0xd3, 0x52, 0xc7, 0x11, 0x8c, 0x2d, 0x35, 0xce, 0xc2, 0xf2, 0x20, 0x17, 0x49, 0x77]),
    (63385, [0x67, 0xe4, 0xae, 0x3a, 0x2b, 0xb9, 0xbd, 0x60, 0x6a, 0x27, 0x64, 0xb3, 0x7c, 0xd7, 0xab, 0x1e]),
    (63386, [0x2f, 0xb8, 0x8b, 0x13, 0x3f, 0x72, 0x76, 0xed, 0xce, 0xed, 0x7f, 0x94, 0x9e, 0xb8, 0xee, 0xb1]),
    (63387, [0xda, 0x66, 0xce, 0xe3, 0xe8, 0xdb, 0x0a, 0xcd, 0x9f, 0x28, 0xca, 0x19, 0x8f, 0xfa, 0xfb, 0xad]),
    (63388, [0xc4, 0x3e, 0x9d, 0xae, 0x93, 0xdf, 0x16, 0x1b, 0x2e, 0xf6, 0xd0, 0x5d, 0xc7, 0x67, 0xf3, 0xde]),
    (63389, [0xa3, 0x91, 0x34, 0x7f, 0x26, 0xeb, 0xe7, 0xeb, 0xcb, 0xb6, 0x3e, 0xba, 0xb5, 0xda, 0x26, 0x8c]),
    (63390, [0x8d, 0xa4, 0x22, 0x86, 0x2d, 0x71, 0x79, 0xad, 0x34, 0xaf, 0x7f, 0x8e, 0x2f, 0xbb, 0x18, 0x47]),
    (63391, [0x69, 0xe4, 0x4e, 0x5d, 0xfd, 0x3a, 0x06, 0x40, 0x84, 0xd1, 0x83, 0x9a, 0x89, 0xcf, 0x88, 0x3b]),
    (63392, [0x97, 0x27, 0xae, 0xb5, 0xec, 0x87, 0xed, 0x6c, 0xe9, 0x32, 0x4a, 0xa6, 0x8f, 0x8c, 0xfb, 0x79]),
    (63393, [0x40, 0x0c, 0x9e, 0xfe, 0x3c, 0x6c, 0x2d, 0x47, 0x04, 0xc7, 0xc6, 0x7c, 0xfc, 0x11, 0x45, 0xaa]),
    (63394, [0xee, 0xbe, 0x0b, 0xbb, 0x7a, 0x29, 0x41, 0x38, 0xb2, 0x1b, 0x69, 0x90, 0x0e, 0x05, 0xd3, 0xe8]),
    (63395, [0xa5, 0x7c, 0x64, 0x38, 0x37, 0x06, 0xa0, 0x69, 0x87, 0x73, 0xd1, 0xc1, 0x9d, 0x9c, 0x52, 0x42]),
    (63396, [0x5b, 0x45, 0xe3, 0x1c, 0x66, 0x80, 0x2c, 0xfa, 0xfa, 0x2d, 0x8d, 0x32, 0x1c, 0x10, 0xeb, 0x3b]),
    (63397, [0x72, 0x4b, 0xb4, 0x5e, 0x60, 0x4d, 0xff, 0x75, 0xc0, 0x1d, 0xa6, 0xf7, 0x4e, 0x02, 0x1b, 0xee]),
    (63501, [0x25, 0x2e, 0xb1, 0xfa, 0x39, 0x7a, 0x4a, 0xd4, 0xc6, 0xe0, 0xa8, 0x46, 0x73, 0xb0, 0xa6, 0x09]),
    (63502, [0x03, 0x59, 0x0b, 0x5b, 0x06, 0x10, 0x61, 0x29, 0x14, 0x3c, 0x86, 0xfe, 0xfe, 0xae, 0x0a, 0x4d]),
    (63504, [0x65, 0x3e, 0x1f, 0x23, 0x14, 0x08, 0x99, 0x19, 0xf1, 0x15, 0x58, 0xf7, 0x9e, 0x46, 0x55, 0xf3]),
    (63505, [0x77, 0xdd, 0x41, 0x58, 0x26, 0x4e, 0x8c, 0xec, 0x44, 0x16, 0x3f, 0x87, 0x64, 0x26, 0x2c, 0xd1]),
    (63701, [0x2c, 0xf7, 0xed, 0x85, 0x7d, 0x1e, 0xa8, 0xa2, 0xf6, 0x6d, 0x67, 0xc4, 0xe7, 0x5e, 0x37, 0xca]),
    (63702, [0x7e, 0x23, 0xed, 0xe3, 0xab, 0x28, 0x8e, 0x01, 0x3a, 0xc6, 0x8c, 0x0f, 0x50, 0x51, 0x01, 0x2f]),
    (63703, [0xba, 0xec, 0xdb, 0x4f, 0x6e, 0x85, 0x28, 0xfd, 0xf4, 0x50, 0x12, 0x52, 0x41, 0x6c, 0x2a, 0xa4]),
    (63704, [0x0b, 0xa0, 0x20, 0x25, 0xb4, 0x14, 0x92, 0xec, 0xb2, 0x67, 0x30, 0x46, 0xf0, 0xf5, 0x7c, 0x21]),
    (63711, [0xb1, 0xd1, 0x7f, 0x5d, 0x2b, 0x30, 0x8a, 0x08, 0xa7, 0x31, 0xc7, 0x2f, 0xe6, 0x83, 0x3f, 0x12]),
    (63712, [0x85, 0x9e, 0x6a, 0x16, 0x50, 0x81, 0x1d, 0x13, 0x95, 0x2a, 0xb2, 0x45, 0xd8, 0xed, 0xbb, 0x56]),
    (63713, [0x74, 0x45, 0x94, 0x75, 0x32, 0xe2, 0x85, 0xdf, 0xc5, 0xe4, 0x5e, 0xfa, 0xee, 0x6c, 0x82, 0x32]),
    (63714, [0x98, 0xd2, 0xf0, 0x39, 0x43, 0x74, 0xe8, 0x69, 0xc4, 0x9e, 0x1b, 0xc0, 0x40, 0x3b, 0x1f, 0x50]),
    (63801, [0x54, 0xd5, 0xde, 0xf0, 0x9c, 0x23, 0x19, 0xd7, 0x3b, 0xb8, 0x8f, 0xe3, 0xe5, 0x31, 0xbb, 0x2a]),
    (63802, [0xfc, 0x17, 0x7a, 0x82, 0xd3, 0xcd, 0x21, 0x2f, 0xed, 0xec, 0xc1, 0xe8, 0x9a, 0x14, 0x56, 0x86]),
    (63803, [0x6f, 0xdb, 0x2b, 0xa7, 0xec, 0x17, 0x3a, 0x77, 0x1d, 0xfe, 0xf4, 0x54, 0x2b, 0x90, 0x10, 0x8a]),
    (63911, [0xca, 0x33, 0x8c, 0x31, 0x31, 0xc0, 0x56, 0xf8, 0x74, 0x8e, 0x47, 0x42, 0xd5, 0xdc, 0x91, 0x64]),
    (63912, [0x72, 0x90, 0xd5, 0x70, 0xc5, 0xa4, 0xad, 0x75, 0x2e, 0xee, 0x21, 0x1c, 0x53, 0x2c, 0xe7, 0xa2]),
    (63913, [0x7a, 0x07, 0x8f, 0x4b, 0x56, 0x10, 0x5f, 0x88, 0xd8, 0xb7, 0x7b, 0x7a, 0x0a, 0x0f, 0xfa, 0xac]),
    (63914, [0x98, 0x1b, 0x6b, 0xa0, 0x0b, 0x41, 0x46, 0xac, 0x2c, 0x1f, 0xf9, 0x0b, 0xbd, 0x9d, 0xa5, 0xba]),
    (63915, [0x92, 0xf7, 0xdc, 0xa3, 0x25, 0x09, 0x8f, 0x5a, 0x47, 0xb5, 0x17, 0x3f, 0x09, 0x9a, 0x3a, 0xdf]),
    (63941, [0x90, 0xcd, 0x76, 0xcd, 0xbe, 0xe3, 0x3c, 0xf4, 0x87, 0xc4, 0x55, 0x6b, 0x31, 0x03, 0x53, 0x4a]),
    (63942, [0x9a, 0x1e, 0xad, 0x51, 0x7f, 0xdc, 0xf6, 0x68, 0xf0, 0x85, 0xf5, 0xd6, 0x5e, 0xfa, 0xfc, 0xee]),
    (63951, [0xed, 0x82, 0x5f, 0x93, 0x87, 0x75, 0x25, 0xa0, 0xd3, 0x8d, 0xfe, 0x28, 0xcf, 0x5b, 0x0c, 0xcf]),
    (63952, [0x3a, 0x5b, 0x9c, 0x4b, 0x58, 0x95, 0x39, 0x2e, 0x3d, 0xc5, 0x0a, 0x84, 0x47, 0x0f, 0x8b, 0x3f]),
    (63954, [0x22, 0x1d, 0x2a, 0x50, 0xf0, 0x51, 0x44, 0x6c, 0xbb, 0x61, 0xd3, 0x7d, 0x0e, 0x13, 0xdc, 0x0a]),
    (63958, [0xef, 0xca, 0x39, 0x42, 0x03, 0x8b, 0xae, 0x23, 0x11, 0x38, 0x44, 0x3b, 0x2f, 0x10, 0x2a, 0x33]),
    (63959, [0x42, 0xef, 0x9b, 0xbe, 0x83, 0x6b, 0xcd, 0xb3, 0xc2, 0x6f, 0x6c, 0x19, 0xbf, 0xfa, 0x04, 0xb8]),
    (64001, [0x42, 0x88, 0xb3, 0xbe, 0x45, 0x12, 0xf5, 0xf4, 0x13, 0xa4, 0x8f, 0x69, 0xde, 0xdf, 0xee, 0xeb]),
    (64003, [0x9f, 0xb7, 0xde, 0x60, 0x2e, 0x5d, 0x81, 0x47, 0xf0, 0x93, 0x9d, 0x0f, 0x6a, 0xec, 0x5b, 0x96]),
    (64004, [0x6b, 0xa1, 0x2f, 0xc0, 0xb8, 0xb1, 0x3d, 0x1c, 0x29, 0x02, 0x4d, 0xc3, 0x57, 0x14, 0x34, 0x9b]),
    (64014, [0xcc, 0x09, 0xc9, 0x52, 0x51, 0x71, 0x43, 0x2b, 0xd4, 0x9c, 0x64, 0x8b, 0xcd, 0xd4, 0x4b, 0x7f]),
    (64015, [0xe3, 0xca, 0x78, 0xfd, 0x90, 0x62, 0xd2, 0x8c, 0x31, 0xa2, 0xf8, 0x02, 0x80, 0x08, 0x37, 0xce]),
    (64016, [0x94, 0xb0, 0x48, 0x63, 0x37, 0xda, 0x6f, 0x8e, 0xda, 0x4a, 0xb1, 0x37, 0xbe, 0xe2, 0x50, 0x8d]),
    (64017, [0x5a, 0xb8, 0x01, 0x25, 0xbe, 0x65, 0xeb, 0x43, 0x95, 0xcd, 0x69, 0x98, 0xa8, 0x9e, 0xa3, 0xa9]),
    (65081, [0xef, 0xd2, 0x56, 0x58, 0xd4, 0xa7, 0x65, 0x10, 0xab, 0x99, 0xfc, 0xca, 0xfd, 0xe6, 0xa5, 0x58]),
    (65082, [0x05, 0x02, 0x02, 0xa6, 0xf9, 0x65, 0x10, 0xcd, 0x12, 0x92, 0xe8, 0x25, 0xd7, 0xbb, 0xc9, 0x1f]),
    (65091, [0x7e, 0xcb, 0x5e, 0x2b, 0xd4, 0xb1, 0x67, 0xd6, 0x53, 0x49, 0xfd, 0xc2, 0xa1, 0x94, 0x86, 0xa0]),
    (65092, [0x9f, 0xc5, 0x93, 0x4e, 0x35, 0xe3, 0x78, 0x0a, 0x4d, 0xdc, 0x45, 0x49, 0xac, 0x43, 0x57, 0x81]),
    (65131, [0xfc, 0xce, 0xa8, 0xd6, 0x43, 0x92, 0x85, 0x04, 0xf0, 0x12, 0x96, 0x6b, 0x55, 0x50, 0xde, 0xb1]),
    (65141, [0xca, 0xff, 0x36, 0x68, 0x5b, 0xa5, 0xfe, 0x3e, 0xbd, 0x87, 0xf0, 0x74, 0xf8, 0x2d, 0xc9, 0x77]),
    (65201, [0x34, 0x83, 0x16, 0x94, 0x04, 0xa3, 0xc8, 0xe3, 0xeb, 0x8d, 0x04, 0x46, 0x3e, 0xbb, 0x05, 0x09]),
    (65202, [0x97, 0xf1, 0x28, 0x69, 0xba, 0x38, 0xf1, 0x82, 0x4a, 0x85, 0x53, 0x43, 0x06, 0x07, 0x24, 0xb8]),
    (65203, [0x71, 0x56, 0x5f, 0x26, 0x3a, 0x27, 0x6f, 0x53, 0x01, 0xeb, 0xbf, 0x85, 0x3a, 0x57, 0x22, 0xb1]),
    (65210, [0x5b, 0x26, 0xa5, 0xc5, 0x62, 0xab, 0x42, 0x72, 0xa4, 0x2b, 0xc9, 0x71, 0xcd, 0x71, 0x2a, 0xb2]),
    (65211, [0x92, 0x56, 0x5a, 0x54, 0xfe, 0x16, 0x28, 0x4b, 0xab, 0x74, 0x48, 0xe8, 0x02, 0x2d, 0x7e, 0x06]),
    (65212, [0x7b, 0x72, 0x08, 0x75, 0x09, 0x02, 0x01, 0x10, 0x12, 0x51, 0x8f, 0xbd, 0xf7, 0xf9, 0xe3, 0xf1]),
    (65213, [0x06, 0xb9, 0x4b, 0xd7, 0x29, 0xbd, 0x84, 0xc8, 0xa4, 0xba, 0x8a, 0x10, 0x6d, 0x17, 0x9a, 0x6a]),
    (65214, [0x68, 0x36, 0xef, 0xa3, 0x20, 0x82, 0x12, 0xa5, 0x54, 0x6d, 0x0c, 0x53, 0xff, 0x4d, 0x0a, 0xc8]),
    (65215, [0x5b, 0x05, 0xb5, 0x23, 0x16, 0xf7, 0x33, 0x43, 0x25, 0xf5, 0x83, 0xdf, 0xcb, 0xed, 0xf4, 0xc0]),
    (65216, [0x29, 0x9a, 0xc3, 0x6a, 0xba, 0x8b, 0x1d, 0xca, 0x0f, 0x50, 0xca, 0x6f, 0x9b, 0x1a, 0x15, 0x3e]),
    (65217, [0x03, 0x52, 0x51, 0xb6, 0xbd, 0x49, 0x31, 0xce, 0xf2, 0x21, 0xa4, 0x8e, 0xb7, 0x79, 0x23, 0xfc]),
    (65218, [0x2b, 0x18, 0x00, 0xea, 0xca, 0xbb, 0xc7, 0xa5, 0xf3, 0xd8, 0xd5, 0xb9, 0xb2, 0xb8, 0x9c, 0x73]),
    (65219, [0xa7, 0x58, 0x27, 0xf3, 0xae, 0x85, 0x78, 0xd0, 0x1a, 0x31, 0x7b, 0x0e, 0xb4, 0x80, 0x47, 0xd9]),
    (65220, [0x31, 0x68, 0x75, 0xc9, 0xd2, 0xa3, 0x3a, 0xf7, 0xb0, 0x3d, 0xd7, 0x12, 0xa2, 0xcb, 0x6e, 0x3c]),
    (65221, [0xe6, 0x13, 0xac, 0x4a, 0xdf, 0x4a, 0xb4, 0xfa, 0x31, 0x90, 0x63, 0x9f, 0x80, 0x3a, 0x31, 0xaf]),
    (65222, [0x55, 0xb1, 0x0a, 0x99, 0x4f, 0xaf, 0xdf, 0x5b, 0x7c, 0xe9, 0xb6, 0x79, 0x39, 0xa9, 0xf4, 0x83]),
    (65223, [0x08, 0xd6, 0x9d, 0xd8, 0xf1, 0xf9, 0xb2, 0xd2, 0x43, 0xed, 0x7f, 0x6c, 0xb8, 0xb8, 0x66, 0x6f]),
    (65224, [0x98, 0x03, 0x9f, 0x05, 0x8f, 0xf2, 0xf1, 0xc6, 0x24, 0x7d, 0x4c, 0x01, 0x94, 0xc4, 0x36, 0x20]),
    (65225, [0xb8, 0x62, 0xfb, 0x3f, 0x7b, 0xdd, 0x94, 0xac, 0x3a, 0x1f, 0x76, 0x51, 0x0a, 0x5a, 0xa1, 0xe8]),
    (65226, [0x81, 0x2d, 0xd7, 0x0e, 0x46, 0x64, 0x40, 0xb1, 0xbb, 0x40, 0x80, 0x28, 0xe0, 0xe3, 0xfd, 0x9f]),
    (65227, [0x5e, 0x9c, 0xcf, 0x90, 0x35, 0x98, 0xbf, 0x06, 0x5a, 0x70, 0xee, 0x8f, 0x71, 0xb9, 0xcb, 0x1d]),
    (65228, [0xfd, 0xa4, 0x6f, 0xc2, 0x02, 0x10, 0x39, 0xb6, 0xfd, 0x81, 0xb7, 0xb0, 0xef, 0x60, 0x5d, 0x6a]),
    (65229, [0xd4, 0x3d, 0xf4, 0xc6, 0x03, 0x3d, 0x08, 0x2b, 0xd3, 0xa9, 0x34, 0x94, 0x7c, 0x00, 0x12, 0x9f]),
    (65230, [0xf4, 0xe5, 0x61, 0xc3, 0x35, 0xd1, 0x9b, 0xad, 0x60, 0xdb, 0x72, 0x73, 0xe6, 0xc4, 0x6f, 0x4d]),
    (65231, [0x6e, 0x0d, 0xf5, 0xe1, 0xe8, 0xda, 0x90, 0x77, 0x67, 0x6d, 0xa1, 0x12, 0x60, 0x76, 0x34, 0x25]),
    (65232, [0xb0, 0x2d, 0x78, 0x57, 0xcb, 0xcc, 0x99, 0xa3, 0x03, 0x28, 0x0c, 0x84, 0xfc, 0x9b, 0x44, 0xad]),
    (65233, [0x9c, 0xa4, 0xab, 0x69, 0xaf, 0x9c, 0x24, 0xa9, 0x92, 0x60, 0x8a, 0x69, 0x21, 0xf1, 0xed, 0x05]),
    (65234, [0xf1, 0xab, 0x31, 0x4c, 0xd3, 0xc1, 0xe0, 0x39, 0x7a, 0xab, 0x2d, 0x5c, 0x9d, 0x7c, 0x85, 0x5c]),
    (65235, [0xd7, 0x34, 0xf1, 0x7c, 0x96, 0x03, 0xea, 0x79, 0xf9, 0x8a, 0xc4, 0xd6, 0xb3, 0x68, 0xb1, 0xfb]),
    (65236, [0x03, 0x54, 0x04, 0x21, 0xba, 0x99, 0x30, 0x18, 0xa7, 0x75, 0x67, 0xb8, 0x46, 0x83, 0x0f, 0x0d]),
    (65237, [0x94, 0xe2, 0xfb, 0xfa, 0x63, 0x0f, 0x16, 0xa3, 0x64, 0x8f, 0x46, 0xef, 0xe1, 0x14, 0xeb, 0x66]),
    (65238, [0x74, 0x9c, 0x0c, 0x8f, 0x2f, 0xd0, 0xca, 0xa8, 0xe8, 0x66, 0x2e, 0x36, 0xb1, 0xf8, 0x94, 0x3d]),
    (65240, [0x10, 0xa1, 0x80, 0x9f, 0x9b, 0x0f, 0xec, 0x89, 0xfb, 0x27, 0x0c, 0xea, 0xcf, 0xdb, 0x22, 0x30]),
    (65241, [0x6b, 0xa3, 0x2b, 0x80, 0x47, 0x17, 0x66, 0x93, 0x4b, 0xa9, 0x8f, 0xa3, 0xc6, 0x29, 0x31, 0xe6]),
    (65242, [0x96, 0xe2, 0x01, 0xc9, 0x04, 0xce, 0xb4, 0x6c, 0x66, 0x05, 0x84, 0x19, 0x6e, 0x73, 0xd1, 0x95]),
    (65243, [0xfb, 0x71, 0x96, 0xa8, 0xb0, 0x56, 0xac, 0x39, 0xfe, 0x96, 0x62, 0xeb, 0x84, 0x66, 0x23, 0x8d]),
    (65244, [0x4d, 0xe4, 0x1f, 0x53, 0x44, 0x99, 0xab, 0x7a, 0x61, 0x24, 0x9c, 0xab, 0x6d, 0x05, 0xa6, 0xa8]),
    (65245, [0x7f, 0x72, 0xac, 0xda, 0xef, 0x6e, 0xb1, 0x8c, 0x22, 0xd8, 0xb8, 0x14, 0x92, 0x95, 0x8a, 0x71]),
    (65246, [0x32, 0x25, 0xda, 0xcd, 0xa1, 0xf2, 0xee, 0xca, 0x8a, 0x80, 0x2b, 0x0a, 0x7a, 0x07, 0x15, 0xd6]),
    (65247, [0xbe, 0x75, 0x03, 0xed, 0x3b, 0xa6, 0x76, 0x7d, 0xe1, 0xf4, 0x4d, 0x52, 0xfc, 0x1d, 0x0d, 0xf3]),
    (65248, [0xa7, 0xcb, 0xa8, 0x08, 0xa0, 0xf9, 0x4d, 0x42, 0xd2, 0x3e, 0x6d, 0x8a, 0x30, 0x73, 0xae, 0x9a]),
    (65249, [0xca, 0xaa, 0x41, 0xa3, 0xa8, 0x16, 0x53, 0xa2, 0x78, 0xde, 0x2e, 0x90, 0x84, 0x6a, 0xfc, 0x3e]),
    (65250, [0x03, 0x29, 0xe7, 0x0f, 0x62, 0x55, 0x8f, 0xad, 0xf9, 0x50, 0xdb, 0xbf, 0x88, 0x6c, 0x23, 0xef]),
    (65251, [0x78, 0x4b, 0x42, 0x76, 0x76, 0x1c, 0x3a, 0xa6, 0x9c, 0xe1, 0xd9, 0xcb, 0x1b, 0x81, 0x89, 0xac]),
    (65252, [0x26, 0x54, 0xa5, 0x4b, 0x35, 0x33, 0xe8, 0xd2, 0x89, 0x36, 0xe9, 0x6f, 0xa0, 0x65, 0x08, 0xfe]),
    (65253, [0x80, 0x98, 0x64, 0x86, 0xc9, 0x6d, 0x1b, 0xbe, 0xd9, 0x2a, 0x98, 0xcb, 0xb7, 0xa3, 0x9d, 0x3a]),
    (65254, [0x33, 0xa5, 0x17, 0x7d, 0xfd, 0x1a, 0xa5, 0x2b, 0xa1, 0x54, 0x71, 0x5f, 0xc1, 0x51, 0x52, 0x70]),
    (65255, [0x47, 0xf0, 0x89, 0x34, 0x56, 0xe4, 0x4f, 0xe8, 0xb9, 0xea, 0xde, 0xdf, 0x0c, 0xa3, 0x5c, 0xd1]),
    (65256, [0x4c, 0x42, 0x01, 0xb4, 0x59, 0xf8, 0x0d, 0x59, 0x37, 0x36, 0x9c, 0xc6, 0x56, 0x19, 0xf8, 0x9f]),
    (65257, [0x88, 0x1b, 0xbf, 0xa3, 0x9a, 0x82, 0xb7, 0x41, 0xc5, 0xd1, 0xc6, 0x38, 0xf7, 0x67, 0xe1, 0x3b]),
    (65258, [0x42, 0x5b, 0x7b, 0x10, 0x72, 0x09, 0x59, 0x4b, 0x22, 0x87, 0x9f, 0x03, 0xb7, 0xa9, 0xfb, 0x62]),
    (65259, [0x7a, 0xe5, 0x84, 0x20, 0x68, 0xbe, 0x33, 0xc3, 0x03, 0x02, 0xcd, 0xb8, 0x55, 0x93, 0xc9, 0x2e]),
    (65261, [0x85, 0x21, 0x23, 0x75, 0x05, 0x0a, 0x4d, 0x79, 0x1b, 0x61, 0xbe, 0x48, 0x50, 0x93, 0xca, 0x64]),
    (65301, [0xa3, 0x88, 0x28, 0xcd, 0xed, 0xd0, 0x11, 0xa5, 0xa2, 0xb4, 0xaa, 0x89, 0x9c, 0x3a, 0x6d, 0x9a]),
    (65302, [0x0c, 0x97, 0x9c, 0x54, 0x41, 0x24, 0x58, 0x7a, 0xe4, 0xf2, 0x2c, 0x91, 0x90, 0x64, 0xbc, 0xa9]),
    (65303, [0xc8, 0xb0, 0x9c, 0xfe, 0x58, 0xe2, 0x1a, 0x76, 0x4d, 0xdb, 0x58, 0x27, 0x38, 0x91, 0x6a, 0xf2]),
    (65531, [0x4a, 0xd8, 0xe8, 0x06, 0x79, 0xee, 0x83, 0x0e, 0xab, 0x8a, 0x96, 0x97, 0x7c, 0x76, 0xf0, 0xa0]),
    (65532, [0xca, 0x3e, 0xac, 0x00, 0x37, 0x97, 0x25, 0xda, 0x7d, 0x8d, 0xfd, 0x97, 0x2e, 0xa3, 0x77, 0xa4]),
    (65533, [0x4a, 0x37, 0xcf, 0xa7, 0x40, 0xd2, 0x71, 0xca, 0x60, 0x11, 0x85, 0x68, 0xf6, 0xa5, 0x6b, 0x36]),
    (65534, [0x04, 0x36, 0x62, 0x8c, 0xa7, 0xc1, 0x27, 0x1b, 0x4b, 0x09, 0x30, 0x4b, 0x54, 0x3a, 0x5a, 0x03]),
    (65561, [0x2b, 0xe1, 0xf0, 0xfc, 0x8f, 0x26, 0xa9, 0x08, 0xf7, 0xc8, 0xe1, 0x1e, 0x1b, 0x0a, 0x32, 0x1d]),
    (65562, [0x59, 0xc8, 0x07, 0x68, 0xb3, 0x8e, 0x19, 0x19, 0x10, 0x25, 0x56, 0xf7, 0xf0, 0x1c, 0xdf, 0x72]),
    (65601, [0xf5, 0x77, 0xe1, 0x2c, 0xef, 0x87, 0xd0, 0xda, 0xe1, 0xed, 0x10, 0x3f, 0xdf, 0x03, 0x45, 0x6f]),
    (65602, [0x16, 0xcb, 0x62, 0x59, 0x43, 0x82, 0xa3, 0xa4, 0xd4, 0x10, 0xc6, 0x91, 0x21, 0xd4, 0x78, 0xda]),
    (65603, [0xb4, 0xea, 0xe6, 0xe5, 0xe9, 0x85, 0x58, 0xde, 0x9a, 0x6a, 0x89, 0x55, 0x8f, 0x1d, 0x7d, 0xb3]),
    (65604, [0x3c, 0x45, 0x55, 0x80, 0x58, 0x32, 0xc3, 0x5d, 0xd8, 0x09, 0x40, 0x66, 0xbb, 0x66, 0x0a, 0xff]),
    (65605, [0x7c, 0x6a, 0x2b, 0x9f, 0xc5, 0x33, 0x9d, 0x3e, 0xdb, 0x82, 0xdf, 0xde, 0x5a, 0x61, 0x4f, 0xe3]),
    (65606, [0x79, 0x58, 0x8a, 0x09, 0x69, 0x7a, 0xf3, 0x55, 0x19, 0xef, 0x99, 0x74, 0x28, 0xd2, 0x5b, 0x29]),
    (65611, [0x1c, 0x4e, 0x6c, 0x83, 0xe1, 0xe9, 0xb0, 0xd7, 0xd7, 0xee, 0x6e, 0xb1, 0x88, 0x5e, 0x26, 0xa3]),
    (65612, [0x2b, 0x84, 0x14, 0x22, 0x3c, 0x71, 0xba, 0x02, 0x55, 0xa5, 0x78, 0xb8, 0x0b, 0x0a, 0x03, 0xf6]),
    (65613, [0xd4, 0x5f, 0xa8, 0x51, 0xcb, 0x7d, 0x1f, 0x7e, 0x28, 0x24, 0x93, 0x7a, 0xe2, 0xde, 0xfd, 0x78]),
    (65614, [0xe0, 0x5c, 0x19, 0x88, 0x97, 0x8b, 0x89, 0xa6, 0xf4, 0xcd, 0x3c, 0x5f, 0xb4, 0xfa, 0x03, 0x39]),
    (65615, [0x77, 0x72, 0x9f, 0xf1, 0x6c, 0x61, 0xe6, 0x95, 0x12, 0x92, 0x6d, 0x3a, 0x80, 0x92, 0x89, 0xc5]),
    (65616, [0x53, 0x0a, 0x84, 0x72, 0xc6, 0xf8, 0xae, 0xff, 0x2c, 0xeb, 0x89, 0xf4, 0xd8, 0xb7, 0x49, 0xd0]),
    (65701, [0x29, 0x76, 0xe4, 0xf1, 0x97, 0x90, 0xa5, 0x30, 0x76, 0xa1, 0xba, 0xed, 0x5d, 0x03, 0xcf, 0xa1]),
    (65731, [0xad, 0x1b, 0xf5, 0x58, 0x5a, 0xad, 0xe3, 0x8c, 0x26, 0x4c, 0xf6, 0xa5, 0x7c, 0x66, 0x37, 0x38]),
    (65733, [0x73, 0x07, 0x1d, 0xe3, 0xa7, 0x08, 0xba, 0xeb, 0x73, 0xd1, 0xc9, 0xb3, 0x18, 0x3d, 0xec, 0x3a]),
    (65734, [0x9f, 0xbc, 0x81, 0x6f, 0x2f, 0x7f, 0x7a, 0xca, 0x64, 0x77, 0xc2, 0x93, 0x9e, 0x5c, 0x6d, 0xa7]),
    (65735, [0x55, 0x10, 0x8f, 0xf0, 0x39, 0xe9, 0x71, 0x68, 0xb0, 0x40, 0xa0, 0x6c, 0xb9, 0xf1, 0xbb, 0x97]),
    (65741, [0xcb, 0x51, 0x82, 0x58, 0xc1, 0x2b, 0x4e, 0x40, 0x4a, 0xcd, 0x7d, 0x3e, 0xa2, 0xbc, 0xdf, 0x8a]),
    (65781, [0xa1, 0x03, 0x98, 0xca, 0xf4, 0xf5, 0xe1, 0xc6, 0xd9, 0x2b, 0x31, 0x7f, 0x9b, 0xbe, 0xcc, 0x86]),
    (65791, [0x7e, 0x48, 0x8d, 0x03, 0x94, 0x87, 0xe4, 0x1d, 0xb3, 0x82, 0xb1, 0x34, 0x35, 0x41, 0x78, 0xbe]),
    (65801, [0x8d, 0xae, 0xe5, 0x18, 0xed, 0x18, 0x8c, 0xe7, 0xde, 0xdb, 0x3a, 0x73, 0xa9, 0xbc, 0xb6, 0xb1]),
    (65802, [0xcd, 0x26, 0x10, 0xb2, 0x28, 0xcc, 0x54, 0x17, 0x86, 0x43, 0xa8, 0xa1, 0xe3, 0xa1, 0xcf, 0x14]),
    (65810, [0xda, 0xa7, 0x4d, 0x2f, 0x4c, 0x45, 0x93, 0x76, 0xbe, 0x6b, 0x2a, 0xcf, 0xff, 0x6f, 0x6e, 0xd8]),
    (65811, [0x95, 0x9a, 0xe3, 0x06, 0x4c, 0x6a, 0x31, 0xeb, 0xf4, 0x59, 0xa0, 0xf6, 0x85, 0x33, 0x2c, 0x4f]),
    (65901, [0x01, 0xe0, 0x27, 0xee, 0x6d, 0x9e, 0xcf, 0xcf, 0xae, 0xd0, 0xe3, 0x7a, 0x18, 0x03, 0x73, 0x10]),
    (65902, [0x70, 0x73, 0x15, 0xaa, 0x7e, 0xaf, 0x27, 0x4c, 0x6b, 0xd6, 0xad, 0x7d, 0xa4, 0x78, 0xe5, 0x62]),
    (65903, [0x19, 0x36, 0xf3, 0x0e, 0x69, 0x92, 0xe1, 0x45, 0x43, 0xf4, 0x8c, 0x8f, 0xb9, 0x1d, 0xeb, 0x8a]),
    (65904, [0xf7, 0xb4, 0x35, 0xe9, 0xfd, 0x74, 0x19, 0x70, 0x07, 0x0d, 0xa1, 0x3e, 0x1b, 0x92, 0x83, 0xbc]),
    (65905, [0x17, 0x45, 0x84, 0x6b, 0x6b, 0x59, 0xd6, 0xa5, 0xd7, 0xd7, 0xdb, 0x8e, 0x50, 0x5b, 0x1f, 0xeb]),
    (65906, [0xd5, 0x35, 0x9f, 0x39, 0xe3, 0x06, 0xc1, 0x09, 0xfc, 0x06, 0x97, 0x30, 0x47, 0xb6, 0x53, 0x70]),
    (65907, [0xc8, 0x00, 0x21, 0x20, 0x78, 0x3d, 0x6c, 0x0f, 0x19, 0xbc, 0xda, 0xc7, 0x51, 0x7c, 0x6d, 0x11]),
    (65921, [0xab, 0x03, 0x3a, 0xc2, 0x83, 0xac, 0xf8, 0xe8, 0x4f, 0x40, 0x78, 0x20, 0xf7, 0x28, 0x12, 0x1b]),
    (65922, [0xad, 0xf1, 0xfe, 0x93, 0xae, 0x3c, 0xfe, 0xd5, 0x0a, 0x0f, 0x74, 0xbb, 0xe6, 0xa5, 0x4e, 0x3e]),
    (65959, [0xb3, 0x87, 0x43, 0xcd, 0x55, 0x4b, 0xef, 0xa2, 0x94, 0x7f, 0x67, 0xa8, 0xff, 0xe0, 0x18, 0xce]),
    (67001, [0xf3, 0x1c, 0xac, 0xa3, 0x70, 0x9d, 0xc5, 0x3e, 0x33, 0x31, 0x70, 0xc5, 0xd1, 0xf0, 0x54, 0x3a]),
    (67002, [0x33, 0x0e, 0xe6, 0xc1, 0xdd, 0x04, 0x0a, 0x72, 0x93, 0x26, 0x67, 0xc4, 0xb5, 0x78, 0xbe, 0x3f]),
    (67011, [0x9e, 0x2d, 0x4c, 0x7c, 0x0f, 0xb1, 0xa6, 0x02, 0xa1, 0x3f, 0xbf, 0xcc, 0xe4, 0xb8, 0xc9, 0x8e]),
    (67201, [0x41, 0x99, 0x06, 0x2d, 0xd7, 0x85, 0xc8, 0xab, 0x8e, 0xbe, 0x62, 0x43, 0x8c, 0x5f, 0xce, 0xfb]),
    (67202, [0xbb, 0x68, 0x93, 0x99, 0x8c, 0xb8, 0x9a, 0xce, 0x6b, 0x9a, 0x29, 0xa6, 0x80, 0xfe, 0xb6, 0x41]),
    (67203, [0x73, 0x56, 0x93, 0xc5, 0x92, 0x38, 0x69, 0x49, 0x27, 0x61, 0xe5, 0x13, 0xeb, 0x35, 0x08, 0xb5]),
    (67204, [0x7e, 0x20, 0xa1, 0xf5, 0x45, 0x25, 0x23, 0xc3, 0x1b, 0x7f, 0x8e, 0x22, 0x12, 0xe5, 0x75, 0x93]),
    (67205, [0x4f, 0x85, 0x4d, 0x90, 0x5f, 0x38, 0x37, 0xff, 0xcd, 0x8f, 0x91, 0xea, 0xca, 0x1d, 0x8e, 0x5e]),
    (67206, [0x3e, 0x71, 0x83, 0x85, 0xb8, 0x93, 0xc3, 0x9a, 0x71, 0x55, 0xa0, 0x77, 0x7f, 0x8c, 0x42, 0x61]),
    (67207, [0xff, 0xe8, 0x2a, 0xdb, 0x74, 0x33, 0x22, 0xa7, 0x7f, 0xcb, 0x2c, 0xd6, 0x60, 0x00, 0x04, 0x6e]),
    (67208, [0xbd, 0xac, 0xb7, 0x5f, 0xfc, 0x40, 0x48, 0x3f, 0x07, 0xe9, 0x67, 0xea, 0x8d, 0x34, 0x3c, 0xa2]),
    (67209, [0x18, 0xd5, 0x13, 0x75, 0xb0, 0x59, 0x5d, 0x5a, 0x5b, 0xab, 0xb5, 0x54, 0x37, 0x6b, 0x40, 0x5e]),
    (67210, [0x9b, 0x5a, 0x1d, 0xaa, 0xc6, 0x9c, 0xde, 0x50, 0x5b, 0x32, 0xf8, 0xba, 0xaa, 0x2e, 0x2b, 0x7e]),
    (67231, [0xd1, 0x7c, 0x1e, 0x4c, 0xfd, 0xc5, 0xc2, 0x42, 0xa6, 0x45, 0x18, 0x9c, 0x43, 0xa6, 0x83, 0xab]),
    (67241, [0xcf, 0xc2, 0xff, 0xe5, 0x7a, 0xbc, 0x2b, 0x54, 0xd8, 0x57, 0x3a, 0x57, 0xd1, 0x7b, 0xce, 0x26]),
    (67242, [0xc5, 0x14, 0x1c, 0xac, 0xe9, 0x77, 0x43, 0x22, 0x6e, 0xe7, 0xda, 0xd5, 0x14, 0x68, 0xb0, 0x22]),
    (67243, [0xf7, 0xdd, 0xc0, 0xc9, 0xb5, 0x1f, 0x5d, 0x02, 0xf5, 0x00, 0x3f, 0xc1, 0xd9, 0x8b, 0x45, 0x19]),
    (67244, [0xc6, 0x67, 0x9a, 0x77, 0x4e, 0xfd, 0x2b, 0x21, 0x23, 0xb3, 0x24, 0x2b, 0xdb, 0x0a, 0x4f, 0x44]),
    (67245, [0x24, 0x9e, 0x17, 0xaf, 0x77, 0x4f, 0xca, 0x97, 0x07, 0x29, 0xcd, 0xb2, 0x46, 0x98, 0xe0, 0x3c]),
    (67246, [0xf9, 0x27, 0x6e, 0x19, 0x2b, 0xe5, 0x31, 0xf6, 0xd5, 0x3b, 0x30, 0x3c, 0x1e, 0x87, 0xd5, 0xaf]),
    (67247, [0xf9, 0x10, 0xcb, 0x26, 0x46, 0x09, 0x42, 0xcb, 0x3d, 0x56, 0x06, 0xb1, 0xbc, 0x77, 0x25, 0xcc]),
    (67248, [0x4e, 0xa2, 0xa5, 0x01, 0x1b, 0x5d, 0xae, 0x29, 0x5b, 0xeb, 0x9f, 0x26, 0x78, 0x5b, 0x00, 0x2b]),
    (67249, [0x48, 0x81, 0x94, 0xcc, 0x45, 0xcd, 0x9f, 0xe7, 0x40, 0x3d, 0xdb, 0x4b, 0x56, 0xcc, 0x8a, 0x83]),
    (67301, [0xb8, 0xcb, 0x0f, 0x33, 0xcf, 0x4d, 0x5f, 0x41, 0xa9, 0x71, 0x51, 0xed, 0x8b, 0x20, 0xab, 0x91]),
    (67302, [0x41, 0x16, 0x63, 0x57, 0x39, 0x01, 0x5c, 0x3f, 0x0a, 0x51, 0x9c, 0xaa, 0x09, 0x53, 0xa2, 0x61]),
    (67303, [0x1b, 0x48, 0xb3, 0x18, 0x02, 0x89, 0x5a, 0xbc, 0xf0, 0xb9, 0x28, 0xd5, 0xe4, 0x68, 0x36, 0xa9]),
    (67304, [0x74, 0xc6, 0xd9, 0x1f, 0x15, 0x25, 0xef, 0x0a, 0x57, 0x09, 0xff, 0xe6, 0x85, 0x47, 0x0c, 0x9f]),
    (67305, [0x87, 0x21, 0x5b, 0x4c, 0xe5, 0x31, 0xc8, 0x27, 0x06, 0xaf, 0x7c, 0x43, 0x39, 0xda, 0x14, 0xd7]),
    (67306, [0xdc, 0x2f, 0x6e, 0xb6, 0x8c, 0x96, 0xf4, 0x8a, 0xf2, 0x44, 0x97, 0x62, 0xec, 0xbc, 0x9a, 0x32]),
    (67307, [0x3c, 0x29, 0x52, 0xf9, 0x3f, 0x09, 0xe6, 0xd1, 0xff, 0x41, 0xab, 0x6a, 0xaf, 0x4a, 0x9c, 0x0c]),
    (67308, [0x32, 0x19, 0x3b, 0xdf, 0x13, 0x25, 0x83, 0xf5, 0x30, 0xec, 0xad, 0xac, 0x57, 0x88, 0x36, 0x8a]),
    (67309, [0xbc, 0xa6, 0xff, 0x8f, 0x78, 0xcd, 0xaf, 0x48, 0xfb, 0x51, 0x93, 0x03, 0x3b, 0x83, 0x91, 0x20]),
    (67310, [0xef, 0x17, 0xc0, 0x7e, 0xea, 0x39, 0xc2, 0xa6, 0x98, 0x8b, 0x7a, 0x9c, 0x74, 0x8d, 0x4f, 0xdc]),
    (67311, [0x97, 0x84, 0xa2, 0x76, 0xc2, 0x3c, 0x43, 0xee, 0xf0, 0xeb, 0x4f, 0x57, 0xf4, 0xb7, 0xd9, 0xc8]),
    (67312, [0xf2, 0x9a, 0x2b, 0x56, 0x83, 0x24, 0x68, 0xe3, 0xed, 0x33, 0x18, 0x69, 0x10, 0xc2, 0x81, 0x24]),
    (67313, [0xf0, 0x34, 0x73, 0x7e, 0xb2, 0x27, 0x5a, 0x08, 0x48, 0xf9, 0xd2, 0x09, 0x75, 0x3c, 0x35, 0x18]),
    (67371, [0x25, 0x03, 0x39, 0xd1, 0x29, 0x08, 0x69, 0x48, 0xe3, 0x96, 0x7a, 0xd0, 0x43, 0xf7, 0xec, 0xb3]),
    (67372, [0x13, 0xfe, 0x9a, 0x9f, 0x05, 0x61, 0x46, 0x9c, 0x04, 0x4e, 0xef, 0x27, 0xd0, 0x12, 0x1f, 0x16]),
    (67373, [0x44, 0x5d, 0x5c, 0x69, 0x52, 0x50, 0x16, 0xf4, 0x33, 0x5d, 0x9a, 0xb3, 0xaa, 0x2c, 0xbc, 0x18]),
    (67374, [0xf0, 0x3e, 0xf7, 0xe9, 0x64, 0xb0, 0xaf, 0xcd, 0xbf, 0x2b, 0x38, 0xaf, 0x3d, 0x7b, 0x60, 0x84]),
    (67375, [0x23, 0x68, 0x79, 0x34, 0x3b, 0x40, 0x27, 0x72, 0x7a, 0x5f, 0x82, 0xeb, 0x1b, 0x0f, 0xa1, 0x9e]),
    (67376, [0xcd, 0x9e, 0x74, 0xec, 0x51, 0xe3, 0x36, 0x0c, 0x1f, 0x41, 0xcc, 0x2b, 0xc9, 0x16, 0xe4, 0x22]),
    (67377, [0x93, 0xce, 0x93, 0x28, 0xa7, 0xa0, 0x72, 0xe8, 0x71, 0x60, 0xf6, 0xe5, 0xbc, 0x0f, 0xaa, 0xf8]),
    (67378, [0xb7, 0x8b, 0x25, 0xd2, 0x67, 0x91, 0xe7, 0x72, 0x22, 0x79, 0x15, 0x85, 0x18, 0xbd, 0xa5, 0xea]),
    (67380, [0x70, 0xaf, 0x74, 0xb3, 0x19, 0x94, 0x9e, 0xe9, 0x36, 0xed, 0xfe, 0x69, 0xbd, 0x33, 0xab, 0x9f]),
    (67381, [0x9e, 0xd2, 0xd4, 0x6d, 0xe1, 0xf8, 0x66, 0x39, 0x77, 0x63, 0xf1, 0xbf, 0xed, 0x09, 0x88, 0x1b]),
    (67382, [0x45, 0xcb, 0x7e, 0x20, 0xe1, 0xde, 0x34, 0x05, 0x5d, 0xe6, 0xf4, 0xe3, 0x59, 0x57, 0xaf, 0x8f]),
    (67383, [0xb4, 0x86, 0x5a, 0x4f, 0xfd, 0x9d, 0x2c, 0x61, 0x58, 0xc7, 0x90, 0x28, 0xe0, 0xb9, 0x92, 0x86]),
    (67384, [0x73, 0xec, 0x93, 0xc6, 0x14, 0xf8, 0xc8, 0xe3, 0xe4, 0x20, 0xd3, 0x75, 0x67, 0xd6, 0xb2, 0x1c]),
    (67385, [0x61, 0x04, 0x49, 0x97, 0x97, 0x2f, 0x79, 0x0a, 0xeb, 0xe2, 0x16, 0x04, 0x08, 0x81, 0xea, 0xda]),
    (67391, [0xae, 0x06, 0xc0, 0x77, 0x97, 0xe3, 0x5b, 0xc5, 0x16, 0xdb, 0x8d, 0x95, 0xf1, 0x07, 0xd9, 0xb3]),
    (67681, [0x77, 0xf2, 0x8b, 0x50, 0x2d, 0x98, 0x89, 0xfb, 0xea, 0xe1, 0x2b, 0x31, 0x42, 0xf9, 0xc9, 0x79]),
    (70121, [0x53, 0xc6, 0x1e, 0x5b, 0x5f, 0xdb, 0xdf, 0x6f, 0x01, 0x26, 0xa1, 0xcf, 0xe5, 0x61, 0x8d, 0x43]),
    (70122, [0xa4, 0x34, 0x30, 0x35, 0x05, 0x12, 0xc2, 0x65, 0xa8, 0x8c, 0xf6, 0x42, 0x66, 0xfc, 0x09, 0x5a]),
    (70401, [0x10, 0xcb, 0xd3, 0xad, 0x67, 0x33, 0x1d, 0xfc, 0x23, 0x6e, 0x8c, 0x49, 0x8e, 0x7c, 0x50, 0x29]),
    (70411, [0xbf, 0x2d, 0xf0, 0x9a, 0xa9, 0xf1, 0xad, 0x6d, 0xb1, 0x66, 0xef, 0xf7, 0x27, 0x6f, 0xdc, 0xb0]),
    (70501, [0xd3, 0xcd, 0x34, 0x7d, 0xc7, 0xdc, 0x46, 0xf7, 0xc2, 0x99, 0x6e, 0x5d, 0x8d, 0xa1, 0x1b, 0x1c]),
    (70502, [0x6d, 0xc9, 0x06, 0xd6, 0xfc, 0x62, 0xa5, 0x10, 0xaa, 0x20, 0xca, 0x6d, 0xd0, 0xac, 0x75, 0x6b]),
    (70511, [0x4f, 0x4d, 0xa7, 0xe8, 0xc0, 0x1b, 0xae, 0x47, 0xf1, 0xc0, 0x05, 0x0c, 0xc3, 0xcc, 0xf6, 0xc5]),
    (70512, [0x28, 0xaa, 0x29, 0x2e, 0xd8, 0x56, 0xd0, 0x7e, 0x51, 0x40, 0xc2, 0xa4, 0x78, 0x13, 0x1e, 0x36]),
    (70601, [0xf0, 0x8d, 0x1d, 0x19, 0xf9, 0x73, 0xac, 0x9a, 0x90, 0x1e, 0x33, 0x0e, 0xb9, 0x49, 0x88, 0xe0]),
    (70603, [0x88, 0x64, 0x81, 0x3b, 0x2b, 0xbd, 0xe8, 0xdb, 0xc5, 0xde, 0xc1, 0x3d, 0x6d, 0x76, 0x80, 0x55]),
    (70604, [0xd5, 0x9e, 0x29, 0x04, 0x2d, 0x73, 0xcc, 0xa6, 0x2d, 0x28, 0xbc, 0xf7, 0x5f, 0x8e, 0x32, 0xf7]),
    (70605, [0xfc, 0xf8, 0xe1, 0x81, 0xa9, 0x84, 0x6d, 0xc9, 0x5b, 0x91, 0x87, 0x96, 0xac, 0xb6, 0xad, 0x67]),
    (70606, [0x27, 0x10, 0xa2, 0xc9, 0xa0, 0xa4, 0x75, 0xb8, 0x95, 0x3c, 0x7a, 0x95, 0xb1, 0x1a, 0x70, 0x96]),
    (70607, [0xcb, 0x83, 0x44, 0x59, 0x7a, 0x62, 0x3d, 0x75, 0x4e, 0x1b, 0xf4, 0xe0, 0xeb, 0x3f, 0x12, 0x36]),
    (70608, [0x73, 0x9a, 0xb9, 0x55, 0xe9, 0x8e, 0x09, 0xae, 0x45, 0x35, 0x91, 0xc0, 0xfa, 0x7d, 0x0f, 0x3c]),
    (70609, [0x2f, 0xc4, 0xba, 0xaa, 0x3c, 0x87, 0xd6, 0x89, 0x89, 0xd3, 0xe7, 0x71, 0x18, 0x61, 0x76, 0x6c]),
    (70610, [0xfc, 0x81, 0xd4, 0x6c, 0x3c, 0xf0, 0x0a, 0x8c, 0xd1, 0xca, 0x7c, 0xd1, 0x83, 0x42, 0x93, 0x40]),
    (70611, [0x56, 0x35, 0x63, 0xad, 0x01, 0x1e, 0x7e, 0x7b, 0xc1, 0xf7, 0x6e, 0x44, 0x4f, 0xae, 0x57, 0xf4]),
    (70621, [0x00, 0xd8, 0xdd, 0xdf, 0x2b, 0x19, 0xcf, 0xc9, 0xd9, 0xfa, 0x0e, 0x50, 0x34, 0xc6, 0x6f, 0xc0]),
    (70622, [0xbc, 0x02, 0xaa, 0xe4, 0xb8, 0x1d, 0x9a, 0x97, 0x8d, 0x39, 0x68, 0xa5, 0x90, 0xe3, 0x75, 0xea]),
    (70641, [0x46, 0xd4, 0x71, 0xb8, 0x29, 0x09, 0x74, 0xc3, 0x29, 0x51, 0xf9, 0xc5, 0x04, 0x26, 0x92, 0xa0]),
    (70651, [0xbf, 0x48, 0x80, 0xc7, 0x5a, 0xc1, 0x84, 0x14, 0x02, 0xc6, 0x62, 0xe3, 0xf0, 0x19, 0x11, 0xed]),
    (70661, [0x78, 0x5e, 0x41, 0x1a, 0x16, 0xb9, 0xa0, 0x88, 0xc6, 0xe9, 0x03, 0xd2, 0xcd, 0x8e, 0x5d, 0x06]),
    (71001, [0x5c, 0x89, 0x00, 0x1c, 0x62, 0x62, 0xd6, 0x81, 0x9c, 0xe0, 0x66, 0x8a, 0x60, 0xc7, 0xf2, 0xaa]),
    (71101, [0x3e, 0x17, 0x3a, 0x1d, 0xde, 0xbc, 0xd7, 0xfc, 0x22, 0xec, 0xf4, 0xd4, 0x5f, 0x4d, 0x0c, 0xda]),
    (71102, [0x29, 0x8c, 0x6b, 0x8c, 0x9a, 0xf5, 0x96, 0x65, 0x0c, 0x9d, 0x13, 0x4d, 0xcc, 0x66, 0x83, 0xef]),
    (71131, [0x45, 0xfa, 0xbc, 0x9d, 0xde, 0x35, 0x57, 0x67, 0xc9, 0x4e, 0x60, 0xc6, 0xee, 0x3b, 0x61, 0x8e]),
    (71141, [0xcd, 0x0b, 0x37, 0xeb, 0xe0, 0xe7, 0xab, 0x72, 0x6c, 0xdc, 0xee, 0x39, 0x92, 0x1e, 0x9c, 0x60]),
    (71142, [0x12, 0x37, 0x59, 0x8d, 0xca, 0xdf, 0x86, 0x76, 0x2b, 0xa3, 0x9b, 0x74, 0xd3, 0x09, 0x88, 0xfd]),
    (71143, [0xa3, 0x84, 0x59, 0xec, 0x80, 0xd8, 0x0d, 0x6e, 0x48, 0x56, 0x49, 0xbc, 0x3f, 0x89, 0x81, 0xfa]),
    (71144, [0x88, 0x22, 0x95, 0x0a, 0xaf, 0x52, 0xd2, 0x5f, 0x4e, 0x24, 0xc4, 0xf6, 0x7a, 0x22, 0x07, 0x01]),
    (71181, [0x0d, 0x04, 0xae, 0x6e, 0xfc, 0x01, 0x8c, 0xe7, 0x4d, 0xea, 0x4e, 0x31, 0xb0, 0x7f, 0xe8, 0xe0]),
    (71182, [0x4b, 0xb2, 0x3a, 0x09, 0x8e, 0xfa, 0x3c, 0x25, 0x6a, 0x5b, 0x0f, 0x64, 0xcd, 0xb8, 0x8c, 0x4a]),
    (71183, [0xf6, 0x64, 0x80, 0x19, 0xce, 0x58, 0x36, 0x38, 0x2e, 0x42, 0x9a, 0xd4, 0x13, 0xe0, 0xe4, 0xef]),
    (71184, [0x53, 0x29, 0x2b, 0xdf, 0x27, 0xbd, 0x08, 0xcc, 0x9f, 0x08, 0x8e, 0xe2, 0x42, 0x61, 0x75, 0x59]),
    (71185, [0x14, 0x9a, 0x9a, 0x0a, 0xcf, 0x4b, 0xe4, 0xc9, 0xba, 0xaa, 0x80, 0x24, 0xde, 0x90, 0x1e, 0xb8]),
    (71186, [0x47, 0x8f, 0x50, 0xd6, 0x15, 0x0d, 0x3a, 0xe4, 0x61, 0x1f, 0xc1, 0x0e, 0x37, 0x49, 0xe1, 0x2e]),
    (71187, [0x5f, 0x24, 0xf3, 0xa6, 0x8a, 0x0e, 0x10, 0x38, 0xba, 0x03, 0x29, 0xb6, 0x2e, 0x6d, 0xc5, 0x99]),
    (71188, [0x2e, 0xf4, 0x0f, 0xeb, 0x79, 0x15, 0x30, 0xa5, 0xd6, 0xf5, 0xae, 0x3d, 0x65, 0xdb, 0x72, 0x57]),
    (71189, [0x1e, 0xc2, 0x67, 0xc8, 0xa3, 0x35, 0xe4, 0x91, 0x99, 0xd6, 0xc1, 0x48, 0xdc, 0x8a, 0x0e, 0x75]),
    (71190, [0x89, 0xe4, 0x9b, 0x4c, 0x55, 0x5c, 0x63, 0x8c, 0x93, 0xc7, 0x5e, 0x92, 0xa6, 0xf7, 0xa1, 0xe6]),
    (71191, [0xe3, 0x2b, 0x50, 0x8a, 0xba, 0xb5, 0xc9, 0xe9, 0x67, 0x65, 0x7d, 0x40, 0xaa, 0x7f, 0xe2, 0x49]),
    (71192, [0x7a, 0xd5, 0x77, 0xa3, 0xb6, 0x4b, 0x4b, 0x6a, 0xf3, 0x17, 0x7a, 0x67, 0x8f, 0x59, 0x80, 0x09]),
    (71201, [0xf1, 0x88, 0x57, 0x73, 0x6b, 0x2e, 0x10, 0x6f, 0xcf, 0x66, 0x1b, 0x9a, 0x24, 0x8e, 0x26, 0xc8]),
    (71211, [0xf4, 0x35, 0xac, 0x70, 0x83, 0xc2, 0x82, 0x22, 0x1c, 0xfb, 0x4c, 0xf3, 0xdc, 0xa5, 0x69, 0xdc]),
    (71212, [0x86, 0x63, 0x97, 0xaa, 0x90, 0x70, 0x48, 0xd4, 0x08, 0x4e, 0x00, 0x87, 0xb1, 0xfd, 0x50, 0x9a]),
    (71213, [0xac, 0xe3, 0x87, 0x78, 0xe9, 0x26, 0x6b, 0x55, 0xec, 0xc0, 0xac, 0x50, 0x69, 0x5e, 0x8e, 0xeb]),
    (71214, [0x0d, 0x61, 0x30, 0xb9, 0x63, 0xaa, 0x8e, 0x0c, 0x8f, 0x9c, 0xdf, 0x68, 0x57, 0x12, 0x30, 0x6e]),
    (71271, [0x50, 0xd6, 0x14, 0x53, 0xda, 0x98, 0xac, 0xe7, 0x08, 0x61, 0x39, 0xff, 0xb0, 0x05, 0xe4, 0x5c]),
    (71272, [0xd2, 0xab, 0x69, 0xce, 0x05, 0xa8, 0xe9, 0x42, 0x8f, 0x2b, 0xcb, 0x6a, 0x2f, 0xf2, 0x8b, 0x3d]),
    (71273, [0x20, 0x21, 0xe5, 0xaa, 0x8c, 0x22, 0x2a, 0x06, 0x83, 0x1c, 0xf9, 0x18, 0x7e, 0x03, 0xf0, 0x6f]),
    (71281, [0xe7, 0xe8, 0xf8, 0xf3, 0xd2, 0x49, 0xb8, 0xd1, 0x91, 0xec, 0x60, 0x7a, 0x94, 0x8b, 0x2f, 0x21]),
    (71282, [0x49, 0xfe, 0x4a, 0xca, 0xaf, 0x90, 0x8f, 0x02, 0x3b, 0x1b, 0x98, 0x09, 0xdf, 0x67, 0x4d, 0x89]),
    (71291, [0x3d, 0x3c, 0xfd, 0x6a, 0xcd, 0x56, 0xf7, 0xa6, 0x9b, 0x3a, 0xd8, 0x33, 0xfa, 0xbf, 0x2c, 0x24]),
    (71301, [0x74, 0x21, 0x86, 0x6a, 0x5e, 0x7b, 0x1b, 0x23, 0x24, 0x6b, 0xd3, 0xef, 0x34, 0xbe, 0xef, 0xee]),
    (71302, [0x21, 0xdf, 0x61, 0x67, 0xc0, 0x8c, 0x76, 0x97, 0x7b, 0x8a, 0x8a, 0xf7, 0xc4, 0x61, 0x97, 0x7d]),
    (71311, [0xce, 0x11, 0x13, 0xc6, 0xb7, 0xc7, 0xf7, 0xcd, 0x55, 0x15, 0x5c, 0xa5, 0x64, 0x12, 0x61, 0x6b]),
    (71312, [0xc0, 0x32, 0x2a, 0x83, 0x2b, 0xee, 0x24, 0x2a, 0xcc, 0x1c, 0xa1, 0xf3, 0xc0, 0x6c, 0xbc, 0xc7]),
    (71321, [0xe9, 0x67, 0xbc, 0xf7, 0xed, 0xf5, 0x2e, 0xed, 0x94, 0x4d, 0xe4, 0x0a, 0xb3, 0x3d, 0xf4, 0x62]),
    (71322, [0x1b, 0xd8, 0x75, 0x68, 0x82, 0xbe, 0xfe, 0xce, 0xc6, 0xe7, 0x95, 0xa0, 0x19, 0x84, 0xc8, 0x5b]),
    (71341, [0xf5, 0x62, 0x81, 0xce, 0x6c, 0x84, 0x74, 0x0e, 0xd7, 0x20, 0xcc, 0xb1, 0x50, 0xa0, 0x32, 0xaa]),
    (71391, [0x01, 0xd6, 0x0a, 0x3d, 0x38, 0xfa, 0xdd, 0x89, 0x7a, 0x6b, 0x3b, 0x42, 0x83, 0x26, 0xed, 0xf9]),
    (71401, [0x2d, 0xd4, 0x39, 0xf5, 0x37, 0x4e, 0x40, 0xaa, 0x23, 0x05, 0xbf, 0x84, 0x8e, 0x9c, 0x14, 0xce]),
    (71411, [0x5e, 0x22, 0x6f, 0x5d, 0x16, 0xcd, 0xaf, 0xf1, 0x04, 0xbd, 0x40, 0x1d, 0x90, 0xa9, 0x35, 0x69]),
    (71421, [0x6e, 0xc1, 0x9b, 0x08, 0x39, 0x49, 0xb9, 0xef, 0x41, 0xa8, 0x23, 0x97, 0x39, 0x44, 0x97, 0x68]),
    (72301, [0x3a, 0x3c, 0x89, 0xf2, 0xb8, 0x8a, 0x36, 0x69, 0x5b, 0x64, 0x03, 0xbe, 0x57, 0x07, 0xe2, 0xa3]),
    (72311, [0x3f, 0xdb, 0x61, 0x52, 0xb2, 0xee, 0x4a, 0xa6, 0x0e, 0xda, 0x60, 0x82, 0xa0, 0x3f, 0xa9, 0x20]),
    (72501, [0x98, 0x6e, 0x27, 0xa9, 0x1e, 0xa4, 0x65, 0x33, 0xc5, 0xc8, 0xfb, 0x5b, 0x37, 0x99, 0x33, 0xa1]),
    (72502, [0x9e, 0x3c, 0x90, 0x8d, 0x0e, 0x43, 0xf0, 0x93, 0x42, 0x3c, 0xb1, 0x01, 0x34, 0xef, 0x5b, 0xf5]),
    (72511, [0xf2, 0x03, 0x48, 0x4e, 0x35, 0x0c, 0x3e, 0x60, 0xdc, 0x32, 0x97, 0xf4, 0x7f, 0xd9, 0x4b, 0xbb]),
    (72521, [0xff, 0x45, 0x27, 0xcd, 0x8e, 0x43, 0xa1, 0x83, 0x39, 0x69, 0x5d, 0x5e, 0xc2, 0x2f, 0x5b, 0x10]),
    (72531, [0x91, 0x15, 0x23, 0x49, 0x8d, 0x46, 0x69, 0xad, 0x65, 0x74, 0x7c, 0x82, 0x09, 0x47, 0xb0, 0xe8]),
    (72532, [0x05, 0x50, 0x6b, 0xca, 0xe4, 0x92, 0xc1, 0xcb, 0xaa, 0x2b, 0x71, 0x3c, 0xcc, 0x48, 0x82, 0x7b]),
    (72533, [0x4e, 0x34, 0xc5, 0x40, 0xa5, 0x71, 0xbe, 0xab, 0x36, 0x4c, 0x1d, 0xf9, 0xf4, 0x52, 0x01, 0x7f]),
    (72701, [0x6c, 0x7a, 0xd6, 0xa9, 0x16, 0x16, 0xb3, 0x4c, 0x61, 0xa5, 0x8a, 0xdb, 0x65, 0x00, 0x3b, 0xc1]),
    (72702, [0x33, 0x53, 0x96, 0x10, 0xbd, 0x3f, 0xe2, 0xd4, 0xd9, 0x68, 0xa2, 0x4f, 0xc3, 0xc5, 0x6a, 0xae]),
    (72703, [0x77, 0xae, 0xc0, 0x0b, 0xee, 0x3a, 0xc4, 0x5a, 0x78, 0xed, 0x90, 0x80, 0xeb, 0xd1, 0x46, 0x8f]),
    (72704, [0x58, 0x72, 0x56, 0xe8, 0x2d, 0xf9, 0x93, 0x78, 0x61, 0xee, 0xf2, 0xca, 0x7d, 0x0f, 0xda, 0x28]),
    (72705, [0xc4, 0x89, 0x45, 0xcb, 0x71, 0x44, 0xad, 0xa9, 0x27, 0x7c, 0x8e, 0x88, 0x14, 0x37, 0xe5, 0xd5]),
    (72706, [0xf0, 0x57, 0x5c, 0x74, 0x96, 0x1d, 0xca, 0xc1, 0xe6, 0xb4, 0x67, 0x86, 0x89, 0xa0, 0xc7, 0xb0]),
    (72707, [0xd4, 0xca, 0x74, 0x7d, 0x20, 0x24, 0x7f, 0x47, 0xea, 0x59, 0x4d, 0x1e, 0xed, 0xc1, 0xa4, 0xd4]),
    (72708, [0x59, 0xf0, 0x5b, 0x08, 0x7a, 0x77, 0xb5, 0x76, 0x65, 0xa5, 0xd9, 0x6c, 0x1c, 0x8b, 0x69, 0xd7]),
    (72709, [0x4b, 0x5c, 0x4f, 0x33, 0x5b, 0xac, 0xda, 0x00, 0x17, 0x2d, 0x98, 0xae, 0xe2, 0x9d, 0x9a, 0xdd]),
    (72710, [0x6b, 0xa2, 0x5a, 0x52, 0xe3, 0x33, 0x25, 0xeb, 0xdb, 0x95, 0xa9, 0x05, 0x5c, 0xe8, 0xc6, 0xed]),
    (72711, [0xd2, 0x0b, 0x91, 0xef, 0x5f, 0xcb, 0xa7, 0xac, 0x93, 0x04, 0xb2, 0xcb, 0x14, 0xca, 0xde, 0x9e]),
    (72712, [0xd7, 0x5f, 0x64, 0x19, 0xeb, 0xc0, 0x7d, 0xe7, 0x85, 0x38, 0x99, 0x65, 0xf7, 0x7a, 0xcf, 0xde]),
    (72713, [0x1c, 0x09, 0x67, 0x2c, 0x1f, 0x4f, 0x41, 0x8e, 0x1b, 0x67, 0xac, 0x73, 0xe0, 0xe6, 0xc9, 0x6d]),
    (72714, [0x70, 0x0e, 0xb0, 0x5e, 0x89, 0x2e, 0xde, 0xb8, 0x95, 0x90, 0x3e, 0x39, 0xdc, 0xf9, 0xa9, 0x76]),
    (72715, [0x37, 0x75, 0x92, 0x15, 0x56, 0xdc, 0xbb, 0xc8, 0x8e, 0x85, 0xe6, 0x0d, 0x46, 0x6c, 0x59, 0xbd]),
    (72716, [0x60, 0x17, 0xc4, 0xd8, 0x94, 0x42, 0xf2, 0x5f, 0x0e, 0x1f, 0x18, 0x73, 0x5e, 0x5c, 0xb9, 0xba]),
    (72721, [0xff, 0xd7, 0xe7, 0x18, 0xb2, 0x4d, 0xed, 0x9c, 0x91, 0xa7, 0x16, 0x1e, 0xf7, 0x6e, 0x2a, 0xeb]),
    (72722, [0x94, 0xae, 0x0b, 0xa7, 0x22, 0x1e, 0xb1, 0xfb, 0xe5, 0x35, 0x26, 0xf7, 0x3b, 0x9a, 0xcc, 0xe2]),
    (72723, [0xcb, 0xeb, 0xf4, 0x7e, 0x25, 0x0b, 0x3a, 0xb2, 0x05, 0x14, 0xff, 0x71, 0x89, 0x5a, 0xb2, 0x4e]),
    (72724, [0x22, 0x15, 0xc7, 0xc3, 0x2d, 0xde, 0x46, 0xea, 0x09, 0xda, 0xe3, 0xbc, 0xa4, 0xaf, 0xdb, 0xf4]),
    (72731, [0x01, 0x0d, 0xc8, 0x68, 0x1c, 0x0c, 0x2a, 0x51, 0xfc, 0xd7, 0x98, 0xb7, 0xc1, 0xbb, 0x4f, 0x69]),
    (72732, [0x24, 0x79, 0xc0, 0x46, 0x57, 0x86, 0x41, 0x26, 0xfb, 0xec, 0xb9, 0x0b, 0xb3, 0x04, 0x24, 0xa6]),
    (72733, [0xec, 0xb5, 0xd8, 0x9e, 0xfb, 0x78, 0xfc, 0x29, 0x71, 0x9b, 0x74, 0xfe, 0x60, 0xfc, 0x08, 0x85]),
    (72734, [0xf0, 0xb8, 0x08, 0x92, 0x82, 0x4a, 0xd9, 0x7b, 0x46, 0x8f, 0x22, 0xb8, 0xce, 0xa0, 0x04, 0x2f]),
    (72735, [0x9b, 0xe5, 0x12, 0x9e, 0x78, 0x97, 0x9d, 0x27, 0xe3, 0xce, 0xc8, 0x09, 0xa3, 0x87, 0x14, 0x95]),
    (72736, [0x39, 0xea, 0xd7, 0xe7, 0x66, 0xfc, 0x9a, 0x2a, 0x07, 0xf3, 0x86, 0x1e, 0x46, 0xc5, 0x85, 0x06]),
    (72740, [0x4d, 0x87, 0x3d, 0xfa, 0x20, 0xf6, 0x4f, 0xef, 0xba, 0x29, 0x4e, 0x00, 0xd3, 0x84, 0x84, 0xcd]),
    (72742, [0xfd, 0xed, 0x04, 0x4b, 0xfc, 0xd3, 0xbe, 0xa4, 0x93, 0xd0, 0x1c, 0x87, 0x4c, 0x6c, 0xa0, 0x26]),
    (72743, [0x8a, 0x51, 0x3b, 0x72, 0x15, 0xa7, 0x98, 0xb4, 0x19, 0x32, 0x30, 0x57, 0xfd, 0xe6, 0xd8, 0x0b]),
    (72744, [0x59, 0xf4, 0x02, 0xe7, 0xbe, 0x51, 0x93, 0xbe, 0xf4, 0x2f, 0x5a, 0x74, 0x70, 0x9e, 0x2c, 0xe2]),
    (72745, [0x1f, 0x0f, 0x23, 0x0d, 0x68, 0x15, 0x3c, 0x77, 0x59, 0x5a, 0x98, 0xc6, 0x52, 0xc0, 0x95, 0x68]),
    (72746, [0x72, 0xa9, 0xe0, 0xe9, 0xeb, 0x6b, 0xa3, 0xa7, 0x45, 0x4a, 0x2c, 0xd3, 0xd3, 0x15, 0x57, 0x23]),
    (72750, [0x9f, 0x13, 0xb8, 0x26, 0xac, 0xb2, 0xcc, 0x91, 0xd5, 0xa9, 0x5b, 0x69, 0x18, 0x30, 0xbf, 0x8b]),
    (72751, [0x05, 0xb9, 0xf9, 0x13, 0x5b, 0xda, 0xa3, 0x56, 0xbb, 0x4b, 0x29, 0x02, 0xb5, 0xd4, 0x04, 0x6d]),
    (72752, [0x77, 0x02, 0xc7, 0x1c, 0xbe, 0x92, 0xde, 0x3c, 0xd1, 0x8e, 0xef, 0x02, 0x74, 0x38, 0x7e, 0x37]),
    (72753, [0xc4, 0x84, 0xef, 0x8e, 0x5e, 0x63, 0x5c, 0x24, 0x50, 0xa3, 0x63, 0x52, 0x34, 0xe5, 0xd9, 0x7e]),
    (72754, [0xce, 0xed, 0x7a, 0x99, 0x3e, 0x71, 0x43, 0xb3, 0xc5, 0x5c, 0x18, 0x3c, 0xc3, 0xc4, 0xb1, 0xdc]),
    (72755, [0x76, 0x6f, 0xf1, 0x9b, 0x12, 0xcf, 0xb6, 0x11, 0x9c, 0xc8, 0x75, 0x8f, 0x2f, 0x72, 0x53, 0xb1]),
    (72760, [0x6d, 0x3c, 0x94, 0x8a, 0x55, 0x4c, 0x59, 0x49, 0x34, 0x27, 0x0b, 0x8e, 0xae, 0x37, 0xca, 0x77]),
    (72761, [0x55, 0x32, 0xc1, 0xe1, 0x19, 0xb9, 0xf5, 0x1d, 0x09, 0x66, 0x7b, 0xbf, 0x61, 0x58, 0xbe, 0x6a]),
    (72762, [0xdd, 0x2e, 0x0e, 0x12, 0x48, 0x34, 0x6c, 0x29, 0xd4, 0x5b, 0x77, 0x6a, 0x4d, 0x65, 0x85, 0x5f]),
    (72763, [0xdb, 0xd0, 0x1d, 0x9e, 0x7e, 0x1f, 0xbb, 0xaf, 0x2d, 0xe8, 0x72, 0xeb, 0xbf, 0x84, 0x21, 0xc2]),
    (72764, [0x9c, 0x64, 0x19, 0x35, 0x4b, 0x51, 0xf8, 0x74, 0x5e, 0x10, 0x99, 0xb5, 0x29, 0x14, 0x51, 0x70]),
    (72765, [0x1d, 0x4c, 0x73, 0x64, 0x81, 0x38, 0xa4, 0xc6, 0x92, 0x65, 0x25, 0x0d, 0xa3, 0xb9, 0xce, 0x6b]),
    (72770, [0xd4, 0x53, 0x4f, 0x55, 0x6b, 0xc6, 0xa2, 0x21, 0x9a, 0xf1, 0x6e, 0xe0, 0xb6, 0x6f, 0x35, 0x1c]),
    (72771, [0x08, 0xa9, 0xd9, 0x86, 0x9b, 0x4a, 0x43, 0x5f, 0x82, 0x2e, 0x0d, 0xed, 0x5b, 0xcb, 0xf2, 0xaa]),
    (72772, [0xa7, 0xca, 0x6e, 0xc5, 0x4e, 0x56, 0x8c, 0x9e, 0x84, 0x0e, 0xb0, 0x21, 0x95, 0xfa, 0xea, 0x47]),
    (72773, [0x9b, 0x21, 0x6e, 0xca, 0xd6, 0xc5, 0xcc, 0x5e, 0x10, 0x4c, 0x9e, 0x95, 0x03, 0xc4, 0x61, 0x5d]),
    (72774, [0xab, 0xef, 0xb7, 0x6b, 0x71, 0x9a, 0xc7, 0xe0, 0x68, 0x24, 0xd3, 0x11, 0xb9, 0x7c, 0xcb, 0x53]),
    (72781, [0xa7, 0x8e, 0x8a, 0xab, 0xe8, 0x97, 0x29, 0x7a, 0x54, 0x14, 0x3e, 0x40, 0x4e, 0xf4, 0x71, 0xae]),
    (72782, [0x0c, 0xdf, 0xa2, 0x20, 0xab, 0x07, 0x82, 0x24, 0x12, 0x71, 0x0e, 0x28, 0x65, 0x1d, 0xa3, 0x39]),
    (72840, [0x43, 0xb4, 0x24, 0xb6, 0x16, 0x95, 0x45, 0xe3, 0x62, 0xe8, 0x94, 0x99, 0xe9, 0x51, 0xe1, 0x72]),
    (72841, [0x27, 0x46, 0x36, 0xe9, 0x65, 0x9c, 0x17, 0xac, 0x46, 0x64, 0x56, 0x7a, 0x13, 0xcc, 0x03, 0x21]),
    (72842, [0xd8, 0xa4, 0x7d, 0x16, 0xac, 0x0d, 0x5c, 0xf7, 0x80, 0xd8, 0x7c, 0xcb, 0x8f, 0x36, 0xfe, 0x69]),
    (72843, [0xa8, 0x85, 0xe8, 0x2c, 0x30, 0xe2, 0xf3, 0xed, 0x77, 0xda, 0x2a, 0x20, 0x82, 0x48, 0xb3, 0x1f]),
    (72844, [0xee, 0xdf, 0x19, 0x98, 0xf2, 0x37, 0x68, 0xf1, 0xdf, 0x91, 0xd0, 0x34, 0x70, 0x95, 0xc4, 0x3f]),
    (72845, [0xdc, 0xe0, 0x60, 0xf0, 0x5d, 0xdc, 0xa0, 0x70, 0xe8, 0xd9, 0xad, 0x4b, 0xf4, 0xf7, 0xf2, 0x48]),
    (72851, [0xa5, 0x3d, 0x04, 0x9a, 0xee, 0x7f, 0x11, 0xce, 0x98, 0x59, 0xdd, 0x40, 0x14, 0x57, 0x3b, 0x7b]),
    (72852, [0x72, 0xb2, 0x95, 0xcc, 0x4e, 0x84, 0x96, 0x13, 0x92, 0xf9, 0xba, 0x27, 0x33, 0x0e, 0xfc, 0x2c]),
    (72853, [0x24, 0x4e, 0xb3, 0x6b, 0x02, 0x17, 0x5e, 0xec, 0xc4, 0xaa, 0xee, 0x9e, 0x97, 0xed, 0xa9, 0x12]),
    (72854, [0xe3, 0x7a, 0xd7, 0x4c, 0x51, 0x02, 0x81, 0x18, 0x44, 0x14, 0x76, 0x45, 0xbc, 0xc1, 0x39, 0x06]),
    (72855, [0x8e, 0x90, 0xf4, 0x76, 0x71, 0xe6, 0x3f, 0x30, 0x2d, 0xe9, 0x17, 0x65, 0xe0, 0x3f, 0x59, 0x17]),
    (72856, [0xd8, 0xd0, 0xaa, 0x9d, 0x3c, 0x99, 0x34, 0x72, 0x8e, 0xe7, 0x74, 0xd1, 0xc0, 0x5c, 0x62, 0x6a]),
    (72857, [0x6e, 0x21, 0xde, 0x5b, 0x32, 0xf9, 0x66, 0x23, 0x44, 0xa1, 0xa0, 0xe0, 0x33, 0xaa, 0xcd, 0x36]),
    (72858, [0xab, 0x7b, 0xa9, 0x09, 0x89, 0x76, 0xf2, 0x77, 0x9e, 0x51, 0x49, 0x98, 0xd9, 0x84, 0x55, 0xd0]),
    (72859, [0x40, 0x75, 0x70, 0xb9, 0xfb, 0x0a, 0xb3, 0xfe, 0x05, 0x5c, 0x1c, 0xfb, 0x1d, 0x3b, 0xd1, 0x8c]),
    (72860, [0x0c, 0x79, 0x9a, 0x73, 0xad, 0xbc, 0xa4, 0x7a, 0x91, 0x69, 0xeb, 0xac, 0x35, 0x06, 0x6d, 0x8e]),
    (72861, [0x80, 0xec, 0x3f, 0x35, 0x74, 0x4d, 0x85, 0x9b, 0xb7, 0xc1, 0x32, 0x12, 0xc5, 0xc1, 0xab, 0x36]),
    (72901, [0xb6, 0x9e, 0xa8, 0x01, 0x57, 0x4a, 0xcf, 0x3c, 0xdb, 0x32, 0x22, 0x44, 0xb6, 0x65, 0x0b, 0x77]),
    (72902, [0x16, 0xf0, 0xc2, 0xb3, 0x3b, 0x38, 0x18, 0x9d, 0x58, 0xa6, 0x2a, 0x0a, 0x27, 0x0d, 0x1f, 0xbf]),
    (72903, [0xe7, 0x94, 0x70, 0x24, 0xe7, 0x0a, 0x0e, 0xdb, 0x61, 0xeb, 0xd0, 0xa0, 0x9f, 0x64, 0x2f, 0x7e]),
    (72904, [0xc3, 0x50, 0xf8, 0xa9, 0x10, 0x37, 0x82, 0x97, 0x13, 0xa5, 0x03, 0xfd, 0xcd, 0xf4, 0xe1, 0x70]),
    (73018, [0x11, 0xed, 0x69, 0xed, 0x74, 0x38, 0xa6, 0x8d, 0xb4, 0xed, 0x75, 0x97, 0x6d, 0xa9, 0xf3, 0x0e]),
    (73021, [0xc0, 0x65, 0x92, 0x02, 0xed, 0xa4, 0x58, 0xdd, 0x2a, 0xc7, 0xc6, 0x5d, 0x15, 0x4e, 0x4f, 0xbe]),
    (73022, [0x89, 0xeb, 0x25, 0x73, 0x0a, 0xe9, 0x06, 0xf1, 0x59, 0x83, 0x06, 0xed, 0xf1, 0x6f, 0xcf, 0xee]),
    (73023, [0xab, 0x85, 0x6d, 0x57, 0x56, 0x2d, 0x0f, 0xb5, 0x1b, 0xcf, 0x07, 0xa4, 0xd4, 0xce, 0x35, 0x7c]),
    (73024, [0xd6, 0x2f, 0x8e, 0xf9, 0x8d, 0x97, 0x0b, 0x37, 0x65, 0xc1, 0x96, 0x9a, 0x18, 0x32, 0x2c, 0x8c]),
    (73030, [0x1d, 0x3c, 0x16, 0x4f, 0x80, 0x71, 0x24, 0x6e, 0xce, 0xeb, 0x78, 0xc2, 0x47, 0xbb, 0x62, 0x9f]),
    (73061, [0x7e, 0x41, 0x59, 0xb5, 0xeb, 0x88, 0xb6, 0x74, 0x87, 0x98, 0x10, 0x37, 0x31, 0x71, 0x6d, 0x7c]),
    (73081, [0x11, 0xa1, 0xc0, 0xe7, 0x45, 0xf4, 0xf9, 0x08, 0xf7, 0x81, 0x3a, 0xb9, 0xdf, 0x59, 0x14, 0x38]),
    (73085, [0x56, 0x5b, 0x03, 0xad, 0x4c, 0x1d, 0x08, 0x5d, 0xd9, 0x45, 0x9c, 0x86, 0x3e, 0x04, 0x2b, 0x34]),
    (73086, [0xca, 0xab, 0x53, 0x69, 0xaa, 0x4b, 0x5d, 0xd4, 0xe4, 0xe9, 0x53, 0xef, 0xf6, 0x36, 0x4c, 0xb1]),
    (73088, [0x32, 0x69, 0xbc, 0x99, 0x0f, 0xcc, 0x69, 0xc5, 0x4a, 0xd4, 0x34, 0xd8, 0xf3, 0xef, 0x30, 0x2d]),
    (73089, [0x10, 0xda, 0x35, 0x85, 0x35, 0xbf, 0x14, 0x29, 0xff, 0x63, 0x04, 0xba, 0xe9, 0xc9, 0x3f, 0x71]),
    (73151, [0x3f, 0x64, 0x72, 0xab, 0x97, 0x9d, 0x80, 0x4b, 0xd4, 0x82, 0x66, 0xa4, 0x4f, 0x61, 0xb8, 0x28]),
    (73152, [0x46, 0x56, 0xeb, 0x15, 0xdd, 0xca, 0x0d, 0x6c, 0x9b, 0x2b, 0xb8, 0x5a, 0xe8, 0xdb, 0x35, 0x28]),
    (73179, [0x11, 0xed, 0x69, 0xed, 0x74, 0x38, 0xa6, 0x8d, 0xb4, 0xed, 0x75, 0x97, 0x6d, 0xa9, 0xf3, 0x0e]),
    (73201, [0x72, 0xa6, 0xf0, 0x33, 0xbe, 0xd6, 0x62, 0x2e, 0x38, 0xd0, 0x6b, 0xec, 0x23, 0xe2, 0x9d, 0x9c]),
    (73231, [0x90, 0x6e, 0x77, 0x8c, 0x2d, 0x82, 0xec, 0xd9, 0xa8, 0x36, 0x1b, 0xa8, 0x5d, 0xb9, 0xd0, 0xb0]),
    (80001, [0x16, 0xb2, 0xf0, 0xf5, 0x4f, 0xdd, 0x4f, 0x9b, 0x16, 0x70, 0xf8, 0xf4, 0xb3, 0x87, 0x7d, 0x85]),
    (80002, [0x33, 0xc9, 0x36, 0x3d, 0xdf, 0xe2, 0xd8, 0xbb, 0x42, 0x8c, 0x3e, 0xf4, 0xc5, 0xeb, 0x7e, 0x09]),
    (80003, [0x0c, 0xf6, 0x37, 0x3b, 0x09, 0x36, 0xdb, 0xde, 0xf8, 0x46, 0x9f, 0x3c, 0x98, 0x59, 0x22, 0x80]),
    (80004, [0x91, 0xfa, 0x89, 0x90, 0xdb, 0x1a, 0x3a, 0x62, 0x6e, 0x30, 0xad, 0xd5, 0x61, 0x77, 0xa2, 0xb8]),
    (80005, [0xf6, 0x9a, 0xef, 0x60, 0xc3, 0x25, 0x29, 0xdf, 0x37, 0x1b, 0x0e, 0xd8, 0x96, 0x61, 0x5d, 0x28]),
    (80006, [0xb3, 0xdf, 0x44, 0x77, 0x8d, 0xb7, 0x44, 0x75, 0x35, 0xc1, 0x9f, 0x76, 0x2c, 0xaf, 0x2a, 0xa7]),
    (80007, [0x81, 0x68, 0x1d, 0xa3, 0x99, 0x09, 0x71, 0x77, 0xd1, 0x12, 0xdc, 0xf0, 0x7b, 0xd2, 0x9a, 0xf5]),
    (80008, [0x33, 0x3e, 0xe0, 0x47, 0x41, 0xad, 0x58, 0x7d, 0xb2, 0xba, 0xbe, 0x95, 0x52, 0x27, 0x77, 0x94]),
    (80221, [0x50, 0x5b, 0xe4, 0x62, 0x41, 0x4c, 0xe2, 0x58, 0x95, 0xc4, 0xfc, 0x8e, 0xc8, 0x92, 0x08, 0xc1]),
    (80222, [0xb6, 0x4e, 0xc2, 0xa7, 0x1e, 0x60, 0xbc, 0xbe, 0xd1, 0xc9, 0xe0, 0xfa, 0x57, 0x67, 0xdd, 0x2f]),
    (80311, [0xf3, 0xa7, 0xfd, 0x13, 0x3f, 0x51, 0x31, 0x21, 0xc0, 0xb4, 0x7a, 0xb7, 0x5a, 0x92, 0x83, 0x98]),
    (80331, [0x21, 0x2a, 0x39, 0xee, 0x08, 0x2f, 0xfc, 0x27, 0xa9, 0x71, 0x1c, 0x6f, 0x54, 0xf4, 0xdd, 0x87]),
    (80341, [0xc3, 0xdf, 0x27, 0x6e, 0xfc, 0x1a, 0x7b, 0xf8, 0x53, 0x97, 0x6a, 0x56, 0x53, 0xa6, 0xcb, 0x88]),
    (80351, [0x2d, 0x7b, 0xe3, 0xa0, 0x75, 0xd4, 0x08, 0xf4, 0xab, 0xb5, 0x4e, 0x6f, 0x31, 0x68, 0x56, 0xf9]),
    (80361, [0x88, 0xf8, 0x29, 0xc6, 0x63, 0x5d, 0xe5, 0xd3, 0xa6, 0xd1, 0xfc, 0x42, 0x78, 0x68, 0x7a, 0x11]),
    (80687, [0xb8, 0x11, 0xef, 0x50, 0x09, 0xb5, 0xa5, 0xec, 0xba, 0x16, 0x90, 0xdf, 0x1b, 0xc3, 0x54, 0xa4]),
    (80688, [0xce, 0xeb, 0x97, 0x58, 0xe8, 0x41, 0x85, 0x52, 0x20, 0xc4, 0x5b, 0x28, 0x33, 0x3f, 0xe0, 0x3b]),
    (80689, [0x4c, 0xd2, 0x7d, 0x5e, 0x39, 0xe8, 0xf1, 0xd3, 0xc4, 0x9c, 0xff, 0xf9, 0x82, 0x86, 0xbe, 0xd0]),
    (80690, [0xd0, 0x8b, 0xa8, 0x04, 0xf8, 0x69, 0xe0, 0xd0, 0x92, 0x2b, 0x78, 0xd2, 0xdd, 0xc8, 0xdd, 0x10]),
    (80691, [0xda, 0x54, 0x9e, 0x4b, 0x74, 0x15, 0x85, 0xf1, 0x25, 0x87, 0xcd, 0x69, 0x70, 0xd0, 0x9c, 0xe0]),
    (80692, [0xe7, 0xb7, 0xc1, 0x99, 0x92, 0xb8, 0x1a, 0xf8, 0xb5, 0x26, 0xe7, 0xfe, 0x36, 0x97, 0xda, 0xd6]),
    (80694, [0x15, 0x84, 0x87, 0x70, 0x1d, 0x5e, 0xf1, 0xcf, 0x0e, 0x1d, 0xdb, 0x50, 0xce, 0x1c, 0x1d, 0xdd]),
    (80696, [0xfc, 0xb3, 0x8f, 0x79, 0xf0, 0x07, 0xf9, 0xd8, 0x27, 0xdf, 0xdb, 0x07, 0x78, 0x89, 0xbc, 0x7c]),
    (80697, [0xc2, 0x71, 0x79, 0x7a, 0x1a, 0xed, 0x3f, 0x02, 0x3f, 0x96, 0x24, 0x82, 0x42, 0xcb, 0x40, 0x56]),
    (80698, [0x26, 0x8c, 0x07, 0x98, 0x9d, 0x28, 0x56, 0x6f, 0x50, 0xbc, 0x0f, 0xac, 0xb8, 0x9c, 0xc8, 0xf7]),
    (80699, [0xde, 0x80, 0xe2, 0xf2, 0x03, 0xcd, 0x3d, 0x2b, 0x4a, 0x58, 0xe7, 0x91, 0x21, 0x04, 0xcb, 0xf9]),
    (80700, [0x6a, 0x96, 0xa6, 0xec, 0x81, 0x46, 0xfc, 0xf5, 0x9e, 0xb7, 0xa7, 0xb0, 0x9c, 0x26, 0xe7, 0x33]),
    (80702, [0x59, 0xa9, 0x2d, 0xae, 0xfa, 0xf2, 0x3c, 0xa4, 0x83, 0x92, 0x70, 0x59, 0xf8, 0xcc, 0xfe, 0x02]),
    (80703, [0x19, 0x41, 0xd9, 0xdf, 0x2f, 0x94, 0xaa, 0xa7, 0xc3, 0x07, 0xd1, 0x52, 0xb0, 0xdc, 0xe6, 0x1b]),
    (80704, [0xd7, 0xaf, 0x51, 0xd3, 0xe6, 0x39, 0xb9, 0xf6, 0xbd, 0xfd, 0xc7, 0x4c, 0x4c, 0xc8, 0x80, 0x4d]),
    (80705, [0x84, 0xd0, 0x55, 0x52, 0x8a, 0x63, 0xee, 0x60, 0x40, 0xfd, 0x69, 0x0c, 0x06, 0xcb, 0x27, 0xa8]),
    (80706, [0xff, 0x49, 0xf0, 0xf9, 0x6d, 0xef, 0xe1, 0xa2, 0x94, 0x07, 0x2b, 0x7f, 0x48, 0xdd, 0x33, 0x55]),
    (80707, [0x1c, 0xd4, 0x1e, 0xff, 0x83, 0x29, 0xb5, 0xe7, 0x36, 0xee, 0x84, 0xbf, 0xec, 0x2b, 0x2d, 0xf4]),
    (80708, [0xda, 0x12, 0x4c, 0xe9, 0xe2, 0x17, 0x20, 0x76, 0xe4, 0x6d, 0xa2, 0x03, 0x8d, 0x6e, 0xee, 0x15]),
    (80709, [0x47, 0x2f, 0x68, 0x1f, 0xe4, 0x9c, 0x3f, 0xbb, 0x6e, 0x34, 0xc0, 0x7e, 0x0b, 0xfe, 0xc1, 0x41]),
    (80710, [0x1c, 0xda, 0xe6, 0xf5, 0x7d, 0xb7, 0xda, 0x4c, 0x7c, 0x9f, 0xa4, 0x9c, 0x63, 0x79, 0xae, 0x58]),
    (80720, [0x4a, 0x26, 0xce, 0x74, 0xb6, 0xd1, 0x21, 0xe7, 0x38, 0x65, 0x8b, 0xe7, 0xc4, 0xea, 0xda, 0xa6]),
    (80721, [0xef, 0xb8, 0x36, 0x18, 0xaa, 0x01, 0x37, 0x78, 0x09, 0xf8, 0xfb, 0x95, 0xf9, 0xa7, 0xd2, 0x45]),
    (80722, [0x04, 0xb9, 0xd0, 0x1a, 0xa9, 0xd9, 0xfd, 0x16, 0x99, 0xeb, 0x77, 0x9b, 0xed, 0xc2, 0x20, 0xf2]),
    (80723, [0x48, 0xbb, 0x07, 0xc3, 0xad, 0x61, 0x03, 0x7a, 0xcb, 0x72, 0x4d, 0x18, 0x3d, 0xe7, 0x1f, 0xb1]),
    (80724, [0x63, 0x5f, 0x83, 0x80, 0x7c, 0x47, 0x70, 0x03, 0xcf, 0xd7, 0x70, 0x03, 0x4b, 0xc4, 0x37, 0x2b]),
    (80725, [0x6e, 0x06, 0x56, 0x36, 0xa0, 0x1a, 0x71, 0x73, 0x69, 0xfd, 0x8f, 0x67, 0x6c, 0xf0, 0xb9, 0x33]),
    (80726, [0xe8, 0x6d, 0x05, 0x88, 0xbf, 0x7c, 0xd8, 0x32, 0xca, 0x05, 0x76, 0xce, 0x34, 0x55, 0x04, 0x17]),
    (80727, [0x4c, 0xef, 0x0b, 0xdb, 0x02, 0x52, 0xf8, 0x0d, 0x9d, 0x2e, 0xfd, 0xc1, 0xd8, 0xa3, 0x9b, 0xea]),
    (80728, [0x89, 0xe0, 0xe3, 0x83, 0xbf, 0xd5, 0xc3, 0x15, 0xd2, 0x79, 0x3d, 0x17, 0x9a, 0x53, 0x3c, 0xd4]),
    (80729, [0x5d, 0xf8, 0xd2, 0xe5, 0x63, 0x43, 0x53, 0xd5, 0x96, 0x28, 0x3c, 0x13, 0xf1, 0x0c, 0x52, 0x72]),
    (80730, [0xb5, 0xa1, 0xdf, 0x02, 0x33, 0x1e, 0xe8, 0xfa, 0x88, 0x98, 0xf9, 0x45, 0x08, 0x3f, 0xd8, 0xb8]),
    (80731, [0xd1, 0x60, 0x6e, 0xdf, 0xb6, 0x11, 0xc9, 0x49, 0xf1, 0x0c, 0x83, 0xaa, 0x6e, 0x5d, 0xd3, 0xdd]),
    (80732, [0x23, 0xfd, 0x16, 0xc8, 0x70, 0xa0, 0x94, 0x49, 0x62, 0x9f, 0x08, 0x6c, 0x5c, 0xed, 0x00, 0x87]),
    (80733, [0xa7, 0xbd, 0x69, 0x07, 0x29, 0x79, 0xa9, 0xc9, 0x9f, 0x64, 0x2c, 0x70, 0x33, 0x16, 0xd0, 0x59]),
    (80734, [0x26, 0x47, 0xe3, 0xa0, 0x18, 0xca, 0x4d, 0x4f, 0x43, 0xc0, 0x12, 0x9b, 0x25, 0x8f, 0xf6, 0x7c]),
    (80735, [0x0c, 0x0e, 0x40, 0x95, 0x2c, 0xac, 0x70, 0x11, 0x2f, 0x90, 0x8a, 0xc5, 0x05, 0x56, 0x58, 0xcb]),
    (80736, [0xbc, 0x03, 0x16, 0x93, 0xf2, 0x5c, 0xad, 0xe2, 0xf3, 0xf4, 0x87, 0x93, 0x6e, 0x32, 0x17, 0x62]),
    (80737, [0x4d, 0xcd, 0xcb, 0x67, 0x56, 0x02, 0x3b, 0x16, 0x05, 0x65, 0x6f, 0xc7, 0x5e, 0xd9, 0x54, 0x85]),
    (80738, [0x3b, 0xa1, 0x02, 0x91, 0x87, 0x5a, 0xae, 0xb1, 0xa7, 0xa8, 0x80, 0xa8, 0xa5, 0xf1, 0x1f, 0x30]),
    (80739, [0x4c, 0xd7, 0xb2, 0xee, 0xcc, 0x39, 0x1d, 0x2f, 0xb7, 0x20, 0x81, 0x99, 0xa2, 0x3e, 0xc1, 0x74]),
    (80740, [0xa8, 0xb0, 0xc0, 0xac, 0xad, 0xb2, 0xb6, 0xdc, 0x3b, 0x1f, 0xc6, 0x87, 0x5e, 0x8f, 0x1b, 0x56]),
    (80741, [0xfd, 0x31, 0xf5, 0xd5, 0x76, 0x9c, 0xfb, 0x9a, 0x79, 0x17, 0x30, 0xc1, 0xc8, 0x82, 0x68, 0xef]),
    (80742, [0xbb, 0xd8, 0xa4, 0x4d, 0x9d, 0xfb, 0x65, 0x57, 0xf3, 0xcb, 0x04, 0x44, 0x12, 0x12, 0xc2, 0xd8]),
    (90201, [0x17, 0x7b, 0xbd, 0x7d, 0x8f, 0xed, 0x34, 0xb3, 0x2a, 0x5c, 0xd5, 0x1d, 0x3b, 0xaf, 0x3d, 0x78]),
    (90202, [0xea, 0xa0, 0x68, 0x96, 0x65, 0xa8, 0x1a, 0xec, 0x5b, 0x2d, 0x7b, 0x56, 0x01, 0x89, 0xe5, 0x83]),
    (90203, [0xf8, 0xec, 0xff, 0xc6, 0xc7, 0x15, 0x86, 0x94, 0x53, 0xf2, 0x3d, 0x08, 0x47, 0xec, 0xe8, 0x23]),
    (90207, [0x8c, 0x66, 0x6f, 0xfc, 0x84, 0x2c, 0x2f, 0xa9, 0x1b, 0xcd, 0x9a, 0xb9, 0x9d, 0x08, 0x06, 0x66]),
    (90208, [0x57, 0xa9, 0xf7, 0xb8, 0x40, 0xad, 0xc2, 0xd7, 0x4e, 0x4e, 0x8c, 0xc9, 0x88, 0xe7, 0x29, 0x17]),
    (90209, [0x75, 0x90, 0x20, 0x62, 0xba, 0x08, 0x41, 0x9d, 0x98, 0x94, 0xd1, 0xb2, 0x83, 0xd1, 0x24, 0x53]),
    (90401, [0xad, 0xd2, 0xc4, 0x9f, 0xee, 0x26, 0xe8, 0x55, 0x8b, 0x3c, 0x7a, 0x52, 0x67, 0xc5, 0x0f, 0x86]),
    (90521, [0x3b, 0xd3, 0x04, 0x48, 0x39, 0x50, 0x71, 0x52, 0x11, 0x21, 0x32, 0x8a, 0xd3, 0x4e, 0x93, 0x65]),
    (90531, [0x4a, 0x3d, 0x59, 0x4b, 0xad, 0xd1, 0x5f, 0x32, 0xc9, 0x24, 0xe5, 0x1d, 0x13, 0x0b, 0x35, 0x5f]),
    (91101, [0x8b, 0xe4, 0x93, 0x25, 0x5a, 0xa8, 0x7c, 0xa4, 0x1f, 0xf6, 0xf9, 0x55, 0x71, 0xa5, 0xdf, 0x01]),
    (91104, [0x53, 0x7f, 0x68, 0xc7, 0xa1, 0xb6, 0x82, 0xe9, 0xea, 0xc5, 0x3a, 0xd1, 0x9f, 0x69, 0x62, 0x41]),
    (91106, [0x29, 0xf3, 0x6c, 0x96, 0xa3, 0xb9, 0xd5, 0xec, 0xda, 0x6f, 0xa4, 0x8b, 0x38, 0xd5, 0x9b, 0x7b]),
    (91111, [0xd3, 0x48, 0x93, 0x8e, 0xbb, 0x6b, 0x85, 0xb7, 0xd6, 0x1c, 0x18, 0xb1, 0x60, 0x86, 0x3f, 0x50]),
    (91201, [0x05, 0x95, 0x59, 0xa4, 0x72, 0xcf, 0xec, 0x01, 0x96, 0x40, 0x1c, 0x0e, 0x8c, 0x6f, 0x63, 0xb0]),
    (91202, [0x53, 0x1f, 0x1f, 0xab, 0x90, 0xc9, 0x9d, 0x93, 0x00, 0x2b, 0x22, 0x2c, 0x14, 0x51, 0x35, 0x03]),
    (91211, [0x50, 0x09, 0x1b, 0x9c, 0xdc, 0xbc, 0xf8, 0x36, 0x4f, 0x35, 0x84, 0xe9, 0x4d, 0x45, 0x43, 0x63]),
    (91212, [0x1f, 0x18, 0x7f, 0x8e, 0x60, 0x9c, 0xfd, 0x77, 0x64, 0x03, 0x95, 0x70, 0xe2, 0x2d, 0x71, 0xbb]),
    (91311, [0xd3, 0xb4, 0x6a, 0xca, 0xe1, 0xba, 0x1f, 0xe8, 0x64, 0x68, 0x06, 0x82, 0x83, 0x4f, 0x98, 0xa1]),
    (91312, [0x17, 0x4d, 0x3b, 0x8c, 0xe4, 0xa1, 0x7d, 0xdd, 0xaa, 0xb6, 0xf2, 0x19, 0xed, 0x2f, 0xc1, 0x03]),
    (91313, [0xf2, 0x32, 0xb2, 0x8a, 0x70, 0x1c, 0xbb, 0x1a, 0xfb, 0x18, 0xfb, 0x43, 0xf8, 0x9d, 0x8b, 0xe8]),
    (91314, [0xf1, 0x06, 0x76, 0x72, 0xcf, 0x9d, 0x25, 0x89, 0x82, 0xd9, 0x82, 0x26, 0xe6, 0x0c, 0xe9, 0x1f]),
    (91315, [0x8e, 0xf5, 0x77, 0x83, 0x8b, 0x04, 0x8d, 0x96, 0xb3, 0xbe, 0x1d, 0x64, 0x47, 0xbc, 0x10, 0x43]),
    (91316, [0x59, 0xb9, 0x4a, 0x75, 0x3d, 0x1b, 0x67, 0x8b, 0x62, 0x55, 0x21, 0x13, 0x01, 0xc6, 0xd5, 0x42]),
    (91317, [0x74, 0xb8, 0xa8, 0x9a, 0xe1, 0xeb, 0x7c, 0x9d, 0x46, 0xd5, 0x72, 0x30, 0xf7, 0xaf, 0x02, 0xde]),
    (91318, [0xe5, 0xd7, 0xa1, 0x8d, 0x7d, 0x6d, 0x79, 0xcd, 0x41, 0xcc, 0x4c, 0xd2, 0xe4, 0x07, 0x40, 0x56]),
    (91331, [0x11, 0x37, 0xa1, 0xa2, 0x32, 0xb1, 0x7a, 0xeb, 0x26, 0x32, 0x6e, 0xe7, 0xdb, 0x3c, 0x0b, 0x91]),
    (91332, [0xa4, 0x98, 0x96, 0xd5, 0xd8, 0xcc, 0x90, 0x6b, 0xcc, 0xbc, 0x7e, 0x26, 0xcd, 0xea, 0x4b, 0xb1]),
    (91341, [0x55, 0x02, 0x80, 0xdb, 0x21, 0xfa, 0x93, 0x1b, 0x16, 0xe4, 0x40, 0x40, 0x67, 0xef, 0x10, 0xd6]),
    (91342, [0x80, 0x17, 0x43, 0x76, 0x54, 0x53, 0x28, 0x3b, 0xda, 0xd6, 0x76, 0x00, 0xd8, 0x1a, 0xb6, 0xa6]),
    (91343, [0x53, 0x23, 0xb3, 0x47, 0x9d, 0xed, 0x82, 0xb1, 0x65, 0xe1, 0x04, 0xe3, 0x65, 0x72, 0x96, 0x04]),
    (91345, [0x94, 0x25, 0x83, 0xf1, 0xf0, 0xa4, 0x31, 0xcd, 0xbe, 0xee, 0xbf, 0x1a, 0x30, 0x38, 0x0f, 0x6e]),
    (91346, [0x32, 0x6e, 0x4f, 0xba, 0x09, 0x6c, 0xe2, 0x69, 0x8f, 0x10, 0x89, 0xdc, 0xdb, 0x5b, 0x5d, 0xe9]),
    (91347, [0xc6, 0xe0, 0x69, 0x4d, 0x30, 0x97, 0x3c, 0x38, 0xf2, 0xa4, 0x47, 0x5f, 0x10, 0xb2, 0xe8, 0x7b]),
    (91348, [0x9a, 0x8f, 0x6a, 0xc1, 0x85, 0x96, 0x8f, 0xf7, 0xbd, 0x34, 0x16, 0xa0, 0x9f, 0xf7, 0x83, 0x79]),
    (91601, [0x4a, 0x0d, 0x80, 0x83, 0x6f, 0xd7, 0x49, 0xe9, 0x0e, 0x96, 0xde, 0x5a, 0x58, 0x0d, 0x48, 0x5d]),
    (91630, [0xf4, 0x0c, 0xf8, 0x6c, 0x57, 0x32, 0x70, 0xb9, 0xc3, 0x6e, 0xb2, 0xff, 0xb0, 0xe9, 0xab, 0x16]),
    (91631, [0x1f, 0x97, 0x6e, 0x19, 0x60, 0x66, 0xb6, 0xf0, 0xab, 0x2b, 0xae, 0x92, 0x40, 0xbd, 0xf2, 0x76]),
    (91632, [0x67, 0xd0, 0xf9, 0x1d, 0xbd, 0xcd, 0xb6, 0x04, 0xce, 0x04, 0xec, 0xc2, 0xde, 0xf1, 0x57, 0x6d]),
    (91633, [0x38, 0x22, 0x77, 0xce, 0xe3, 0x33, 0x95, 0x6d, 0x7d, 0x65, 0xcb, 0x8c, 0x6a, 0x8d, 0x56, 0xea]),
    (91634, [0x38, 0x8e, 0x10, 0xe2, 0x02, 0x30, 0x9c, 0xe4, 0xd6, 0xda, 0x21, 0x43, 0x87, 0x8c, 0xdf, 0x63]),
    (91635, [0xb4, 0x6a, 0xda, 0xe6, 0x45, 0xcd, 0x0c, 0x4b, 0xa1, 0x31, 0x21, 0xc7, 0xcf, 0xb9, 0x9f, 0xaa]),
    (91636, [0x01, 0x1c, 0x2c, 0x60, 0x13, 0x53, 0xb5, 0x4e, 0x4e, 0x5b, 0xe9, 0x61, 0x8e, 0x31, 0x95, 0xb7]),
    (91637, [0xb7, 0x38, 0xac, 0x97, 0x42, 0x72, 0x83, 0xbe, 0x72, 0x08, 0xe6, 0x95, 0x2a, 0x71, 0x93, 0xb2]),
    (91638, [0x71, 0x92, 0x88, 0x0f, 0x25, 0xd9, 0xce, 0x89, 0xd5, 0x4e, 0x4d, 0xbc, 0xa0, 0x5f, 0xac, 0xfb]),
    (91639, [0xfb, 0xfa, 0xea, 0x4a, 0xdc, 0xcb, 0x05, 0xec, 0x05, 0x4c, 0xc8, 0x22, 0x67, 0xdb, 0x91, 0xb5]),
    (91640, [0x0b, 0x84, 0x1e, 0x05, 0xfe, 0xe8, 0xcc, 0xf4, 0x37, 0x02, 0x80, 0x90, 0x93, 0xf9, 0x4a, 0x75]),
    (91701, [0xb3, 0x10, 0xcb, 0xb2, 0x62, 0x24, 0xce, 0xd4, 0x26, 0xb7, 0xac, 0x4b, 0xa2, 0x6b, 0x01, 0xc1]),
    (91702, [0xac, 0x6a, 0x6b, 0x34, 0x8c, 0x6a, 0x4e, 0x3a, 0x7f, 0x60, 0xc4, 0x40, 0x59, 0xbd, 0x7e, 0x06]),
    (91801, [0x10, 0x0d, 0xac, 0xb4, 0xf2, 0x19, 0x0f, 0x59, 0x8f, 0x10, 0x75, 0xea, 0x38, 0xa3, 0x85, 0xa2]),
    (91811, [0xef, 0x18, 0xf6, 0x1f, 0x2e, 0x81, 0x78, 0xd8, 0x0a, 0x0c, 0xe9, 0xf0, 0x30, 0x89, 0x34, 0x69]),
    (91812, [0x5c, 0x36, 0x41, 0x77, 0x43, 0x7b, 0x9f, 0xf3, 0x7a, 0xbd, 0xfd, 0xa5, 0x19, 0xc1, 0xee, 0x3a]),
    (91821, [0x15, 0xe5, 0x60, 0xfc, 0xa9, 0xd4, 0x1a, 0x74, 0xc8, 0xdd, 0x81, 0x85, 0xce, 0x73, 0x08, 0x1a]),
    (91831, [0x79, 0x50, 0x82, 0x4c, 0xee, 0x90, 0x6e, 0xdb, 0x74, 0x00, 0x45, 0x89, 0x06, 0x23, 0x66, 0x56]),
    (91832, [0x08, 0x30, 0xca, 0xdd, 0xb4, 0x84, 0xf9, 0x65, 0x18, 0xf8, 0x46, 0x2f, 0x85, 0xf5, 0xa4, 0xf6]),
    (92201, [0xab, 0xa7, 0x9c, 0xa5, 0x84, 0xd1, 0x86, 0x41, 0x2b, 0xb3, 0xb0, 0x89, 0x7e, 0xbf, 0x85, 0xac]),
    (92202, [0x4d, 0x77, 0x90, 0xbc, 0x8f, 0xb5, 0x04, 0x3c, 0xd8, 0xf7, 0x84, 0x66, 0xf4, 0x9b, 0xc5, 0x19]),
    (92203, [0xc7, 0x9b, 0xbf, 0x27, 0xc6, 0x0c, 0x86, 0x44, 0x7f, 0x8d, 0x94, 0x7e, 0x45, 0x32, 0x27, 0x67]),
    (92204, [0x21, 0x00, 0xf3, 0x53, 0xea, 0x04, 0xc8, 0x71, 0x33, 0x19, 0x12, 0x79, 0x9d, 0xd2, 0x5d, 0x90]),
    (92205, [0x92, 0x0a, 0xb7, 0xab, 0xb9, 0x5b, 0xa8, 0x04, 0x08, 0xf3, 0xf9, 0x7d, 0xef, 0x0c, 0x80, 0x7d]),
    (92211, [0x0f, 0xac, 0x38, 0xdd, 0x47, 0x27, 0x89, 0x16, 0x20, 0xec, 0x9d, 0xf7, 0x42, 0x4b, 0xd7, 0x6a]),
    (92212, [0x6c, 0xa3, 0x49, 0x57, 0xa7, 0x70, 0x53, 0x24, 0x0b, 0x7f, 0x0c, 0x25, 0x3a, 0xd9, 0x11, 0x24]),
    (92213, [0xf5, 0x38, 0x8f, 0xd1, 0xed, 0x7a, 0xa7, 0x39, 0xc1, 0x5c, 0xec, 0xe0, 0x2a, 0x84, 0x1c, 0xc6]),
    (92214, [0x2f, 0x5f, 0xca, 0xe7, 0xe9, 0xc1, 0x9f, 0xef, 0x5b, 0xfe, 0x83, 0x63, 0x98, 0xb8, 0xc8, 0x53]),
    (92215, [0x7d, 0xa8, 0xe3, 0x1e, 0x25, 0xb8, 0x05, 0xea, 0x50, 0x94, 0x5b, 0x56, 0x92, 0x27, 0xb6, 0x27]),
    (92221, [0x44, 0x1b, 0x9f, 0xf5, 0x81, 0x1b, 0xaf, 0xba, 0x9f, 0x10, 0x4b, 0x53, 0xc0, 0x0c, 0x21, 0x1e]),
    (92222, [0x47, 0xc9, 0xf4, 0x11, 0xdd, 0x81, 0x6a, 0x61, 0x27, 0xc8, 0x89, 0xdf, 0xba, 0x2e, 0xe5, 0xa6]),
    (92223, [0x88, 0xcf, 0xad, 0x5a, 0xfb, 0x44, 0x03, 0x46, 0xaa, 0x77, 0xf0, 0xa8, 0x24, 0x89, 0x11, 0xda]),
    (92224, [0x6f, 0x2a, 0xb6, 0xb9, 0xc9, 0x0a, 0x6d, 0x2e, 0xc6, 0x34, 0xa0, 0xa9, 0x5b, 0x3f, 0xac, 0x33]),
    (92225, [0xa3, 0xe2, 0x7c, 0xba, 0x88, 0x3e, 0xac, 0xf8, 0xc6, 0xdd, 0xd6, 0x5a, 0x4d, 0x0c, 0x09, 0xa7]),
    (92231, [0xfe, 0xfa, 0xdc, 0x90, 0xfe, 0x42, 0x78, 0x25, 0x7b, 0xf3, 0xc9, 0x0a, 0xe5, 0x0b, 0xaa, 0x4b]),
    (92232, [0x8d, 0x7c, 0x6a, 0x00, 0x91, 0x6d, 0xf5, 0x10, 0xff, 0x52, 0xc9, 0x25, 0x02, 0x93, 0x25, 0x81]),
    (92233, [0xe2, 0xf2, 0xd5, 0x36, 0x5b, 0x3c, 0x65, 0x13, 0x72, 0xd6, 0xf1, 0xb3, 0xdc, 0xdf, 0xf0, 0x02]),
    (92234, [0xb0, 0x05, 0x2e, 0x01, 0x0b, 0x49, 0xe9, 0x24, 0x49, 0xb4, 0x44, 0xf1, 0xed, 0x87, 0x0a, 0x62]),
    (92235, [0x73, 0x75, 0xee, 0x63, 0x47, 0x59, 0xe2, 0xa2, 0x74, 0x52, 0x0c, 0xb9, 0xb8, 0xd7, 0x73, 0xfb]),
    (92241, [0x4b, 0x8a, 0xb6, 0xc7, 0xc7, 0x2e, 0xa8, 0x34, 0x21, 0x13, 0x73, 0x92, 0x4d, 0x5a, 0xea, 0xcf]),
    (92242, [0x5f, 0x67, 0x55, 0xee, 0xef, 0xf0, 0x56, 0xf8, 0x21, 0x8d, 0x48, 0xb0, 0x8f, 0x62, 0x3d, 0x58]),
    (92243, [0x7f, 0x21, 0xea, 0xad, 0x77, 0x0b, 0x83, 0x52, 0x18, 0xe8, 0x80, 0x66, 0x06, 0x61, 0x97, 0x87]),
    (92244, [0x2b, 0x6e, 0xd9, 0x9f, 0xe4, 0xce, 0x89, 0x00, 0xcb, 0x0e, 0x9e, 0x59, 0xab, 0x75, 0xf6, 0xd9]),
    (92245, [0x20, 0x78, 0xfd, 0x59, 0x1c, 0x1f, 0xfc, 0x00, 0xa1, 0x4c, 0x19, 0x53, 0xb8, 0xa1, 0xb9, 0xb9]),
    (92251, [0x3f, 0x2d, 0x3f, 0xc6, 0xdd, 0x8b, 0xb0, 0x9f, 0x6c, 0x83, 0x3b, 0x64, 0xb1, 0xef, 0xf6, 0xa4]),
    (92252, [0x80, 0x6a, 0xd2, 0x50, 0x25, 0x9d, 0xd8, 0xda, 0x7f, 0xc7, 0x2e, 0xf3, 0x57, 0xa2, 0xc0, 0x47]),
    (92253, [0x7f, 0x71, 0xae, 0xa0, 0x19, 0xf8, 0x5b, 0x8a, 0x58, 0x12, 0xcd, 0xe8, 0x7b, 0x59, 0x13, 0x03]),
    (92254, [0x2d, 0xf9, 0x37, 0x89, 0x34, 0xc7, 0x9a, 0x72, 0x57, 0xd0, 0xfc, 0x73, 0x25, 0xc9, 0x96, 0x9a]),
    (92255, [0x1b, 0xe1, 0x55, 0x06, 0xff, 0x3c, 0x77, 0x29, 0x38, 0x0e, 0xc2, 0x00, 0x05, 0xaf, 0xf7, 0x88]),
    (92301, [0xd9, 0x46, 0x46, 0xc1, 0x63, 0x4b, 0xef, 0xb1, 0x87, 0xe5, 0xa7, 0x43, 0xc5, 0x55, 0x4a, 0x72]),
    (92302, [0x6c, 0x7e, 0x3e, 0x82, 0x0f, 0x44, 0x50, 0xa3, 0x65, 0xdc, 0xe9, 0x62, 0x19, 0x9d, 0xbb, 0xc5]),
    (92303, [0x07, 0x9e, 0x97, 0xfc, 0x0b, 0x2a, 0xfb, 0x6a, 0x13, 0x4b, 0x4e, 0xef, 0x89, 0xc6, 0x01, 0x6e]),
    (92311, [0xe4, 0x8f, 0x7f, 0xe2, 0x4f, 0xcf, 0x1b, 0xbf, 0x1a, 0xde, 0x4d, 0x5a, 0xc6, 0x61, 0x79, 0x95]),
    (92501, [0xe0, 0x8a, 0x6c, 0xf0, 0x19, 0x0b, 0x99, 0xcc, 0xda, 0x23, 0x91, 0xc8, 0x55, 0x10, 0xbf, 0x66]),
    (92502, [0x0a, 0xff, 0x63, 0x8c, 0x47, 0xc9, 0xcd, 0xbe, 0x69, 0x3c, 0x30, 0x49, 0xfb, 0x18, 0xb4, 0x34]),
    (92503, [0x87, 0xdd, 0xa5, 0x0f, 0xa8, 0x7a, 0xed, 0xd1, 0x5a, 0x36, 0x87, 0xf1, 0x94, 0x2a, 0xcb, 0xc9]),
    (92504, [0x81, 0x08, 0x25, 0x03, 0x2c, 0x88, 0xdb, 0xf4, 0xcb, 0xb5, 0x64, 0x88, 0xfe, 0x5b, 0x6f, 0x8e]),
    (92505, [0x2c, 0x33, 0x34, 0xc6, 0x85, 0x9c, 0x78, 0xc2, 0xf4, 0x71, 0x0c, 0xcd, 0x25, 0x75, 0x5b, 0x6c]),
    (92506, [0xd6, 0x2d, 0xe1, 0xaa, 0x6e, 0xae, 0xc5, 0x34, 0x72, 0x91, 0x81, 0x52, 0xdc, 0x69, 0x65, 0xe2]),
    (92507, [0x25, 0x50, 0xf7, 0x63, 0x0d, 0x49, 0xcc, 0x18, 0x2e, 0xf2, 0xec, 0x40, 0x21, 0xf4, 0xfa, 0x0c]),
    (92508, [0x5f, 0x9d, 0x84, 0xe9, 0x2d, 0x99, 0xcd, 0xd7, 0x22, 0xcf, 0xb0, 0x4c, 0x35, 0x88, 0x9f, 0xbd]),
    (92601, [0xab, 0xf4, 0x8d, 0x4b, 0x98, 0x9b, 0x5e, 0xa8, 0xb5, 0x31, 0xcd, 0xf6, 0x58, 0x7d, 0xcb, 0x29]),
    (92620, [0xcc, 0xb3, 0x1b, 0x58, 0x5d, 0x63, 0xfd, 0xce, 0x41, 0x7a, 0x78, 0x69, 0xec, 0xef, 0xb3, 0x31]),
    (92621, [0x76, 0xde, 0x59, 0x4f, 0x55, 0x3c, 0x87, 0x65, 0xa0, 0x48, 0xc5, 0xda, 0x48, 0x82, 0xee, 0x53]),
    (92622, [0x91, 0xb7, 0x31, 0xeb, 0x49, 0x0d, 0x71, 0x1f, 0x56, 0x26, 0x75, 0x82, 0x30, 0x1e, 0xb1, 0x58]),
    (92701, [0x56, 0x5f, 0x1a, 0x08, 0x7c, 0x34, 0xdf, 0x98, 0xf4, 0x33, 0xd2, 0x3b, 0xbc, 0x49, 0x92, 0x04]),
    (92702, [0x42, 0x07, 0x96, 0x4b, 0x4b, 0xdb, 0x48, 0x20, 0xf3, 0xdd, 0x78, 0x39, 0x79, 0x2d, 0x7d, 0x02]),
    (92703, [0x91, 0xb8, 0x5f, 0x8f, 0x3e, 0xbb, 0xa6, 0x16, 0xb2, 0x3f, 0x33, 0xb9, 0xba, 0xcb, 0xaa, 0xe1]),
    (92704, [0x9d, 0xdd, 0xeb, 0x29, 0x4c, 0x34, 0x3e, 0xa4, 0x22, 0x8f, 0x34, 0xa7, 0xf1, 0x3c, 0x3d, 0xc8]),
    (92705, [0x1e, 0xbe, 0xa8, 0x21, 0x5e, 0x6c, 0x35, 0x16, 0x3b, 0xe9, 0xa0, 0x47, 0xa6, 0xe0, 0x9e, 0xff]),
    (92706, [0xc9, 0x91, 0x0e, 0x60, 0x0d, 0x07, 0xd1, 0x60, 0xa9, 0x48, 0x31, 0xdf, 0xfe, 0xc7, 0xcb, 0xca]),
    (92707, [0xb3, 0xdc, 0x4d, 0x99, 0x9a, 0x57, 0x38, 0x69, 0xc5, 0x82, 0xdb, 0xda, 0x1c, 0x52, 0x06, 0x9c]),
    (92708, [0x47, 0x73, 0x22, 0x31, 0xf3, 0xab, 0xe4, 0xa9, 0x56, 0x8b, 0x5a, 0x33, 0x02, 0x9f, 0xbe, 0x80]),
    (92709, [0x3f, 0xe6, 0xfc, 0x76, 0x22, 0x77, 0xe1, 0xde, 0x68, 0x25, 0x4b, 0xef, 0x52, 0x4e, 0x42, 0x8a]),
    (92801, [0xe3, 0x0a, 0x14, 0x98, 0x86, 0x78, 0x9a, 0x2b, 0x7d, 0xc3, 0x28, 0xc8, 0x17, 0xd4, 0xa8, 0xcb]),
    (92802, [0xb2, 0x8c, 0xad, 0x78, 0x44, 0x6b, 0x49, 0x56, 0xe8, 0x45, 0x46, 0x91, 0xbf, 0xd9, 0xa5, 0x68]),
    (93201, [0x26, 0xc6, 0xa2, 0x36, 0xbc, 0x16, 0x6e, 0xd2, 0x4a, 0x98, 0x02, 0xf5, 0x79, 0xc1, 0x16, 0xfa]),
    (93203, [0x76, 0x83, 0x20, 0x33, 0x08, 0xdb, 0xd4, 0x3c, 0x32, 0xee, 0xef, 0x5d, 0x36, 0xab, 0x1b, 0xf3]),
    (93204, [0x57, 0xbe, 0x30, 0x23, 0x31, 0x0a, 0x3c, 0x43, 0x7b, 0xc8, 0xc7, 0x0c, 0xda, 0x09, 0x0e, 0x9a]),
    (93205, [0x4c, 0xca, 0xfe, 0xbe, 0x56, 0xdd, 0x5a, 0x82, 0xfe, 0x27, 0x03, 0xb7, 0xbc, 0x2c, 0x39, 0x6e]),
    (94201, [0x7c, 0xfc, 0x7d, 0x82, 0x43, 0xfc, 0xa7, 0x8b, 0xb5, 0x6d, 0x89, 0xd7, 0xca, 0xcd, 0x6e, 0x37]),
    (94202, [0xc5, 0x71, 0x2c, 0xf6, 0x6c, 0x55, 0xb3, 0x2b, 0x9f, 0xf6, 0xa2, 0x88, 0x71, 0x08, 0xbe, 0xdb]),
    (94203, [0x7a, 0xf8, 0xd9, 0x1f, 0xa6, 0x2a, 0x7e, 0xda, 0x94, 0xab, 0xac, 0x01, 0x69, 0x9e, 0x3b, 0x5e]),
    (94204, [0xf8, 0x09, 0xdb, 0x2a, 0x05, 0x5c, 0x7e, 0x2d, 0x80, 0x07, 0x88, 0x67, 0x64, 0xe0, 0x67, 0xdd]),
    (94301, [0x8f, 0xf6, 0xea, 0x61, 0x9a, 0x18, 0x0b, 0x2d, 0x01, 0x92, 0xca, 0xad, 0x3b, 0xc2, 0xd6, 0xfe]),
    (94302, [0x3a, 0xb4, 0xc4, 0x06, 0x93, 0xc4, 0xfd, 0x07, 0x54, 0x5b, 0xbf, 0x59, 0x91, 0x44, 0x11, 0x7c]),
    (94303, [0x66, 0x2b, 0x7b, 0xe8, 0x31, 0x73, 0x92, 0x28, 0xb6, 0xcc, 0x3d, 0x3e, 0x57, 0x1a, 0x34, 0xdd]),
    (94531, [0x94, 0xec, 0x5d, 0x08, 0x2b, 0xe5, 0xaa, 0x20, 0x29, 0x5e, 0x29, 0x22, 0x54, 0x53, 0x1d, 0x37]),
    (94532, [0x59, 0x1b, 0xe7, 0x18, 0xe8, 0x3e, 0xa4, 0x87, 0x11, 0xd1, 0xf2, 0x92, 0x25, 0xe9, 0xe7, 0x1c]),
    (94591, [0x08, 0x5b, 0x07, 0x95, 0x5b, 0x6a, 0x06, 0x0f, 0x1b, 0x7b, 0xae, 0x10, 0x4d, 0xde, 0xe8, 0x00]),
    (94592, [0x57, 0x5b, 0x78, 0x52, 0x13, 0xcc, 0xc0, 0xf1, 0x26, 0x38, 0xf6, 0xe8, 0xc2, 0x6b, 0x11, 0x2a]),
    (94602, [0x98, 0x89, 0x63, 0xd2, 0xd1, 0x71, 0x3f, 0x7f, 0x33, 0x34, 0x8b, 0x72, 0xcf, 0x16, 0xe5, 0xef]),
    (94611, [0x9e, 0xeb, 0x43, 0x1d, 0xed, 0xf4, 0x6c, 0x45, 0x3c, 0xb5, 0x78, 0xf8, 0x1a, 0x5d, 0x7c, 0x6a]),
    (94612, [0xd9, 0xd3, 0x7a, 0xac, 0x53, 0xd1, 0x6c, 0xec, 0xdb, 0x2e, 0xee, 0xd9, 0xb5, 0xaf, 0xbe, 0x13]),
    (94621, [0x2d, 0x47, 0x81, 0x8c, 0xc9, 0xa9, 0x58, 0x32, 0x07, 0x3b, 0x60, 0x34, 0x67, 0x9a, 0x33, 0x49]),
    (94622, [0x3e, 0x15, 0x3b, 0xe3, 0x76, 0xee, 0x8b, 0x63, 0x02, 0x20, 0xaa, 0x1e, 0xce, 0xa6, 0xee, 0xf5]),
    (95302, [0x89, 0xde, 0xfc, 0xe8, 0x9a, 0xb2, 0xef, 0x88, 0xb1, 0x51, 0xee, 0x76, 0xc9, 0x72, 0x12, 0xf3]),
    (95311, [0xd2, 0xa2, 0x92, 0xc9, 0x8c, 0x71, 0x39, 0x2b, 0x3f, 0xe0, 0x2d, 0xfd, 0xf1, 0xed, 0xf2, 0x50]),
    (95701, [0x18, 0x17, 0x1b, 0xc0, 0xd1, 0x17, 0x5b, 0x13, 0xfd, 0xed, 0x42, 0x95, 0xf6, 0xe5, 0xe4, 0x64]),
    (96105, [0xde, 0x49, 0x03, 0xd5, 0xa6, 0x21, 0x8c, 0x0a, 0xe3, 0xb1, 0xf9, 0xd7, 0x41, 0x02, 0xd6, 0xcf]),
    (96201, [0x59, 0xe5, 0x6f, 0x5c, 0xe0, 0xf7, 0xdf, 0x61, 0xd7, 0x73, 0x60, 0x60, 0xaf, 0xde, 0xe2, 0x9d]),
    (96202, [0x9f, 0x60, 0xe7, 0x56, 0xe6, 0x4a, 0xda, 0xd6, 0x13, 0x9d, 0xcd, 0x29, 0x87, 0x27, 0xbe, 0x5d]),
    (96401, [0x1d, 0x7a, 0xe5, 0x42, 0x78, 0x37, 0xfd, 0xf4, 0x9a, 0xb7, 0xdb, 0x49, 0x64, 0x90, 0x78, 0xfe]),
    (96402, [0xc2, 0xb4, 0x11, 0x6a, 0x47, 0x76, 0xf4, 0x13, 0xd4, 0xcb, 0xc6, 0x02, 0xa2, 0xa4, 0xf0, 0xeb]),
    (96801, [0x09, 0x7b, 0x4a, 0xbb, 0x5f, 0xdb, 0xd2, 0x78, 0x0e, 0xaa, 0xdb, 0xaa, 0x44, 0x43, 0x63, 0xdd]),
    (96802, [0x09, 0x7b, 0x4a, 0xbb, 0x5f, 0xdb, 0xd2, 0x78, 0x0e, 0xaa, 0xdb, 0xaa, 0x44, 0x43, 0x63, 0xdd]),
    (96803, [0x23, 0x42, 0x1b, 0x62, 0xa7, 0xeb, 0x18, 0x11, 0xbf, 0x97, 0xc4, 0x14, 0x20, 0x79, 0x07, 0xd0]),
    (97101, [0xe7, 0xc6, 0x5a, 0x32, 0x61, 0x27, 0x07, 0x33, 0x74, 0x1f, 0xc6, 0x3c, 0x12, 0xa2, 0x64, 0x14]),
    (97102, [0x49, 0x15, 0xa7, 0x93, 0xee, 0xd6, 0x68, 0x1e, 0x6e, 0x5a, 0x19, 0xc2, 0x74, 0x3a, 0x4f, 0x84]),
    (97103, [0xde, 0x21, 0x76, 0xc7, 0xd2, 0x78, 0xdb, 0xe0, 0xa0, 0x22, 0xb5, 0xfc, 0xa8, 0x19, 0x56, 0xe4]),
    (97104, [0x10, 0xb4, 0xf2, 0x14, 0x7e, 0x20, 0xf2, 0xf1, 0x5c, 0x7d, 0xd5, 0xf2, 0x95, 0x8a, 0x0b, 0xec]),
    (97105, [0xfa, 0xdb, 0xa2, 0x3b, 0x3c, 0xd2, 0xec, 0xf5, 0xcf, 0x18, 0x02, 0x57, 0xa0, 0x2d, 0xf7, 0xb7]),
    (97106, [0x39, 0x9e, 0x00, 0x6f, 0x07, 0xfb, 0x9f, 0x41, 0xe2, 0x55, 0x76, 0x27, 0xb3, 0x22, 0x70, 0xfa]),
    (97107, [0x0c, 0xac, 0xdc, 0x44, 0x9c, 0xfb, 0x5f, 0xea, 0x2a, 0xb7, 0xeb, 0x88, 0x27, 0xfd, 0xe9, 0x48]),
    (97108, [0x2a, 0x3c, 0xfd, 0xfe, 0x40, 0x26, 0x21, 0x68, 0xee, 0x7e, 0x8c, 0xe0, 0xa5, 0x56, 0x88, 0xfc]),
    (97331, [0xf3, 0xf5, 0xa9, 0xa4, 0xc0, 0x34, 0x49, 0xd9, 0xb6, 0x8e, 0xb5, 0x38, 0x83, 0xeb, 0x4c, 0x07]),
    (97341, [0x1b, 0xe4, 0x14, 0xb1, 0xd1, 0x01, 0x8f, 0x9d, 0xf0, 0xe6, 0xe1, 0x3b, 0x41, 0xb2, 0xa7, 0x8c]),
    (98001, [0x43, 0x35, 0x89, 0x21, 0x3c, 0xa4, 0xc7, 0x5d, 0x55, 0x17, 0x74, 0x98, 0x26, 0x1b, 0x6f, 0x01]),
    (98002, [0xba, 0x2a, 0x82, 0x77, 0x38, 0x94, 0xa9, 0x9e, 0x34, 0x56, 0x61, 0xcd, 0xaf, 0x06, 0x2b, 0x8b]),
    (98003, [0xad, 0xc0, 0x95, 0xd2, 0x49, 0xf2, 0x97, 0x39, 0x96, 0xf7, 0x0c, 0xc3, 0x2d, 0xc8, 0x56, 0xbb]),
    (98004, [0x3f, 0x78, 0x4a, 0xe0, 0x32, 0xc9, 0x73, 0x23, 0x58, 0x11, 0xe1, 0xfe, 0x24, 0x25, 0xbe, 0x2c]),
    (98005, [0x8f, 0xd5, 0xb5, 0x89, 0x35, 0x34, 0xa5, 0xed, 0x78, 0x80, 0x7b, 0xc1, 0x57, 0xf4, 0xaf, 0x6c]),
    (98006, [0x7a, 0x85, 0x37, 0x59, 0x8c, 0x40, 0x6a, 0xa4, 0xb0, 0x2e, 0x1b, 0x6a, 0x94, 0x87, 0x3d, 0xeb]),
    (98007, [0x3b, 0xf8, 0xc2, 0x9c, 0xd5, 0xd9, 0xff, 0x4f, 0x95, 0xb5, 0x31, 0x43, 0xe2, 0xe4, 0xaa, 0xb3]),
    (98008, [0x5d, 0xf5, 0x44, 0x1d, 0x50, 0x0e, 0xf0, 0x73, 0x71, 0x45, 0x1e, 0x7e, 0x5b, 0xb7, 0xb5, 0x74]),
    (98009, [0xa4, 0x95, 0x78, 0x29, 0x32, 0xb0, 0x6e, 0x8e, 0xc0, 0xf3, 0xf6, 0x72, 0xb5, 0x2f, 0xb3, 0x53]),
    (98011, [0x9b, 0x62, 0xbf, 0x15, 0x86, 0xea, 0xfd, 0x95, 0x2c, 0x1c, 0x71, 0x15, 0xae, 0x70, 0x12, 0x2e]),
    (98012, [0x10, 0x28, 0x39, 0x4a, 0xcc, 0xe1, 0x10, 0x5e, 0xd3, 0x21, 0x92, 0xfb, 0x44, 0x42, 0xfe, 0x9c]),
    (98014, [0x0a, 0x9e, 0x76, 0x79, 0x98, 0xfc, 0x46, 0x5b, 0x32, 0x74, 0x5c, 0x92, 0xbc, 0x05, 0xff, 0x3b]),
    (98015, [0x9f, 0xa5, 0x84, 0xba, 0x95, 0x7c, 0x35, 0x25, 0x36, 0x79, 0x39, 0x7b, 0xf9, 0x7d, 0x4e, 0xd7]),
    (98101, [0xf8, 0x4d, 0x23, 0x72, 0xd5, 0x64, 0xe6, 0x0a, 0xea, 0xc7, 0x51, 0x45, 0x72, 0xe1, 0x15, 0x52]),
    (98102, [0x93, 0xb9, 0xd7, 0x74, 0x2d, 0xe1, 0x4f, 0xf1, 0x5b, 0x08, 0xcd, 0x21, 0xbc, 0x61, 0x6f, 0x04]),
    (98201, [0x86, 0x92, 0xa0, 0x9b, 0xd2, 0x5f, 0x4c, 0x8b, 0x9e, 0x98, 0x2d, 0x6b, 0x7b, 0x32, 0xe7, 0x87]),
    (98202, [0xb6, 0xbc, 0x42, 0x1b, 0xda, 0xea, 0xef, 0x53, 0xda, 0x28, 0xe0, 0x2d, 0xe8, 0xda, 0xdb, 0x9c]),
    (98203, [0x5e, 0x21, 0xab, 0x72, 0xde, 0xd1, 0xec, 0x6b, 0x04, 0x04, 0x4b, 0x71, 0x8f, 0xfb, 0x3d, 0x3b]),
    (98204, [0x73, 0xf4, 0xe6, 0xc6, 0x25, 0x95, 0xbb, 0x99, 0x6e, 0xbc, 0x74, 0xb8, 0xaa, 0x75, 0xc1, 0x9c]),
    (98205, [0x1a, 0x68, 0x67, 0x4c, 0x55, 0x5d, 0x10, 0x66, 0x6d, 0x2d, 0x1a, 0xbc, 0x78, 0x71, 0x07, 0x0b]),
    (98211, [0x65, 0xbb, 0xc1, 0x3e, 0x29, 0x85, 0xee, 0x1b, 0x0c, 0xae, 0xbe, 0x23, 0x07, 0x69, 0x0a, 0x5b]),
    (98212, [0x4e, 0x6c, 0x6f, 0x73, 0x78, 0xa1, 0xeb, 0x33, 0xf6, 0x32, 0x58, 0xf6, 0x23, 0xd5, 0xbb, 0xf5]),
    (98213, [0x2b, 0x1e, 0xe4, 0x48, 0x70, 0x38, 0x34, 0x55, 0xa6, 0xfe, 0xa5, 0x45, 0xaa, 0x32, 0xd6, 0x0b]),
    (98214, [0xc5, 0xd7, 0x75, 0x52, 0x7c, 0xda, 0x68, 0xee, 0x3c, 0xe0, 0x7a, 0xed, 0x1a, 0xb1, 0x88, 0xdf]),
    (98221, [0xf0, 0xb5, 0x22, 0x14, 0x85, 0x4c, 0x6b, 0x93, 0xf6, 0x1b, 0x63, 0x94, 0xb7, 0xa5, 0x8d, 0xec]),
    (98222, [0xd7, 0x82, 0xa3, 0xab, 0x20, 0x3d, 0xa3, 0x20, 0x8b, 0x33, 0x5b, 0x9e, 0x42, 0x65, 0xe5, 0x75]),
    (98301, [0xab, 0x5d, 0x17, 0x3e, 0x4e, 0x75, 0x39, 0xa1, 0x51, 0x14, 0x51, 0x3c, 0xc0, 0x17, 0x45, 0x41]),
    (98302, [0x65, 0xbc, 0xb1, 0xe3, 0x3c, 0xe3, 0xc0, 0xd1, 0xcb, 0x06, 0x56, 0x88, 0x0c, 0xd2, 0x18, 0xa8]),
    (98401, [0x4e, 0x81, 0x31, 0xfd, 0x51, 0x69, 0x52, 0x41, 0xbd, 0x4a, 0x5b, 0x68, 0x6d, 0x34, 0x63, 0xd6]),
    (98402, [0xbf, 0x70, 0xad, 0x46, 0x44, 0xf1, 0x30, 0x49, 0x44, 0x11, 0xc7, 0x19, 0x14, 0xbf, 0x9d, 0xa7]),
    (98403, [0x52, 0x0d, 0x0f, 0x6f, 0x72, 0xa5, 0x4c, 0xfd, 0x3e, 0xbd, 0xe9, 0x8f, 0x49, 0x37, 0x95, 0x31]),
    (98404, [0x5c, 0x7e, 0x66, 0x86, 0xc2, 0xd2, 0x1d, 0xf4, 0xb8, 0x90, 0xec, 0x7e, 0x63, 0xc8, 0x00, 0xce]),
    (98405, [0xc1, 0x3f, 0x4e, 0xae, 0xbe, 0x50, 0xa0, 0x63, 0x87, 0x22, 0xb2, 0x1b, 0x17, 0x90, 0xe0, 0x00]),
    (98406, [0x63, 0x4e, 0xef, 0x76, 0x66, 0x73, 0xf5, 0xd5, 0x50, 0x5a, 0x42, 0x70, 0x2b, 0x23, 0xd3, 0x57]),
    (98407, [0x5a, 0x46, 0x4e, 0xf7, 0x5e, 0x5d, 0x38, 0x5c, 0x3b, 0xb1, 0x45, 0x28, 0xff, 0xca, 0xe4, 0x60]),
    (98421, [0x29, 0x35, 0x08, 0x03, 0x29, 0xe0, 0x9e, 0x4f, 0xf7, 0xca, 0x5b, 0x32, 0xcf, 0xd1, 0x64, 0x2a]),
    (98422, [0xda, 0xac, 0x93, 0x6e, 0x93, 0xae, 0xec, 0xed, 0xa3, 0xcb, 0x53, 0x40, 0x37, 0xc8, 0x48, 0xa8]),
    (98423, [0x8e, 0xde, 0x58, 0xee, 0x71, 0xee, 0x50, 0xa9, 0x7b, 0xcd, 0x77, 0x86, 0xe6, 0x0b, 0xe6, 0xcd]),
    (98424, [0x82, 0x0f, 0x55, 0xd5, 0x83, 0x8b, 0x5d, 0xd8, 0xc4, 0xa7, 0x02, 0x2f, 0x54, 0x68, 0xf3, 0x06]),
    (98425, [0xaa, 0xb7, 0x07, 0xe9, 0x9c, 0x20, 0xc3, 0xfc, 0xf7, 0x3a, 0x5c, 0x49, 0x16, 0x15, 0x93, 0xb1]),
    (98426, [0xaf, 0xb0, 0x04, 0x30, 0x1a, 0x50, 0x63, 0xb6, 0xb4, 0x19, 0x31, 0x42, 0xab, 0xf5, 0xe4, 0xe0]),
    (98427, [0x88, 0x45, 0xff, 0xb9, 0x1e, 0x0a, 0x5b, 0xe1, 0x39, 0x38, 0x82, 0x05, 0xa8, 0x50, 0x26, 0x0a]),
    (98511, [0xf5, 0x74, 0x9d, 0x12, 0x53, 0x35, 0x7a, 0x8d, 0x7c, 0xed, 0xff, 0x8b, 0x87, 0xcb, 0xe4, 0x64]),
    (98512, [0xc0, 0xd7, 0x23, 0x14, 0x17, 0xbd, 0x3f, 0xa0, 0x2a, 0xc0, 0xe3, 0x27, 0x28, 0xcf, 0xcb, 0xe0]),
    (98601, [0xcd, 0xac, 0xa7, 0x12, 0x7a, 0x51, 0x5a, 0x67, 0x46, 0x6c, 0xcf, 0x8a, 0x88, 0xa8, 0x6d, 0x47]),
    (98801, [0x40, 0x14, 0x12, 0xfb, 0x04, 0xd2, 0x47, 0x3a, 0xaa, 0x6a, 0x98, 0xf9, 0xf0, 0x5c, 0x56, 0x4b]),
    (98802, [0xf7, 0x7b, 0x93, 0x77, 0x44, 0x32, 0x12, 0x6f, 0x1c, 0x6d, 0x98, 0x7c, 0xe7, 0xce, 0x8b, 0xbb]),
    (98811, [0x93, 0x4c, 0x34, 0x2e, 0xc8, 0x30, 0xd9, 0x04, 0x4e, 0x3b, 0x29, 0xd0, 0x6d, 0x27, 0x36, 0x9d]),
    (98820, [0x0d, 0x42, 0x37, 0xce, 0x91, 0x68, 0x2e, 0xb3, 0xfc, 0x39, 0x83, 0x05, 0x1b, 0x9d, 0xff, 0x32]),
    (98821, [0x24, 0xe8, 0x81, 0x8a, 0x40, 0xda, 0xb4, 0xb4, 0x16, 0xb1, 0x89, 0x33, 0x65, 0x37, 0x5a, 0xee]),
    (98822, [0xeb, 0x09, 0xa9, 0x06, 0x4b, 0x0d, 0x89, 0x2d, 0x6f, 0x3e, 0x1b, 0x23, 0xff, 0x4f, 0x38, 0xf0]),
    (98902, [0x9d, 0xd7, 0xd5, 0xb1, 0xb1, 0x77, 0x2c, 0xa3, 0x64, 0x49, 0xc9, 0x18, 0xdb, 0x09, 0x32, 0x2c]),
    (99102, [0x22, 0x06, 0x87, 0x1b, 0x6e, 0x92, 0x29, 0x3f, 0xc3, 0x8f, 0x70, 0xfd, 0x09, 0xe5, 0xde, 0x50]),
    (99103, [0x5c, 0x13, 0x4d, 0xd8, 0x4e, 0x30, 0x37, 0x62, 0x3e, 0x02, 0x1d, 0xd8, 0xca, 0xed, 0xf9, 0xf4]),
    (99121, [0x65, 0x9d, 0xeb, 0x02, 0x8e, 0xda, 0x0c, 0x12, 0xe9, 0xbe, 0xf0, 0x18, 0xd4, 0x8d, 0xe3, 0xa8]),
    (99201, [0x46, 0x3e, 0x8d, 0x88, 0x72, 0xbb, 0xb9, 0x41, 0x11, 0x59, 0xee, 0x81, 0x70, 0xf7, 0xc2, 0xbb]),
    (99301, [0x18, 0xef, 0x76, 0xb3, 0x87, 0x46, 0x2c, 0x27, 0xa1, 0xbe, 0xcd, 0x2c, 0xaf, 0x98, 0xe1, 0x2a]),
    (99311, [0x93, 0x96, 0x2b, 0x2d, 0xa7, 0xac, 0xa6, 0x87, 0x0e, 0xfb, 0x34, 0x96, 0xb5, 0xfe, 0x6c, 0x0d]),
    (99401, [0xd6, 0xef, 0x24, 0x0e, 0x71, 0x35, 0x57, 0xc5, 0x5f, 0x46, 0x1f, 0x69, 0x0b, 0x08, 0xd5, 0x54]),
    (99501, [0x4b, 0xb2, 0xa3, 0x59, 0x78, 0x76, 0xc3, 0xe0, 0x8e, 0x10, 0x87, 0x9f, 0x4d, 0x3d, 0x13, 0xb1]),
    (99511, [0xe5, 0x52, 0x19, 0xc0, 0x0c, 0x90, 0x01, 0xef, 0x95, 0x6b, 0xb8, 0x56, 0x54, 0xdc, 0xed, 0x1a]),
    (99581, [0x27, 0xeb, 0x6b, 0x2d, 0x7d, 0xa6, 0xb3, 0xde, 0x77, 0x24, 0x94, 0x8c, 0x94, 0x5c, 0x25, 0xe3]),
    (99610, [0xc2, 0xf5, 0x4d, 0xe4, 0xc2, 0x77, 0x42, 0xc3, 0xb0, 0x1b, 0xbf, 0xbc, 0xc0, 0x2d, 0x03, 0x72]),
    (99611, [0x2d, 0xbd, 0xd5, 0xfb, 0xf2, 0x2b, 0x09, 0x98, 0xd7, 0x8b, 0xf5, 0x93, 0xb7, 0xf1, 0x42, 0x2d]),
    (99612, [0xeb, 0x4b, 0xc9, 0x0e, 0x93, 0xa7, 0xf9, 0x7c, 0xac, 0x31, 0x2f, 0x2e, 0xad, 0x7c, 0x3a, 0x5d]),
    (99613, [0x2a, 0x63, 0x7a, 0x82, 0x40, 0x6c, 0x35, 0x3c, 0x0d, 0xdc, 0x52, 0xf4, 0x23, 0xa5, 0xeb, 0x00]),
    (99614, [0xbc, 0xe6, 0xe6, 0xc4, 0x49, 0xcb, 0xb4, 0x68, 0xf7, 0x51, 0x2d, 0x6b, 0xc2, 0x3a, 0xce, 0xcc]),
    (99615, [0xe6, 0x71, 0x1b, 0xe4, 0xd4, 0xde, 0x68, 0x85, 0x1a, 0xd5, 0xb9, 0xdc, 0xa1, 0x22, 0x5d, 0x72]),
    (99811, [0x7c, 0xd5, 0x5c, 0x7a, 0x2c, 0x94, 0x0a, 0xad, 0x2f, 0xc1, 0x0a, 0xa9, 0xec, 0x29, 0x66, 0x3a]),
    (99812, [0xc0, 0x96, 0x0c, 0xf5, 0xb5, 0xb6, 0x6e, 0xcc, 0x19, 0x7f, 0xf6, 0x0c, 0xaf, 0x02, 0x3c, 0x58]),
    (99813, [0x57, 0x67, 0xfb, 0x74, 0xc2, 0xb3, 0xde, 0xe1, 0xf1, 0x42, 0x99, 0xac, 0xf5, 0x81, 0x57, 0x25]),
    (99814, [0xd8, 0xd8, 0x60, 0x85, 0xc4, 0x65, 0x9b, 0x8d, 0x04, 0x39, 0x25, 0xde, 0x97, 0x0c, 0x0d, 0x65]),
    (99815, [0x6c, 0x11, 0xa0, 0xb2, 0x9f, 0xf8, 0x60, 0xbd, 0xe0, 0x02, 0x63, 0x17, 0x75, 0xff, 0x82, 0xbd]),
    (99816, [0x3f, 0x48, 0x8f, 0x56, 0xd1, 0xe7, 0x12, 0xa3, 0xaa, 0x1f, 0x2b, 0xda, 0x6a, 0x2c, 0xe3, 0x90]),
    (99817, [0x46, 0x78, 0x11, 0x92, 0xb2, 0xa8, 0x11, 0x50, 0x8c, 0xb3, 0x1c, 0x1f, 0x16, 0x9f, 0x89, 0x13]),
    (99818, [0x69, 0xed, 0x3e, 0x70, 0xc9, 0xe3, 0xfd, 0xa2, 0x39, 0x07, 0x76, 0xeb, 0xb2, 0x6c, 0xe9, 0x6e]),
    (99819, [0xd9, 0x68, 0x0c, 0x3c, 0xe8, 0x98, 0x21, 0xcf, 0xd1, 0x9d, 0xce, 0x26, 0x7d, 0xc3, 0xf5, 0xf9]),
    (99820, [0x1a, 0x93, 0x60, 0x9e, 0x37, 0xde, 0x1d, 0x56, 0x0e, 0x88, 0xa9, 0xf8, 0x9e, 0x26, 0x1f, 0xb7]),
    (99821, [0xa5, 0x96, 0x91, 0xce, 0x4d, 0x34, 0x34, 0xfc, 0x04, 0x4a, 0xef, 0x4c, 0xd9, 0x7c, 0xe9, 0x5d]),
    (99831, [0xf6, 0x61, 0x1d, 0x64, 0x6a, 0x3e, 0x1a, 0xd6, 0xc2, 0x63, 0xa1, 0x97, 0x4b, 0x96, 0x58, 0x05]),
    (99832, [0x72, 0x14, 0x4a, 0x6d, 0x43, 0x6b, 0x5f, 0x3d, 0x94, 0xfd, 0x50, 0x75, 0x94, 0xf5, 0x6f, 0xd8]),
    (99833, [0xcd, 0xa1, 0x37, 0x10, 0xc9, 0x29, 0x61, 0xc7, 0xb2, 0x47, 0x09, 0x69, 0x39, 0x2d, 0xa6, 0xb5]),
    (99834, [0xe3, 0x6c, 0xce, 0x92, 0x3a, 0xeb, 0xeb, 0x4f, 0x49, 0xe6, 0xc8, 0x88, 0x7d, 0x94, 0xf8, 0xdd]),
    (99835, [0x31, 0x63, 0x9b, 0x90, 0x16, 0x35, 0xed, 0x3c, 0x5a, 0xf9, 0x5e, 0x27, 0x46, 0x1a, 0x6d, 0xae]),
    (99836, [0x38, 0x5b, 0xad, 0x07, 0xf1, 0x06, 0x68, 0xe7, 0x04, 0x34, 0xb6, 0x2d, 0x28, 0x12, 0x92, 0x6a]),
    (99837, [0xf2, 0x04, 0x59, 0x2e, 0x44, 0x0d, 0xe7, 0xa6, 0x2a, 0x7c, 0x2e, 0xa7, 0xef, 0x21, 0xd4, 0x63]),
    (99838, [0x48, 0xf0, 0x8a, 0xa6, 0xdc, 0x0f, 0x72, 0x94, 0x5e, 0x57, 0xb7, 0x5a, 0xa6, 0x10, 0x20, 0x2a]),
    (99839, [0x53, 0x24, 0xaa, 0xcd, 0xcc, 0x1a, 0x2c, 0xcb, 0xca, 0x60, 0xc2, 0xb2, 0x4c, 0x08, 0xd0, 0x9e]),
    (99841, [0x6c, 0x29, 0xf6, 0xe3, 0xc4, 0x45, 0xd2, 0x8e, 0x69, 0x1e, 0x0b, 0x69, 0x2f, 0xc5, 0x5d, 0x2a]),
    (99843, [0x34, 0xd7, 0xd7, 0x58, 0x05, 0xf2, 0x64, 0x52, 0x1d, 0x6e, 0xff, 0x7b, 0x38, 0x99, 0xcb, 0x3e]),
    (99844, [0x60, 0xee, 0x20, 0x81, 0x0c, 0x1d, 0xec, 0xdc, 0x7e, 0x5d, 0xeb, 0x41, 0xc1, 0x67, 0xf7, 0xe1]),
    (99891, [0xb6, 0x52, 0xe9, 0x95, 0x14, 0x3c, 0x0b, 0xea, 0xb0, 0x60, 0xd0, 0x7d, 0x3b, 0x18, 0xd9, 0xc1]),
    (99895, [0x63, 0x42, 0xea, 0x95, 0x5f, 0x64, 0xa0, 0x86, 0x83, 0x57, 0xc5, 0x95, 0xf0, 0x61, 0xd1, 0xaf]),
    (99896, [0x63, 0x42, 0xea, 0x95, 0x5f, 0x64, 0xa0, 0x86, 0x83, 0x57, 0xc5, 0x95, 0xf0, 0x61, 0xd1, 0xaf]),
    (99901, [0x19, 0x45, 0xca, 0x30, 0xdb, 0x11, 0xdf, 0x42, 0xa3, 0x3f, 0x4b, 0xea, 0x62, 0xeb, 0x89, 0xd5]),
    (99902, [0x97, 0x46, 0xc8, 0x1a, 0x83, 0x58, 0x28, 0x56, 0xad, 0xfd, 0x4e, 0x9c, 0xb8, 0xb1, 0xdc, 0xa2]),
    (99911, [0x79, 0xaa, 0xd0, 0xb2, 0xaf, 0xb4, 0x42, 0x57, 0x8a, 0xcd, 0xc0, 0xd0, 0x3c, 0x09, 0xba, 0x0f]),
    (99912, [0xc7, 0xe3, 0x9d, 0x2d, 0x9f, 0x9b, 0xef, 0x7c, 0x1f, 0x7d, 0x6d, 0xfc, 0x21, 0xb0, 0x88, 0xc7]),
    (99921, [0xf9, 0x25, 0x44, 0x1d, 0xb2, 0xfb, 0xcb, 0xad, 0x23, 0xd8, 0x85, 0x3d, 0xa3, 0xa2, 0xef, 0xaf]),
    (99922, [0x1b, 0x89, 0x20, 0xe4, 0x27, 0x11, 0x02, 0xad, 0xa2, 0x3d, 0xd6, 0x9e, 0xe2, 0xb7, 0x95, 0x76]),
    (99931, [0xc9, 0xb6, 0xfa, 0x26, 0xf3, 0xcb, 0x6f, 0xf1, 0xba, 0x9d, 0xaf, 0x1f, 0x2a, 0xc7, 0x65, 0xe5]),
    (99932, [0x5a, 0xef, 0x18, 0xbf, 0xa6, 0xa1, 0x4e, 0x88, 0x67, 0x91, 0x65, 0x9b, 0x9a, 0x27, 0x3b, 0x25]),
    (100411, [0x8c, 0x95, 0xc8, 0x6f, 0x3d, 0x3c, 0xa1, 0xc2, 0x5f, 0xfb, 0x00, 0xf7, 0x6a, 0x35, 0x15, 0xd9]),
    (100412, [0x8e, 0x39, 0x53, 0x0a, 0x5f, 0x78, 0x29, 0xad, 0xec, 0x8d, 0x42, 0x59, 0x75, 0x0d, 0x4b, 0x28]),
    (100941, [0x5c, 0xbd, 0xec, 0x0f, 0xc7, 0xeb, 0x42, 0xf2, 0xac, 0xb0, 0x1e, 0xc0, 0x00, 0x54, 0xb4, 0xed]),
    (100971, [0x49, 0xa2, 0x40, 0x04, 0x17, 0x8a, 0x3d, 0x81, 0x76, 0x62, 0xba, 0xc0, 0xca, 0x41, 0x24, 0xcd]),
    (100972, [0x60, 0xf5, 0x32, 0x59, 0x06, 0x22, 0xb9, 0xd3, 0x9b, 0x3c, 0x8d, 0x81, 0x50, 0x01, 0x1f, 0x9f]),
    (100981, [0xb9, 0x37, 0xaa, 0x0d, 0x39, 0xbd, 0x64, 0x2f, 0x78, 0xb7, 0xc2, 0x4f, 0xdc, 0xd8, 0x31, 0x77]),
    (102000, [0x83, 0xc7, 0xb0, 0xbe, 0xea, 0x5d, 0x3c, 0x16, 0x89, 0xfa, 0x85, 0xcd, 0x86, 0x42, 0xa6, 0x58]),
    (102001, [0x83, 0xc7, 0xb0, 0xbe, 0xea, 0x5d, 0x3c, 0x16, 0x89, 0xfa, 0x85, 0xcd, 0x86, 0x42, 0xa6, 0x58]),
    (102002, [0x02, 0x6f, 0xa0, 0xd8, 0x1c, 0x2f, 0x99, 0x27, 0x2d, 0x23, 0x9c, 0x92, 0xe8, 0x23, 0xe1, 0xfb]),
    (102003, [0x11, 0x0a, 0xd8, 0xdd, 0xda, 0x1b, 0x99, 0x1b, 0x4b, 0x5b, 0xff, 0xdf, 0xcf, 0x19, 0xbf, 0xff]),
    (102021, [0xf3, 0x06, 0xad, 0x63, 0x4b, 0xb0, 0x3b, 0x88, 0xff, 0x5d, 0x8e, 0x65, 0xc7, 0x02, 0x68, 0x5e]),
    (102022, [0xdb, 0x54, 0xf7, 0x68, 0x53, 0x62, 0x48, 0x2c, 0x11, 0x8d, 0xae, 0x96, 0x76, 0xbd, 0xa9, 0x57]),
    (102023, [0x91, 0xa2, 0x2b, 0x72, 0xab, 0xfe, 0x82, 0x77, 0xd4, 0x81, 0xb1, 0x2d, 0xe7, 0x68, 0x2a, 0x06]),
    (102024, [0xf7, 0xec, 0x4c, 0xae, 0x8b, 0xe6, 0x3d, 0xf4, 0x4c, 0x6a, 0x94, 0xe1, 0x53, 0x84, 0x49, 0x2c]),
    (102025, [0xf1, 0x2b, 0x58, 0x46, 0x06, 0x46, 0xe5, 0x38, 0x24, 0xdb, 0x2d, 0x20, 0xd4, 0x35, 0x57, 0x51]),
    (102026, [0xab, 0x44, 0xa8, 0x70, 0xfb, 0x5e, 0x0b, 0x46, 0x6e, 0xc0, 0x9d, 0x58, 0x9c, 0x92, 0x4c, 0xd7]),
    (102027, [0x39, 0x97, 0x53, 0x42, 0x1d, 0x11, 0x8f, 0xf9, 0x24, 0x85, 0x41, 0x53, 0xfe, 0x0a, 0x34, 0x66]),
    (102028, [0xd2, 0x58, 0xb8, 0x20, 0xb4, 0xfb, 0x88, 0xd0, 0x6d, 0xe6, 0x33, 0xc9, 0x79, 0x36, 0x39, 0xfe]),
    (102029, [0x71, 0x92, 0x1d, 0x2d, 0xa7, 0x94, 0x30, 0x2d, 0x5a, 0xb2, 0xdd, 0x17, 0x11, 0xa4, 0x63, 0x22]),
    (102402, [0x69, 0x7a, 0x48, 0xc7, 0x22, 0xb4, 0x43, 0x45, 0x1b, 0x69, 0x3c, 0xa7, 0x61, 0x8a, 0xf4, 0xe8]),
    (102412, [0xcd, 0x7c, 0xba, 0xea, 0xcf, 0xbc, 0x44, 0x50, 0x8e, 0xfe, 0x68, 0xb3, 0xe6, 0x8f, 0x4e, 0xc0]),
    (102501, [0xc5, 0x33, 0x21, 0x64, 0xe0, 0x1e, 0x7c, 0x77, 0xd1, 0x76, 0xbf, 0x84, 0x5a, 0x31, 0x55, 0x0a]),
    (102502, [0x6d, 0x0b, 0x27, 0xa9, 0x46, 0xe9, 0xa6, 0xb1, 0xa1, 0x1e, 0x63, 0xf8, 0x2b, 0xfe, 0x39, 0x2d]),
    (102503, [0x1d, 0x1c, 0x7b, 0xe5, 0x2f, 0x19, 0xc1, 0x1e, 0x24, 0x8b, 0xba, 0x1c, 0xd4, 0x71, 0xb9, 0x9e]),
    (102504, [0xb9, 0x33, 0x97, 0x38, 0xcd, 0xf0, 0xc2, 0x1d, 0x5d, 0x5f, 0xd6, 0xd1, 0xee, 0xd0, 0xf8, 0xb1]),
    (102510, [0x9c, 0x2f, 0x64, 0xdd, 0x60, 0x9e, 0x2e, 0xaf, 0x50, 0x15, 0x82, 0xe1, 0xe7, 0x1d, 0x1d, 0x2f]),
    (102511, [0xb0, 0xdb, 0xa6, 0x5f, 0x0c, 0x25, 0x44, 0xe1, 0xa6, 0xef, 0x81, 0x1d, 0x40, 0x17, 0xc4, 0xae]),
    (102512, [0x1d, 0x36, 0x59, 0xd8, 0x3f, 0x98, 0xb4, 0x6b, 0x4b, 0x39, 0x53, 0x0a, 0xf8, 0x2d, 0xf7, 0x3f]),
    (102513, [0x15, 0x16, 0x65, 0x67, 0x71, 0xa8, 0x63, 0x6b, 0x2e, 0xcc, 0x88, 0x44, 0x90, 0xc8, 0x0c, 0xd8]),
    (102514, [0x4e, 0xdd, 0x46, 0x99, 0x6d, 0x42, 0xbe, 0x2d, 0x62, 0x56, 0xbd, 0x78, 0x01, 0x7f, 0x20, 0x90]),
    (102515, [0x19, 0xeb, 0xf8, 0x92, 0x05, 0x71, 0xd6, 0x4a, 0xc8, 0xc1, 0x99, 0xe9, 0x34, 0x3f, 0x32, 0x53]),
    (102516, [0xc9, 0x75, 0x41, 0x85, 0xa8, 0x5f, 0x73, 0xbc, 0xfd, 0x56, 0x0b, 0x9f, 0x17, 0xd0, 0x81, 0xaf]),
    (102517, [0xe0, 0x9b, 0x5d, 0x32, 0xd2, 0x9f, 0xe5, 0xef, 0xaa, 0xc1, 0x4b, 0xd2, 0xaa, 0xe6, 0x40, 0xa8]),
    (102601, [0x5d, 0x5c, 0x03, 0x9c, 0x68, 0xe0, 0xa0, 0x3b, 0x38, 0x9f, 0xc7, 0x2a, 0xdd, 0x72, 0x61, 0x2b]),
    (102602, [0xb7, 0x16, 0x8d, 0x1f, 0x17, 0x00, 0x9f, 0x32, 0x18, 0x60, 0xfe, 0x72, 0x4a, 0x06, 0x6c, 0x80]),
    (102603, [0x92, 0x68, 0x63, 0x75, 0x05, 0x00, 0x1b, 0xc2, 0xb2, 0x01, 0xa2, 0xea, 0x1a, 0x8e, 0xce, 0x35]),
    (102611, [0xa8, 0x3b, 0x05, 0x82, 0x6b, 0x67, 0x91, 0x2f, 0x5d, 0xbb, 0x02, 0x36, 0x0c, 0x98, 0x05, 0x9c]),
    (102620, [0x42, 0xb4, 0xfd, 0x05, 0x9a, 0xfd, 0xcd, 0xce, 0xd2, 0xb6, 0x37, 0x32, 0x9b, 0xa7, 0xe8, 0x5f]),
    (102621, [0x2a, 0x66, 0x30, 0xb8, 0xc6, 0x2d, 0x80, 0x69, 0x26, 0xa4, 0xd5, 0x67, 0x3b, 0x66, 0xae, 0x7a]),
    (102622, [0x52, 0xbe, 0xba, 0xc9, 0x2e, 0x35, 0xe8, 0xfb, 0xc9, 0xb4, 0x00, 0x45, 0x0d, 0x0a, 0x44, 0x87]),
    (102623, [0xb3, 0x7d, 0xe2, 0xbd, 0x86, 0xf9, 0x62, 0x12, 0xbf, 0xbf, 0x8e, 0xc8, 0x44, 0xad, 0x4b, 0xfc]),
    (102624, [0x99, 0x74, 0xa1, 0xde, 0xcf, 0xd8, 0x6a, 0x5c, 0xea, 0x03, 0x16, 0xbe, 0x86, 0x69, 0x6a, 0xed]),
    (102630, [0x97, 0xd0, 0x18, 0x94, 0xe7, 0x16, 0xc5, 0xa5, 0xbd, 0xad, 0x23, 0x9b, 0x60, 0x0f, 0x45, 0x36]),
    (102631, [0x26, 0xe3, 0x75, 0x70, 0x7a, 0x34, 0x29, 0x68, 0x62, 0x05, 0x79, 0xe4, 0x0a, 0xa5, 0xa0, 0xfc]),
    (102632, [0x8e, 0x99, 0x1c, 0x25, 0xdc, 0xc8, 0x88, 0xec, 0xa5, 0x08, 0x4c, 0x14, 0x4a, 0xbb, 0xd8, 0x35]),
    (102633, [0x9b, 0x64, 0x78, 0x83, 0x6b, 0x53, 0x01, 0xc0, 0xb6, 0xee, 0x8b, 0xf7, 0xef, 0x67, 0x63, 0xf9]),
    (102634, [0xb8, 0x0b, 0x88, 0xda, 0x13, 0x0a, 0x4f, 0x44, 0x65, 0x0a, 0x65, 0x86, 0x74, 0xd3, 0xb7, 0x7c]),
    (102635, [0xdf, 0x69, 0x3a, 0x9f, 0xaa, 0x30, 0x33, 0xa3, 0x4b, 0xde, 0xef, 0xa5, 0xb4, 0xf4, 0x80, 0x57]),
    (102636, [0x97, 0x31, 0xd7, 0x0b, 0x65, 0x4c, 0xfe, 0x5c, 0xbf, 0x2a, 0x0f, 0xaa, 0xa5, 0x9e, 0x83, 0xdb]),
    (102637, [0x95, 0x27, 0x8f, 0xe2, 0xa1, 0xde, 0x69, 0xc3, 0xe0, 0x04, 0xc5, 0x82, 0x76, 0xde, 0x65, 0xe3]),
    (102638, [0x14, 0x56, 0x25, 0x20, 0x53, 0xae, 0x79, 0x44, 0x13, 0xbb, 0x79, 0xed, 0x5d, 0x6d, 0x33, 0xb2]),
    (102639, [0x1f, 0x60, 0xf0, 0x0a, 0xc1, 0xd3, 0x0b, 0x7e, 0x24, 0x96, 0x62, 0xf8, 0x83, 0x8f, 0xc2, 0xea]),
    (102841, [0xf4, 0x9d, 0x1e, 0xf3, 0xd6, 0x6a, 0xcd, 0x53, 0xe2, 0x84, 0xfc, 0xf5, 0x3f, 0xec, 0xc3, 0xfb]),
    (102851, [0x92, 0xa3, 0xb8, 0xc8, 0x9e, 0xfd, 0x8b, 0x20, 0x4c, 0xbb, 0xab, 0x8f, 0xe3, 0x92, 0x70, 0x29]),
    (104021, [0xc1, 0x03, 0x81, 0x58, 0x72, 0x7a, 0x67, 0x1a, 0x7a, 0x78, 0xf9, 0x2d, 0x52, 0xd0, 0xaf, 0x01]),
    (104022, [0x9c, 0x79, 0xa1, 0x95, 0xbf, 0x57, 0x72, 0x75, 0x0f, 0x01, 0xa4, 0xbc, 0x04, 0x3c, 0x45, 0x5f]),
    (104102, [0x56, 0x68, 0xd0, 0xe4, 0x6c, 0xcd, 0xfd, 0x45, 0xdd, 0x0b, 0xd9, 0x16, 0x9b, 0x9f, 0x2c, 0x0a]),
    (104311, [0xfe, 0x31, 0x5f, 0x98, 0x93, 0x76, 0x35, 0x82, 0x47, 0x4b, 0x3d, 0xa5, 0x23, 0xcc, 0xe4, 0x1f]),
    (104321, [0xc7, 0x1d, 0xa0, 0xf3, 0x01, 0xe4, 0x4a, 0x71, 0x65, 0x97, 0x9d, 0xaa, 0x42, 0x5f, 0xe2, 0xed]),
    (104322, [0xb7, 0x27, 0x18, 0xb4, 0x46, 0x7e, 0x7c, 0xff, 0x76, 0xa2, 0xb5, 0x2d, 0xbb, 0x12, 0x4c, 0xee]),
    (104341, [0xa7, 0x1b, 0x5d, 0xf3, 0xab, 0xd4, 0x94, 0xa0, 0xbe, 0xbc, 0xd3, 0x24, 0x8b, 0x79, 0x8d, 0xe1]),
    (104601, [0xf2, 0x59, 0xfc, 0x31, 0xae, 0x05, 0x99, 0x63, 0xc0, 0xac, 0x60, 0x1c, 0x4d, 0x64, 0xf1, 0x1b]),
    (104602, [0x21, 0xbc, 0x29, 0x94, 0xcd, 0xb8, 0x7b, 0x1f, 0x55, 0x9f, 0x36, 0x60, 0xd0, 0x1b, 0x14, 0x86]),
    (104701, [0x11, 0xf4, 0x59, 0xf6, 0x65, 0x69, 0x12, 0x5d, 0x83, 0xcc, 0x5a, 0xd4, 0x78, 0xce, 0x16, 0xd2]),
    (104805, [0xa7, 0xb9, 0x00, 0x3d, 0x9a, 0xe5, 0x76, 0x49, 0x32, 0x20, 0xc5, 0x43, 0x9a, 0xbd, 0xd0, 0x2b]),
    (104806, [0x20, 0x5d, 0x03, 0x9b, 0x89, 0xba, 0x42, 0x95, 0x00, 0xa2, 0xb9, 0xbd, 0x22, 0x78, 0x1c, 0xdd]),
    (104807, [0xe5, 0x89, 0x2d, 0x1d, 0x49, 0x6b, 0xc8, 0x4f, 0x1f, 0x1c, 0xbc, 0x24, 0x9f, 0xbf, 0xb5, 0x1c]),
    (104808, [0x8d, 0xfe, 0x95, 0x2c, 0x85, 0x19, 0x29, 0x62, 0xde, 0x7b, 0x68, 0xe2, 0xc3, 0xff, 0x84, 0xcc]),
    (104809, [0xc0, 0x73, 0x3a, 0x9e, 0xb9, 0x50, 0xfb, 0xdd, 0x91, 0xf3, 0xab, 0xec, 0x7d, 0xf6, 0x21, 0x3b]),
    (104810, [0x59, 0xa6, 0xdc, 0x74, 0xd1, 0xf8, 0xa7, 0xf7, 0xf2, 0x78, 0xbd, 0x10, 0x33, 0xa2, 0x90, 0x75]),
    (104811, [0x92, 0xe3, 0x9f, 0x36, 0xd4, 0x73, 0xdd, 0x15, 0x84, 0xdf, 0xf6, 0x17, 0x7a, 0xf1, 0x76, 0xab]),
    (104812, [0xf3, 0x9d, 0x49, 0x86, 0x48, 0xc0, 0xd4, 0xdc, 0xee, 0xdc, 0x6b, 0x4d, 0x08, 0x06, 0xdc, 0x3c]),
    (104813, [0xb7, 0x4d, 0x3c, 0x2d, 0x74, 0x33, 0xf3, 0x0a, 0x4f, 0x40, 0xc4, 0x63, 0x18, 0xe8, 0x21, 0xaa]),
    (104814, [0x3a, 0xe3, 0x79, 0x34, 0xaf, 0x3c, 0xc4, 0x16, 0xbe, 0xa2, 0x82, 0xa3, 0x00, 0x13, 0xa3, 0x5f]),
    (104901, [0xd7, 0x03, 0xc1, 0xc1, 0x01, 0x75, 0x5b, 0xf2, 0x9a, 0xe9, 0xfd, 0xc6, 0xc9, 0x30, 0xf0, 0x93]),
    (105101, [0x6f, 0xd4, 0xa3, 0x84, 0x80, 0xf5, 0xf4, 0x31, 0x62, 0x73, 0x17, 0x65, 0x31, 0x8c, 0x82, 0x8c]),
    (105102, [0x4a, 0x2e, 0x4f, 0x2f, 0x37, 0x8b, 0xfd, 0x46, 0x68, 0x5b, 0x9b, 0x17, 0xd3, 0x03, 0x1d, 0xb7]),
    (105201, [0x1c, 0xb5, 0x33, 0x94, 0x9d, 0x17, 0x19, 0x7d, 0x47, 0x8b, 0x9f, 0xaa, 0xc6, 0x7a, 0x0e, 0x98]),
    (105202, [0xb9, 0xf4, 0x85, 0x70, 0x6e, 0x8e, 0xda, 0x09, 0xc1, 0x92, 0x83, 0xd5, 0x71, 0xc1, 0x22, 0x3b]),
    (105301, [0x95, 0x21, 0xe9, 0x96, 0xa7, 0x6b, 0xba, 0x79, 0x22, 0x15, 0x73, 0x01, 0x01, 0xde, 0x28, 0x51]),
    (105302, [0xa9, 0x10, 0x87, 0xff, 0x92, 0xb8, 0x0c, 0x92, 0x3d, 0x1c, 0xb0, 0x6a, 0x09, 0x60, 0x35, 0xa1]),
    (105311, [0x00, 0xbe, 0x19, 0xe0, 0xae, 0x3e, 0xef, 0xe5, 0x7b, 0x8e, 0x39, 0xad, 0x67, 0x07, 0x3c, 0xb4]),
    (105401, [0x75, 0xf4, 0x74, 0xa2, 0x6b, 0x32, 0x0b, 0xae, 0x63, 0x25, 0xaf, 0x53, 0x45, 0x24, 0x2d, 0xf3]),
    (105402, [0x8e, 0xed, 0x2f, 0x94, 0x66, 0xa9, 0xd1, 0x91, 0x2a, 0xbd, 0x86, 0xe3, 0x6b, 0x2b, 0xad, 0x6b]),
    (105403, [0xdd, 0x83, 0xfe, 0x99, 0x35, 0xb7, 0x16, 0xb7, 0x55, 0x2f, 0xff, 0x5c, 0x27, 0x73, 0x04, 0xb4]),
    (105404, [0x07, 0x44, 0x43, 0x5e, 0xe1, 0xa1, 0x40, 0x94, 0x0c, 0xbe, 0xe5, 0x57, 0x1d, 0x1f, 0x70, 0xbc]),
    (105405, [0x3f, 0xa7, 0x93, 0x3c, 0xca, 0xe2, 0x0e, 0x48, 0x66, 0x67, 0xa5, 0xe4, 0xef, 0x67, 0xd6, 0xb0]),
    (105421, [0x1a, 0xf0, 0xe8, 0x7c, 0x36, 0xf8, 0x33, 0x1f, 0x1a, 0xc9, 0x5e, 0xe7, 0xd1, 0x50, 0x7d, 0x0f]),
    (105431, [0xbd, 0x93, 0xcd, 0x9f, 0x74, 0xaf, 0x64, 0x76, 0x9f, 0x1f, 0x7d, 0x66, 0x4e, 0x65, 0x33, 0x47]),
    (105451, [0x32, 0x70, 0xc4, 0x4f, 0xdd, 0x5c, 0xf3, 0x50, 0x2f, 0x20, 0x44, 0x6b, 0xce, 0xda, 0x46, 0xe1]),
    (105601, [0x49, 0x30, 0x98, 0xec, 0x6f, 0x6a, 0xe0, 0x2d, 0x26, 0xb3, 0xbe, 0x75, 0x9e, 0x3f, 0x26, 0x8d]),
    (105611, [0xfe, 0x57, 0x75, 0x24, 0x45, 0xd4, 0x0c, 0xd4, 0xbd, 0x37, 0x62, 0x9c, 0xb6, 0xaa, 0x2c, 0xa5]),
    (105701, [0x2e, 0xf5, 0xd5, 0x05, 0xa1, 0xa3, 0x03, 0xc9, 0xe7, 0xe1, 0xa8, 0x15, 0x3e, 0xb6, 0x60, 0x00]),
    (105711, [0x27, 0x03, 0x23, 0xf6, 0x89, 0x1d, 0x86, 0x4a, 0x0f, 0x7d, 0x33, 0xb6, 0x45, 0xe2, 0x5f, 0xa3]),
    (105801, [0x8e, 0xc4, 0x79, 0x4c, 0x42, 0x5e, 0x6e, 0x7e, 0x1e, 0x9e, 0x58, 0x81, 0x87, 0x2a, 0xb4, 0x55]),
    (105802, [0xff, 0xd5, 0x82, 0x02, 0x51, 0x18, 0x08, 0x58, 0xe9, 0xc4, 0xda, 0x8f, 0x17, 0x48, 0x6d, 0xec]),
    (106001, [0x51, 0xf7, 0xe0, 0xd7, 0x4d, 0xd6, 0xfc, 0x84, 0x9f, 0xb0, 0x2a, 0x89, 0x43, 0x41, 0x7f, 0x1f]),
    (106002, [0xad, 0x8d, 0x0c, 0x20, 0x9f, 0x12, 0xdc, 0xdb, 0x0c, 0x6e, 0xe4, 0x2f, 0x37, 0xd1, 0x26, 0x3a]),
    (106003, [0xcf, 0xbd, 0xf4, 0x29, 0x4c, 0xf6, 0xc2, 0xa5, 0x55, 0xbc, 0x24, 0x5e, 0xf2, 0x33, 0x45, 0x45]),
    (106004, [0x1d, 0x83, 0xf3, 0x09, 0xb4, 0xa5, 0x08, 0x50, 0x4c, 0x54, 0xfb, 0xcc, 0x25, 0x46, 0x6c, 0xe6]),
    (106005, [0xfb, 0xbb, 0x03, 0x59, 0xd3, 0xbe, 0x87, 0x70, 0x3e, 0xff, 0xa8, 0xe9, 0xd7, 0xee, 0xd0, 0xca]),
    (106006, [0xdd, 0xb8, 0x53, 0x45, 0xd6, 0x16, 0x76, 0x09, 0x07, 0x9d, 0x72, 0x6e, 0xcc, 0xb1, 0x52, 0xce]),
    (106007, [0xc2, 0xa2, 0x92, 0xd3, 0xeb, 0xb2, 0x8e, 0xf1, 0x83, 0xb6, 0x08, 0xf2, 0xe3, 0x22, 0x67, 0x92]),
    (106008, [0x11, 0xad, 0x44, 0x9d, 0x6d, 0xb1, 0x13, 0x41, 0x54, 0x5b, 0x28, 0xf7, 0x9c, 0xdb, 0x4b, 0x87]),
    (106011, [0x17, 0x99, 0x2c, 0x41, 0x9f, 0x79, 0x08, 0xe8, 0x5a, 0xe0, 0xc6, 0xb7, 0x2b, 0x29, 0x06, 0x95]),
    (106012, [0x4e, 0x89, 0x0b, 0xfc, 0xdc, 0x21, 0xb0, 0x61, 0x60, 0xd9, 0x67, 0x38, 0x97, 0xc7, 0xeb, 0x2c]),
    (107001, [0x65, 0x55, 0x0b, 0x47, 0xe2, 0x63, 0xe6, 0x3c, 0xe2, 0xf0, 0x7c, 0xd1, 0x96, 0xca, 0x85, 0x2a]),
    (107010, [0x58, 0x66, 0x88, 0xdf, 0xeb, 0xb2, 0xf0, 0x07, 0xee, 0x6c, 0x55, 0x3d, 0xe4, 0xd5, 0xc9, 0xa8]),
    (107011, [0x58, 0x66, 0x88, 0xdf, 0xeb, 0xb2, 0xf0, 0x07, 0xee, 0x6c, 0x55, 0x3d, 0xe4, 0xd5, 0xc9, 0xa8]),
    (107101, [0xb3, 0xc0, 0xb5, 0xe5, 0xe7, 0xbc, 0xc9, 0x3f, 0xde, 0x3b, 0x04, 0xa4, 0xe7, 0x45, 0x2d, 0xc9]),
    (107103, [0x1e, 0xd1, 0x12, 0xd3, 0xe2, 0x9c, 0xf7, 0x1c, 0x97, 0x98, 0x93, 0x2e, 0xa8, 0xaf, 0x65, 0xfe]),
    (107104, [0xa9, 0xbc, 0x96, 0x70, 0xd3, 0x9c, 0x4b, 0x08, 0xa4, 0x3f, 0xf7, 0x40, 0x15, 0xae, 0xc9, 0xb7]),
    (107105, [0xb5, 0xcc, 0x81, 0xe4, 0xd0, 0x2c, 0xf1, 0x3c, 0xcd, 0xba, 0xc8, 0x43, 0xe4, 0xb6, 0x39, 0xd4]),
    (107111, [0x97, 0x0e, 0xbb, 0x63, 0xdd, 0xda, 0x2b, 0xa8, 0x16, 0x37, 0xb2, 0xb5, 0x2f, 0x41, 0xe2, 0x5a]),
    (107202, [0x6c, 0x9f, 0xb6, 0xb0, 0x2d, 0x8d, 0xc3, 0x62, 0x09, 0x3d, 0x1e, 0xfb, 0x95, 0xa3, 0x90, 0xda]),
    (107203, [0xcc, 0xe3, 0x2b, 0xb1, 0x07, 0x11, 0xb3, 0x26, 0x9e, 0x5f, 0x9c, 0xfd, 0x56, 0xa6, 0x90, 0x8e]),
    (107211, [0x46, 0x26, 0x00, 0x82, 0xbc, 0x03, 0x52, 0xd2, 0x93, 0xb6, 0xc1, 0x87, 0x6d, 0x43, 0xba, 0x5f]),
    (107401, [0xe1, 0x2f, 0x7d, 0x14, 0x92, 0xaa, 0xc7, 0x9c, 0xa2, 0xbf, 0x27, 0x59, 0x35, 0x2f, 0x7d, 0x36]),
    (107431, [0x8c, 0x11, 0x3d, 0xc9, 0x09, 0xcb, 0x8f, 0xb9, 0xa0, 0x3a, 0xc8, 0x0a, 0x69, 0x43, 0x36, 0x85]),
    (107601, [0xdc, 0x9a, 0x87, 0x63, 0x60, 0xc2, 0xd6, 0xc7, 0xb6, 0xfb, 0x53, 0x73, 0x68, 0xbe, 0xfd, 0x11]),
    (107611, [0x49, 0x29, 0x1d, 0x0e, 0xa9, 0x5c, 0x3d, 0xc5, 0x96, 0x98, 0x27, 0xc4, 0xc3, 0x09, 0xbb, 0x15]),
    (107801, [0xc6, 0x4b, 0x76, 0x15, 0xb7, 0x80, 0x9a, 0xe1, 0xc2, 0x5d, 0xa5, 0x23, 0x5a, 0xef, 0x53, 0xed]),
    (107808, [0xa6, 0xdd, 0x16, 0x48, 0xfc, 0x3a, 0xc9, 0x0d, 0x72, 0x2b, 0x8c, 0x8d, 0x4b, 0x49, 0x46, 0xcd]),
    (107820, [0x60, 0xdf, 0xba, 0x12, 0x76, 0x68, 0xc6, 0x50, 0xcf, 0xef, 0xfc, 0xa3, 0xee, 0x6a, 0x3f, 0x05]),
    (107831, [0x27, 0xe0, 0x85, 0xbb, 0xcf, 0x32, 0xe3, 0x1f, 0xc7, 0x30, 0xbb, 0x2b, 0x10, 0xdc, 0xb5, 0x0e]),
    (107901, [0xd2, 0x8f, 0x49, 0xab, 0x40, 0xc0, 0xc9, 0x6f, 0x79, 0x92, 0x1e, 0x42, 0xb5, 0x88, 0x5b, 0xef]),
    (108101, [0x35, 0x46, 0x99, 0x63, 0x7b, 0xd3, 0x84, 0x10, 0x5f, 0xaa, 0x3b, 0x26, 0xfb, 0xdb, 0xd4, 0x11]),
    (108111, [0xc1, 0xe3, 0xa8, 0xc8, 0x27, 0x64, 0x2e, 0x48, 0xa3, 0xfe, 0x7c, 0x58, 0xe3, 0x33, 0x8c, 0xb3]),
    (108112, [0xf2, 0x0f, 0x54, 0xbf, 0x48, 0xe8, 0x5b, 0xbe, 0x85, 0x5a, 0x01, 0x61, 0x8d, 0x56, 0x92, 0x60]),
    (108201, [0x15, 0x94, 0x25, 0x70, 0xdb, 0x68, 0xc5, 0xd0, 0x1d, 0xea, 0x48, 0x34, 0xd6, 0x56, 0x30, 0xba]),
    (108202, [0x91, 0x68, 0x85, 0x35, 0x5f, 0x71, 0xf3, 0x73, 0xfb, 0xd4, 0xcb, 0xd7, 0xe9, 0xfe, 0xc2, 0x55]),
    (108211, [0x67, 0x07, 0x88, 0x80, 0x38, 0x3c, 0x38, 0x65, 0x07, 0xe5, 0xf6, 0x36, 0x2e, 0xaa, 0x37, 0x04]),
    (108501, [0xd6, 0x3a, 0x60, 0xc1, 0xc2, 0x7d, 0x76, 0x72, 0x5b, 0xe8, 0x31, 0x03, 0x4d, 0xfa, 0xdf, 0x4a]),
    (108502, [0x90, 0x20, 0xba, 0xa3, 0x05, 0xb1, 0xd5, 0x3c, 0xc9, 0x6f, 0xb9, 0x7e, 0x07, 0xa1, 0x1c, 0x14]),
    (108503, [0x9d, 0xb5, 0x57, 0xcd, 0xf4, 0xdd, 0x24, 0x54, 0xc8, 0xdf, 0x0a, 0x8b, 0x2c, 0x52, 0xb9, 0x65]),
    (108504, [0xcd, 0x73, 0x75, 0xb6, 0x27, 0xe7, 0x22, 0x73, 0x0f, 0xdc, 0xf5, 0xdd, 0xed, 0xab, 0x05, 0xf0]),
    (108505, [0x2b, 0xc3, 0x97, 0x3b, 0xa0, 0xb0, 0xa4, 0xa2, 0xcd, 0x07, 0x4e, 0xc6, 0xf9, 0x63, 0x5a, 0x5d]),
    (108601, [0x82, 0x14, 0x94, 0x7e, 0x3f, 0x33, 0xb0, 0x64, 0xa4, 0xb9, 0xf7, 0xd4, 0x47, 0xc9, 0x3a, 0x90]),
    (108701, [0xa5, 0x40, 0x40, 0x97, 0x3e, 0xf4, 0x5d, 0x89, 0x37, 0xe8, 0x47, 0x63, 0x22, 0x62, 0x12, 0xdc]),
    (108711, [0x7f, 0x47, 0xeb, 0x89, 0x10, 0x34, 0xa9, 0x21, 0x21, 0x22, 0x0d, 0x4e, 0x7f, 0x3e, 0x4b, 0x7c]),
    (108712, [0xa5, 0x2a, 0x30, 0x53, 0x8d, 0x51, 0x59, 0x97, 0x76, 0xe2, 0xe8, 0x93, 0x44, 0x77, 0x26, 0x67]),
    (108713, [0xa5, 0xec, 0xa5, 0x4d, 0x4b, 0xb1, 0xe6, 0xed, 0x66, 0x02, 0xb0, 0x53, 0x03, 0x41, 0xac, 0xd9]),
    (108714, [0xd1, 0xb2, 0xaf, 0x69, 0xf0, 0x12, 0x98, 0x8d, 0x5f, 0x92, 0x64, 0x2f, 0xd4, 0xbf, 0x9a, 0x14]),
    (108715, [0xe0, 0x4c, 0xa5, 0x06, 0xc5, 0x21, 0x64, 0x7f, 0x95, 0xef, 0xfd, 0xc2, 0x16, 0xa3, 0x6f, 0x02]),
    (108716, [0x03, 0xa6, 0x20, 0xf6, 0xfe, 0xa5, 0xf5, 0x9c, 0x9c, 0x78, 0x06, 0xe0, 0x61, 0x8e, 0x59, 0x52]),
    (108717, [0x36, 0xfb, 0x79, 0xbf, 0x15, 0x77, 0xe9, 0x6d, 0xb4, 0xb6, 0x46, 0xd9, 0x78, 0xc3, 0x79, 0x5d]),
    (108718, [0x51, 0x80, 0x86, 0x9b, 0xc2, 0x54, 0xa9, 0x7b, 0xbb, 0x48, 0x78, 0xe9, 0x48, 0x3c, 0x9f, 0x24]),
    (108719, [0xc9, 0x63, 0xa4, 0x28, 0x6b, 0x86, 0xeb, 0xa2, 0x12, 0xe2, 0x99, 0x5b, 0x92, 0xd6, 0x21, 0x03]),
    (108720, [0x33, 0xc5, 0xd0, 0x14, 0x78, 0xd9, 0x29, 0x05, 0xb4, 0x88, 0x76, 0xba, 0x65, 0xb6, 0xe1, 0xad]),
    (108721, [0x41, 0x31, 0x30, 0x98, 0x9b, 0x8d, 0xa1, 0x45, 0x4d, 0xeb, 0x69, 0xbe, 0xcb, 0xe8, 0x06, 0x3a]),
    (108722, [0x41, 0x4d, 0x47, 0xf3, 0xe3, 0x21, 0x14, 0x6b, 0xb2, 0x90, 0xc5, 0xf7, 0x4c, 0x31, 0x39, 0xa1]),
    (108723, [0x5e, 0x45, 0xf4, 0x3e, 0x37, 0xb8, 0xd9, 0xfb, 0xd1, 0xa2, 0x62, 0x23, 0xf4, 0x8f, 0x92, 0x02]),
    (108724, [0xd3, 0x9e, 0x1a, 0x39, 0x2e, 0xbe, 0x4c, 0xfa, 0xdf, 0xb8, 0xbe, 0x8a, 0x01, 0xcf, 0xc4, 0xa6]),
    (108725, [0x41, 0xa4, 0x2d, 0xce, 0xfb, 0xbd, 0xb7, 0x0a, 0x4e, 0xd2, 0xe5, 0x4c, 0x17, 0xc4, 0x24, 0x75]),
    (108726, [0xdc, 0x34, 0xbf, 0x70, 0x59, 0xa8, 0x81, 0x85, 0x00, 0x72, 0x5d, 0x7d, 0x58, 0x31, 0x2c, 0x15]),
    (108727, [0x0a, 0xd9, 0xf4, 0xd9, 0x3e, 0xca, 0x67, 0x91, 0xa7, 0xaa, 0x0c, 0xdd, 0x91, 0x12, 0xc8, 0xdd]),
    (108728, [0x2e, 0x22, 0xdd, 0x3f, 0x14, 0xda, 0xf8, 0x50, 0xa7, 0xeb, 0x1b, 0xeb, 0x52, 0x7e, 0xa5, 0x30]),
    (109201, [0x85, 0x20, 0xc5, 0x0e, 0xa5, 0x2e, 0x2e, 0xac, 0x7b, 0x23, 0x42, 0xab, 0xbf, 0x5f, 0xae, 0x87]),
    (109411, [0x32, 0xb1, 0x42, 0x1a, 0x81, 0xc4, 0xc3, 0xd0, 0x07, 0x3d, 0xe7, 0x75, 0xd9, 0x71, 0xf8, 0x00]),
    (109503, [0xf8, 0x21, 0x6e, 0x4e, 0xe9, 0x85, 0x7e, 0x26, 0xfe, 0x97, 0x6a, 0x2e, 0xac, 0xe0, 0xf2, 0x37]),
    (109701, [0xd7, 0xac, 0xb4, 0xfd, 0xce, 0xb1, 0xe5, 0xa7, 0x4a, 0x56, 0x71, 0xfe, 0x23, 0x5a, 0x6f, 0xf2]),
    (109702, [0x4e, 0x94, 0xed, 0xca, 0x22, 0xb8, 0x9f, 0x2c, 0x93, 0xf3, 0x15, 0xf7, 0x9a, 0xff, 0x10, 0x56]),
    (109721, [0x7b, 0x6b, 0x02, 0x37, 0x62, 0x88, 0x1d, 0xf7, 0x50, 0x5f, 0xbb, 0xdb, 0x29, 0x89, 0xc9, 0x56]),
    (110401, [0xdc, 0x6a, 0x2c, 0x2b, 0xed, 0x8d, 0xcd, 0x8f, 0x07, 0x0d, 0xf7, 0xc3, 0xa6, 0x74, 0x73, 0xaa]),
    (110501, [0x76, 0xb8, 0x71, 0x95, 0xaf, 0x78, 0x3b, 0x47, 0x6c, 0x68, 0x39, 0x76, 0x33, 0x34, 0xaf, 0x81]),
    (110521, [0x15, 0x1f, 0xe9, 0x9b, 0x20, 0x79, 0x16, 0x40, 0x7a, 0xc7, 0xc0, 0x5c, 0x64, 0x53, 0x10, 0xf6]),
    (110601, [0x4f, 0xcb, 0xdb, 0x8a, 0xe0, 0xff, 0xf3, 0xf0, 0xcd, 0x5c, 0x33, 0x93, 0xb1, 0x7d, 0xf2, 0xe4]),
    (110611, [0x4d, 0x27, 0xa4, 0xc5, 0x1b, 0x08, 0x99, 0xa8, 0xc2, 0x73, 0xc3, 0x33, 0x3a, 0xbd, 0xf2, 0xc2]),
    (110631, [0xec, 0xc5, 0x25, 0x51, 0xf3, 0xaf, 0x17, 0x8a, 0x63, 0x2f, 0x4c, 0x34, 0x7b, 0x51, 0x5f, 0x42]),
    (110801, [0x48, 0xdb, 0x1e, 0x2f, 0x42, 0x0c, 0x28, 0x23, 0xd2, 0xfb, 0xcd, 0x6c, 0xb5, 0x61, 0xc0, 0xcd]),
    (110802, [0x9a, 0xb7, 0xac, 0x4b, 0xab, 0xd4, 0xc3, 0x10, 0x07, 0x99, 0x15, 0x38, 0x0e, 0x90, 0xb9, 0x09]),
    (110810, [0x53, 0x3a, 0x6f, 0x50, 0x35, 0x05, 0x64, 0xab, 0x55, 0x89, 0x27, 0x90, 0x56, 0x2d, 0x91, 0x04]),
    (111001, [0x47, 0xb5, 0x4e, 0xbb, 0xb0, 0xbe, 0xed, 0xd3, 0x14, 0x90, 0x35, 0xb4, 0x85, 0x11, 0xeb, 0xdd]),
    (111002, [0x9f, 0x8b, 0x0e, 0xfe, 0xc0, 0xb5, 0x36, 0xba, 0x29, 0x18, 0xc3, 0x40, 0xc5, 0x97, 0x75, 0xcc]),
    (111011, [0x21, 0x1c, 0x52, 0x6e, 0xb9, 0x99, 0xda, 0xc0, 0x03, 0xb2, 0x3c, 0xdd, 0x2a, 0x1e, 0x04, 0x19]),
    (111012, [0x28, 0x9a, 0x38, 0x1e, 0x53, 0xe7, 0x3e, 0x50, 0x4c, 0xea, 0x15, 0xc9, 0xce, 0x38, 0x2d, 0x7e]),
    (111021, [0x9b, 0x9b, 0x6c, 0xc9, 0xd5, 0xe9, 0xcd, 0x53, 0x75, 0x83, 0xf2, 0x01, 0xc5, 0xdb, 0xbe, 0x4f]),
    (111022, [0x20, 0x41, 0x21, 0xbe, 0xbe, 0x8d, 0x17, 0x01, 0x5c, 0x37, 0xdb, 0xe2, 0x63, 0xae, 0x3d, 0xfd]),
    (111031, [0xd9, 0x99, 0xa5, 0x80, 0xf6, 0x0b, 0x6b, 0xf2, 0x7b, 0x5f, 0x9c, 0xa0, 0x87, 0x3c, 0x9c, 0x3d]),
    (111032, [0xc7, 0x7a, 0xd9, 0x01, 0xad, 0xdc, 0xd5, 0x44, 0x32, 0x76, 0x76, 0x83, 0x3c, 0x74, 0x03, 0xea]),
    (111101, [0x73, 0x41, 0xec, 0x8b, 0x68, 0x56, 0x92, 0xcd, 0xee, 0x9a, 0xd7, 0xca, 0xda, 0xf2, 0x29, 0xdb]),
    (111102, [0x27, 0x3c, 0x04, 0xc9, 0x00, 0xa5, 0xaf, 0x75, 0x72, 0x5f, 0xe8, 0xe3, 0x6f, 0xd7, 0x82, 0x3f]),
    (111301, [0x81, 0x26, 0xf4, 0xec, 0xd4, 0x2e, 0xd6, 0xd5, 0xa6, 0x87, 0x94, 0x4e, 0xaf, 0x38, 0x7c, 0x19]),
    (111302, [0xb9, 0x24, 0x24, 0xae, 0xbe, 0x9d, 0x3e, 0xcd, 0xc7, 0x97, 0x5a, 0x49, 0xd6, 0xc4, 0x38, 0xb6]),
    (111303, [0x56, 0x98, 0xba, 0xff, 0x36, 0x05, 0x01, 0x8a, 0x83, 0x60, 0x1b, 0x68, 0x4b, 0x70, 0x59, 0x1e]),
    (111401, [0x7d, 0xe5, 0xf1, 0xa5, 0x5f, 0xef, 0x82, 0x69, 0x13, 0x3a, 0x54, 0x9b, 0xfc, 0x25, 0xf4, 0x91]),
    (111601, [0x0a, 0x79, 0xe8, 0x46, 0xed, 0x6b, 0x9d, 0xcb, 0x5a, 0x06, 0xd3, 0x35, 0xcd, 0x60, 0xf2, 0xbf]),
    (111611, [0x66, 0x1e, 0xad, 0xa3, 0xbf, 0x42, 0x30, 0xbf, 0xd6, 0x62, 0xc6, 0xbe, 0x5c, 0xb5, 0x89, 0x13]),
    (111711, [0x9e, 0x0d, 0x87, 0xc2, 0xb3, 0x4d, 0x00, 0xdd, 0x19, 0x75, 0xcf, 0x2f, 0x15, 0x89, 0xf2, 0x0e]),
    (111801, [0x50, 0x42, 0xad, 0x87, 0xc1, 0x59, 0x8c, 0xaa, 0x0c, 0xbe, 0xd8, 0xf2, 0x22, 0x16, 0x26, 0x7f]),
    (111802, [0x2a, 0x64, 0xf2, 0x96, 0xb2, 0x2b, 0x7b, 0xc0, 0x5f, 0x8f, 0xde, 0x7a, 0x37, 0xa8, 0x73, 0x60]),
    (112101, [0x6c, 0xf0, 0x39, 0xa5, 0xe4, 0x54, 0x7d, 0xf6, 0x06, 0x28, 0xb7, 0x7a, 0x7e, 0xff, 0x7a, 0xbd]),
    (112102, [0x44, 0xb5, 0x53, 0xf7, 0x69, 0x36, 0x75, 0xeb, 0xe0, 0x66, 0xb5, 0xeb, 0x73, 0x33, 0x20, 0x3b]),
    (112111, [0x44, 0xbd, 0x22, 0xe3, 0x6c, 0x34, 0x03, 0x1f, 0xa0, 0x77, 0xb9, 0x57, 0x1a, 0x5a, 0x2b, 0x06]),
    (112112, [0x23, 0x03, 0x03, 0x9d, 0x9f, 0x64, 0x8c, 0xbb, 0x8f, 0x06, 0x5e, 0xd4, 0x6c, 0x46, 0x22, 0xeb]),
    (113401, [0x4e, 0x22, 0x9f, 0x88, 0x4f, 0x0e, 0x81, 0x54, 0xd6, 0xe5, 0xfb, 0x79, 0x13, 0x54, 0x39, 0xfa]),
    (113421, [0x00, 0xef, 0x00, 0x3b, 0x25, 0x2f, 0xb4, 0x81, 0xe3, 0x52, 0x20, 0xc7, 0x89, 0x74, 0x8d, 0x0a]),
    (113422, [0xbe, 0xeb, 0x3c, 0xd1, 0xcd, 0xda, 0x18, 0x6e, 0x6b, 0xa2, 0xb1, 0xc9, 0xd9, 0x30, 0xb3, 0xab]),
    (113901, [0xf6, 0xa4, 0x5e, 0xbc, 0x69, 0xaa, 0x01, 0xed, 0x8e, 0x3d, 0x4f, 0x2f, 0xa8, 0x79, 0x6a, 0x80]),
    (115101, [0x2f, 0xcd, 0xd8, 0x0b, 0x35, 0xde, 0x44, 0x4e, 0x09, 0xc7, 0xaa, 0xff, 0x01, 0x84, 0xd3, 0x17]),
    (115102, [0x7b, 0x5b, 0xa6, 0x17, 0x62, 0xde, 0x6e, 0x05, 0xf8, 0x50, 0x0f, 0x6d, 0x4c, 0x72, 0x90, 0xad]),
    (115103, [0x17, 0x95, 0x32, 0xea, 0x33, 0xad, 0xd0, 0x53, 0x9f, 0x1d, 0x9d, 0x92, 0x40, 0x79, 0x93, 0x72]),
    (115104, [0x26, 0x80, 0x81, 0xe8, 0x60, 0x50, 0x8f, 0xb8, 0x16, 0xe6, 0x49, 0xcc, 0x3e, 0x1a, 0x57, 0x89]),
    (115105, [0x2e, 0xff, 0xd8, 0x39, 0x99, 0xb6, 0x51, 0xc0, 0x48, 0xf4, 0xd5, 0xfe, 0x2f, 0xa1, 0xe8, 0xe7]),
    (115106, [0x82, 0xe7, 0xce, 0xa5, 0x85, 0x39, 0x9d, 0x4c, 0x8f, 0x8e, 0x13, 0x4b, 0x11, 0x3d, 0x61, 0xf6]),
    (115111, [0x88, 0x70, 0xe5, 0x09, 0x53, 0xfb, 0x50, 0xd6, 0xc9, 0x6d, 0x23, 0x2d, 0xf9, 0x8f, 0xbe, 0x65]),
    (115112, [0x48, 0x0b, 0x60, 0xe2, 0xf4, 0x55, 0x52, 0xc0, 0x54, 0x76, 0xd7, 0x24, 0x58, 0x74, 0xfc, 0x09]),
    (115113, [0x1c, 0x95, 0xde, 0x49, 0xa9, 0x6f, 0x02, 0x60, 0x97, 0xb9, 0x5f, 0x75, 0x08, 0xf4, 0xc3, 0xd6]),
    (115114, [0x95, 0xe5, 0x81, 0x75, 0x20, 0xc9, 0x5b, 0x04, 0x37, 0x8b, 0x4e, 0x3b, 0x1d, 0x8e, 0x53, 0x43]),
    (115115, [0x1a, 0x69, 0xf1, 0x8b, 0x74, 0x59, 0x46, 0x8a, 0xdc, 0x2c, 0x66, 0xac, 0xf4, 0x71, 0x82, 0xc0]),
    (115116, [0xf7, 0x2a, 0xd3, 0x5b, 0x1d, 0x46, 0x58, 0x90, 0x49, 0xa8, 0xe6, 0x48, 0xbf, 0x59, 0x05, 0x41]),
    (115121, [0x10, 0x39, 0x82, 0xac, 0xf3, 0x33, 0xff, 0x87, 0x82, 0xa1, 0xe7, 0xe1, 0x72, 0x16, 0xb5, 0xf4]),
    (115122, [0x26, 0x87, 0x27, 0xb0, 0x5e, 0x51, 0x0b, 0x23, 0xd0, 0x92, 0x7f, 0x6c, 0xc6, 0xdc, 0x74, 0xcf]),
    (115123, [0xf5, 0xd4, 0x67, 0x7a, 0xe5, 0x24, 0x28, 0x35, 0x84, 0x7c, 0x2d, 0x1e, 0x4a, 0x84, 0x39, 0xa0]),
    (115124, [0x82, 0xf2, 0xe4, 0x41, 0xcf, 0x7f, 0xfe, 0x95, 0x32, 0x8a, 0x25, 0x67, 0x4f, 0xcb, 0x17, 0x90]),
    (115125, [0x60, 0x8e, 0x44, 0xbf, 0xbf, 0xcf, 0x80, 0x19, 0x4d, 0xb6, 0x1e, 0xed, 0xff, 0x00, 0x35, 0xc6]),
    (115126, [0xa0, 0xc5, 0x8b, 0xcf, 0x1e, 0xc3, 0x1d, 0xb0, 0x4f, 0xe6, 0xc8, 0xcd, 0x62, 0xc3, 0xd0, 0x64]),
    (115127, [0xfd, 0x1d, 0xc0, 0x49, 0x02, 0x48, 0x46, 0x13, 0x68, 0xa7, 0xce, 0xcb, 0x86, 0x9e, 0x59, 0x13]),
    (115321, [0xcd, 0x4d, 0x25, 0xee, 0xee, 0xd2, 0x96, 0xfd, 0x25, 0xcc, 0x26, 0x5f, 0x31, 0x9a, 0xd1, 0x2b]),
    (115322, [0x0e, 0xfd, 0xf6, 0x4f, 0x46, 0x97, 0xdb, 0x95, 0x52, 0x1c, 0x1a, 0x69, 0x03, 0xe1, 0xf1, 0xfe]),
    (115323, [0xe4, 0x21, 0x8c, 0x43, 0x61, 0x65, 0xfc, 0xca, 0x60, 0xaf, 0x9f, 0x99, 0x5d, 0x60, 0x2b, 0x70]),
    (115324, [0x8e, 0x30, 0xf6, 0xeb, 0xa8, 0xc2, 0x51, 0xbe, 0x36, 0x58, 0xa4, 0xb5, 0x15, 0x3d, 0x4a, 0xf0]),
    (115325, [0x1b, 0x53, 0x83, 0x5e, 0x0e, 0x63, 0x5b, 0xef, 0x90, 0x3a, 0xd2, 0xa4, 0x5c, 0x2c, 0x6a, 0xd8]),
    (115326, [0x1e, 0xaf, 0xb1, 0x84, 0x75, 0x0b, 0xc4, 0x85, 0xdf, 0x60, 0x13, 0xb4, 0xb9, 0xe2, 0x52, 0x4a]),
    (115327, [0xe0, 0xd0, 0x98, 0x36, 0xc4, 0x39, 0x70, 0xc2, 0xd4, 0xf3, 0x88, 0x3f, 0x81, 0x5c, 0xa9, 0x8b]),
    (115328, [0x67, 0xae, 0x08, 0x1f, 0xe0, 0x26, 0x6c, 0x18, 0x4b, 0xa7, 0x4a, 0xea, 0xc5, 0xb4, 0x27, 0x6b]),
    (115329, [0x78, 0x26, 0xd9, 0xe1, 0x5b, 0xf4, 0x79, 0x86, 0x35, 0x0f, 0x91, 0x1b, 0xc2, 0xe1, 0xce, 0x9b]),
    (115330, [0xa9, 0x04, 0x7f, 0xf1, 0xf7, 0xb2, 0x02, 0x97, 0xf8, 0x26, 0xc9, 0x92, 0xde, 0xfa, 0x34, 0xe4]),
    (116121, [0xa3, 0xab, 0x8f, 0x88, 0xd6, 0x41, 0xb6, 0xd2, 0x52, 0xe0, 0x8e, 0xfc, 0x7d, 0x4c, 0x04, 0xba]),
    (116122, [0xe8, 0xc3, 0x5b, 0x4f, 0xee, 0x75, 0x30, 0x16, 0x3b, 0x18, 0xc7, 0x8b, 0xd1, 0x23, 0xf0, 0x01]),
    (116411, [0x59, 0x3d, 0x2a, 0xc8, 0x05, 0xe6, 0xf6, 0x71, 0x16, 0x47, 0xfc, 0xc2, 0x4c, 0x2c, 0x12, 0x6d]),
    (200021, [0xfa, 0x95, 0x5f, 0xbd, 0x46, 0xc4, 0x7c, 0x69, 0x7d, 0x02, 0xf1, 0x6b, 0x60, 0xc0, 0x09, 0x05]),
    (200022, [0xe1, 0x1e, 0x10, 0x07, 0x4e, 0x04, 0xd8, 0x69, 0xb4, 0xff, 0x79, 0xe6, 0x7f, 0x58, 0x63, 0xef]),
    (200023, [0xa2, 0x58, 0x62, 0x7f, 0xb6, 0xe2, 0xbc, 0x02, 0xb0, 0x4b, 0x61, 0xda, 0x12, 0xf7, 0xee, 0x08]),
    (200024, [0xca, 0xc6, 0xe0, 0x20, 0x2e, 0x67, 0xd1, 0x5e, 0x93, 0x16, 0x4f, 0x16, 0x33, 0xd0, 0xf0, 0x8c]),
    (200025, [0xa8, 0xcb, 0x96, 0xc8, 0x43, 0xd0, 0x76, 0x1f, 0x08, 0xb2, 0xef, 0x27, 0xe5, 0x86, 0xaa, 0x69]),
    (200026, [0x97, 0xd4, 0xb1, 0x0f, 0x92, 0x6b, 0xb4, 0xcb, 0x4b, 0x99, 0x16, 0x7b, 0xbf, 0xd6, 0xec, 0xe9]),
    (200027, [0x7e, 0x05, 0x56, 0x97, 0x00, 0x09, 0x3f, 0x07, 0x9d, 0xc0, 0xd2, 0x7a, 0x3a, 0x5d, 0x54, 0xa4]),
    (200031, [0xdb, 0xf7, 0x0d, 0x87, 0x56, 0x27, 0x8a, 0xeb, 0x42, 0xfa, 0x29, 0x51, 0x38, 0xaa, 0x99, 0xf7]),
    (200051, [0x43, 0x51, 0x63, 0xa6, 0xd9, 0xcf, 0x02, 0x0c, 0x56, 0xc1, 0xf8, 0x2a, 0xe2, 0xe4, 0xfc, 0x5b]),
    (200171, [0x80, 0x83, 0x5d, 0xa0, 0x21, 0xba, 0x3f, 0xe3, 0x21, 0x61, 0xf4, 0xa7, 0x8d, 0x2f, 0x8f, 0x5d]),
    (200172, [0x50, 0xf2, 0x3f, 0xa5, 0x91, 0x1d, 0x04, 0x75, 0x15, 0xf6, 0x88, 0x5f, 0x0b, 0x34, 0x28, 0xee]),
    (200173, [0x86, 0x57, 0xa9, 0x96, 0x0c, 0xbd, 0x9f, 0x9f, 0x95, 0x08, 0xea, 0x38, 0xd6, 0x81, 0x61, 0x91]),
    (200174, [0x7b, 0xda, 0x34, 0x24, 0x73, 0xfa, 0x7e, 0x17, 0x3a, 0x23, 0x47, 0x6a, 0x12, 0x05, 0x65, 0x3f]),
    (200175, [0xa7, 0x50, 0x0d, 0xf4, 0x81, 0x9a, 0x43, 0xbe, 0xc0, 0x2b, 0xfe, 0xe6, 0x2f, 0x93, 0xc3, 0x89]),
    (200176, [0x72, 0xe5, 0x4c, 0x8b, 0x95, 0xf2, 0xb2, 0xe9, 0x5a, 0xb3, 0x2c, 0x50, 0x84, 0x2e, 0x3a, 0x06]),
    (200177, [0x2a, 0xe2, 0x8a, 0xb6, 0x1b, 0x59, 0x77, 0x4a, 0xfd, 0x18, 0x4e, 0xea, 0x6e, 0x76, 0x0b, 0xda]),
    (200178, [0x71, 0xea, 0x90, 0x23, 0xca, 0x4d, 0x34, 0x89, 0x80, 0xfb, 0xf5, 0xc8, 0xc7, 0xb0, 0xe8, 0x56]),
    (200179, [0xbb, 0x16, 0x7e, 0x6d, 0xfb, 0xf5, 0x92, 0x63, 0xb6, 0x96, 0x30, 0xcb, 0x99, 0x24, 0xb3, 0xdb]),
    (200180, [0x6d, 0x97, 0x2a, 0x47, 0x48, 0xa5, 0xaa, 0x12, 0xc2, 0x21, 0x39, 0x92, 0xa8, 0x43, 0x04, 0xdb]),
    (200181, [0x37, 0x02, 0xd1, 0x13, 0x37, 0x64, 0x7e, 0x13, 0x34, 0x0f, 0x78, 0x69, 0x35, 0xfc, 0xa6, 0xf4]),
    (200182, [0x97, 0xf9, 0x5f, 0xb4, 0x81, 0xfe, 0x99, 0x05, 0x79, 0x7c, 0x94, 0xe7, 0x10, 0x71, 0x05, 0xc3]),
    (200183, [0x65, 0x8f, 0xfe, 0xd8, 0x8c, 0x89, 0xde, 0x49, 0x90, 0xf5, 0x67, 0x82, 0x7c, 0x32, 0x4a, 0x3c]),
    (200191, [0x27, 0x6a, 0xf7, 0x1a, 0x82, 0x79, 0xbd, 0xdc, 0xab, 0xf4, 0x91, 0xf2, 0x17, 0xf0, 0xb3, 0x69]),
    (200211, [0x58, 0xc7, 0xbf, 0xbb, 0xa9, 0xf4, 0x01, 0x8b, 0xab, 0xe0, 0x28, 0xf2, 0x0f, 0xca, 0x53, 0xab]),
    (200212, [0xbc, 0xe7, 0xd3, 0xc0, 0xdf, 0xb7, 0x6d, 0xb1, 0x61, 0xe6, 0x69, 0xea, 0x99, 0xc5, 0xa5, 0xbf]),
    (200231, [0x0d, 0x8a, 0x67, 0x1b, 0xc4, 0x7f, 0x84, 0xc3, 0x33, 0xab, 0x1c, 0xba, 0xa6, 0x5d, 0x88, 0x92]),
    (200241, [0x3b, 0xc0, 0x35, 0xc8, 0xbb, 0x7d, 0x62, 0x7d, 0xe5, 0x97, 0xbe, 0x5e, 0x2f, 0xeb, 0xc5, 0xa7]),
    (200261, [0xe9, 0x5a, 0xca, 0x24, 0xf6, 0x5e, 0x03, 0xf4, 0x08, 0xdf, 0xa0, 0x7c, 0xb7, 0x03, 0xdf, 0x1a]),
    (200281, [0x07, 0x81, 0xd4, 0xd3, 0xd5, 0xec, 0xf8, 0x4e, 0x24, 0x25, 0x51, 0xe7, 0xa9, 0x51, 0xfc, 0xda]),
    (200282, [0xc0, 0x4f, 0xb9, 0xa8, 0xd3, 0x11, 0x7a, 0xa0, 0x63, 0xa0, 0xf2, 0x17, 0x8d, 0x12, 0xe9, 0xd6]),
    (200283, [0xd5, 0x6a, 0x2f, 0x71, 0xa3, 0x07, 0x7d, 0xb7, 0xdf, 0xa3, 0x73, 0xd1, 0xe8, 0xb8, 0xf7, 0x2a]),
    (200284, [0x46, 0xc0, 0x0f, 0x36, 0x0b, 0x36, 0x0a, 0x52, 0x4c, 0x68, 0xd9, 0xde, 0x3c, 0xef, 0x1b, 0x22]),
    (200285, [0x2d, 0x74, 0x5e, 0x2f, 0xae, 0x2b, 0x90, 0x4a, 0x03, 0x58, 0x58, 0xa1, 0x0e, 0xdd, 0xcc, 0xc3]),
    (200320, [0xb1, 0xe0, 0xc6, 0xd4, 0xb4, 0xa5, 0x28, 0x3b, 0xa9, 0x24, 0xc6, 0x59, 0x7f, 0x3b, 0x9a, 0xbe]),
    (200321, [0x5f, 0x44, 0x50, 0x86, 0x3c, 0x01, 0xb1, 0x9a, 0xbe, 0x82, 0x32, 0x9d, 0x98, 0x87, 0xb5, 0x4b]),
    (200322, [0xee, 0x07, 0xf8, 0xf7, 0x7a, 0xf2, 0xc7, 0xdf, 0x7f, 0xcf, 0xaa, 0x53, 0x6f, 0x5c, 0xcf, 0x8c]),
    (200331, [0x60, 0xfb, 0xf1, 0x6c, 0x68, 0x93, 0x6c, 0x9f, 0x98, 0x3d, 0x7a, 0x70, 0x43, 0x6b, 0x9d, 0x4d]),
    (200351, [0x85, 0xbd, 0xf8, 0x0e, 0xa3, 0xb5, 0x1a, 0x95, 0x70, 0x57, 0x3d, 0xfb, 0xf9, 0xa1, 0xd4, 0x0e]),
    (200371, [0x08, 0x20, 0x76, 0x1a, 0x5c, 0x21, 0xdb, 0x0a, 0xa7, 0xa3, 0xd3, 0xe9, 0x18, 0x66, 0xa9, 0xf6]),
    (200392, [0x54, 0xb7, 0xc7, 0x1d, 0x55, 0xd9, 0x12, 0x35, 0x0c, 0x96, 0x5c, 0xfa, 0x64, 0x46, 0x57, 0xde]),
    (200393, [0x36, 0xbf, 0x85, 0x92, 0x78, 0x03, 0x93, 0xd9, 0x3f, 0x63, 0x95, 0x41, 0x4d, 0x6a, 0x61, 0x35]),
    (200394, [0x3e, 0xee, 0x1d, 0xf3, 0x39, 0x2d, 0x2e, 0x95, 0x92, 0xe9, 0x3e, 0xb6, 0x83, 0x75, 0xde, 0x88]),
    (200395, [0x5e, 0x2b, 0xd8, 0x47, 0x1b, 0xa6, 0xe1, 0x84, 0xd7, 0xbd, 0xee, 0xfe, 0xc3, 0x16, 0x05, 0xa1]),
    (200396, [0xac, 0xd3, 0x66, 0xcf, 0x6a, 0xef, 0x22, 0x4a, 0x00, 0xca, 0x96, 0x54, 0xe8, 0x83, 0x71, 0xdb]),
    (200397, [0xeb, 0xcf, 0x2d, 0x32, 0xc8, 0xce, 0x80, 0x16, 0xfb, 0xfb, 0x3e, 0x98, 0x6a, 0xb6, 0xc8, 0x7f]),
    (200401, [0xaf, 0xf9, 0x96, 0x72, 0xcd, 0x06, 0xf2, 0x14, 0x04, 0xec, 0xd1, 0xef, 0x42, 0xbd, 0xca, 0xce]),
    (200402, [0x7f, 0x63, 0x9c, 0x43, 0xf5, 0xa1, 0xa7, 0x35, 0x74, 0x48, 0x2d, 0xf7, 0x83, 0xdc, 0xfd, 0xb4]),
    (200411, [0xa7, 0x26, 0x6a, 0xe2, 0x6a, 0xd3, 0x17, 0x98, 0xfa, 0xdb, 0x89, 0x22, 0x45, 0xdd, 0x09, 0x09]),
    (200431, [0x97, 0x00, 0xa6, 0xf6, 0xca, 0xa2, 0x54, 0x1e, 0xed, 0xb9, 0x68, 0x66, 0x90, 0x16, 0x2e, 0x3e]),
    (200432, [0xf0, 0x33, 0x4a, 0xd6, 0xb4, 0x1e, 0x96, 0x2a, 0xd6, 0x20, 0x37, 0x7e, 0x17, 0xfb, 0x5b, 0x0a]),
    (200433, [0xb5, 0xe3, 0xe3, 0xfa, 0xe4, 0xb0, 0xea, 0x5f, 0x8f, 0xaa, 0xf4, 0x2b, 0x60, 0xf5, 0x54, 0x4e]),
    (200445, [0xaf, 0x46, 0x70, 0x8b, 0xa1, 0xb7, 0x38, 0x44, 0x24, 0x40, 0xd5, 0xe0, 0x2f, 0xa1, 0xe4, 0xd0]),
    (200446, [0x74, 0x4d, 0xe8, 0xc1, 0x68, 0x42, 0x54, 0xf8, 0xbc, 0x8a, 0x7d, 0x8b, 0x00, 0x1d, 0x28, 0xbc]),
    (200531, [0x3f, 0x18, 0xf8, 0x49, 0x1b, 0x36, 0x51, 0x33, 0x3a, 0xa3, 0x64, 0xe5, 0x8d, 0x12, 0x66, 0x4a]),
    (200551, [0x46, 0x32, 0x52, 0xdb, 0x38, 0x7e, 0xed, 0x05, 0x9f, 0x92, 0xd1, 0x63, 0xa2, 0x27, 0x2f, 0x43]),
    (200552, [0x28, 0xf4, 0x88, 0x38, 0x9e, 0x6f, 0x97, 0xf7, 0xef, 0xf2, 0x81, 0xfd, 0x53, 0x51, 0xf2, 0xf8]),
    (200553, [0xaf, 0x88, 0x82, 0x77, 0x2e, 0xf1, 0xe4, 0xc6, 0x77, 0xdf, 0x80, 0x12, 0xd6, 0x0e, 0x32, 0xe4]),
    (200554, [0xe4, 0xfd, 0xd5, 0xa7, 0xb6, 0xe4, 0x58, 0x0e, 0xfb, 0x7b, 0x6f, 0xd8, 0x41, 0x0c, 0x12, 0x3b]),
    (200560, [0xac, 0x18, 0x84, 0xa7, 0xaa, 0x30, 0xa0, 0x24, 0x60, 0x9f, 0x20, 0xdf, 0x85, 0x9c, 0x4f, 0xbf]),
    (200561, [0xb9, 0xcf, 0xcd, 0xb6, 0x75, 0xb7, 0xc1, 0xa8, 0xcc, 0xc3, 0xc1, 0x04, 0xaf, 0xda, 0x8c, 0x87]),
    (200562, [0xc1, 0x97, 0x13, 0xb7, 0x47, 0x05, 0x5f, 0x8b, 0x96, 0x57, 0xa5, 0x9e, 0xb1, 0xba, 0xf1, 0x52]),
    (200563, [0x2a, 0xfb, 0xce, 0xb2, 0x03, 0x21, 0xe3, 0xa2, 0x95, 0xc1, 0x4b, 0x47, 0x60, 0xca, 0xdb, 0x8d]),
    (200564, [0x05, 0x93, 0x9e, 0xd9, 0x26, 0x48, 0x53, 0x3b, 0x4d, 0x9c, 0xd1, 0x00, 0x39, 0x7d, 0xb8, 0x00]),
    (200571, [0x43, 0xfb, 0xa6, 0x87, 0x07, 0x6c, 0xc2, 0x12, 0x95, 0x61, 0x32, 0x7f, 0x72, 0xd6, 0x32, 0xdc]),
    (200572, [0x22, 0xc1, 0xd9, 0x78, 0x9e, 0x00, 0xf4, 0xa4, 0xef, 0x48, 0x11, 0x9e, 0x9e, 0x5a, 0x66, 0xfb]),
    (200610, [0xfc, 0xd8, 0x40, 0x37, 0x78, 0x4a, 0x9c, 0xd9, 0xc1, 0x6f, 0x49, 0x96, 0x33, 0x30, 0xfc, 0x65]),
    (200620, [0x81, 0x9b, 0x1e, 0x78, 0xc0, 0x20, 0xaf, 0x84, 0x36, 0x54, 0x02, 0xb0, 0x7b, 0xda, 0x3e, 0x19]),
    (200631, [0x24, 0x84, 0x59, 0x21, 0xc0, 0xa9, 0x4a, 0x58, 0x12, 0x1b, 0x15, 0x93, 0x3c, 0xcf, 0xdc, 0xd1]),
    (200651, [0xfc, 0x22, 0x0f, 0x38, 0x33, 0xa3, 0x43, 0x90, 0x9e, 0xf7, 0xa1, 0x04, 0xf8, 0x8e, 0x03, 0x9a]),
    (200671, [0x64, 0xbb, 0x75, 0x50, 0x6c, 0xb4, 0xfc, 0x59, 0x7b, 0x5c, 0x76, 0x94, 0xeb, 0x22, 0x67, 0xea]),
    (200672, [0xd0, 0x2e, 0xdb, 0x0a, 0xf6, 0x09, 0x6b, 0x37, 0x82, 0x57, 0xc7, 0x0d, 0x42, 0x68, 0x29, 0x24]),
    (200673, [0x66, 0x60, 0xb1, 0x0c, 0x06, 0x5e, 0xf8, 0x74, 0xf9, 0x90, 0x7d, 0x84, 0x89, 0x80, 0x81, 0xa7]),
    (200770, [0xb1, 0x10, 0x66, 0x97, 0x30, 0x68, 0x18, 0x33, 0x29, 0x08, 0xeb, 0xaf, 0xad, 0x74, 0x88, 0x87]),
    (200780, [0xe7, 0x0a, 0x94, 0xb3, 0x6c, 0xed, 0x68, 0xbf, 0xa1, 0x57, 0xcf, 0xd7, 0x33, 0xe7, 0xbb, 0x8d]),
    (200790, [0xff, 0x65, 0xe8, 0xad, 0xcd, 0x73, 0xdb, 0xbe, 0x9f, 0xce, 0xad, 0x9e, 0x2d, 0x5a, 0xfe, 0x8a]),
    (200800, [0xf9, 0x82, 0x60, 0x93, 0x5b, 0x40, 0x48, 0x9f, 0x43, 0x88, 0xba, 0x24, 0xaf, 0xde, 0xe9, 0xe3]),
    (200810, [0x98, 0xda, 0x03, 0x78, 0x9e, 0x69, 0x81, 0xc4, 0x2d, 0x3d, 0x7d, 0x89, 0x42, 0xaa, 0xfa, 0x1b]),
    (200820, [0x92, 0x49, 0x73, 0x38, 0xa2, 0xd0, 0x99, 0x01, 0x76, 0xb1, 0x1b, 0x6c, 0x7f, 0xa7, 0x93, 0xfc]),
    (200830, [0xfd, 0x6e, 0xeb, 0xe8, 0xe2, 0x05, 0xea, 0x62, 0xb9, 0x4a, 0xc7, 0x94, 0x4b, 0xbc, 0x71, 0xdd]),
    (200840, [0xc3, 0xf2, 0xd1, 0x7a, 0x24, 0xfd, 0x04, 0xff, 0x4c, 0x6b, 0xb5, 0x6b, 0x1f, 0x29, 0x90, 0x65]),
    (200850, [0xe3, 0x72, 0x2d, 0x23, 0x48, 0x65, 0xdb, 0x42, 0x93, 0x88, 0xc0, 0xbe, 0x74, 0x95, 0x34, 0x34]),
    (200860, [0x94, 0x43, 0x4c, 0x58, 0xb6, 0x01, 0x16, 0x38, 0xe2, 0x68, 0x6f, 0x5e, 0x3e, 0x68, 0x16, 0x6d]),
    (200870, [0x90, 0xc8, 0xc1, 0x61, 0x58, 0x58, 0xc2, 0xd7, 0x71, 0x47, 0x2c, 0x1d, 0xeb, 0x07, 0x8c, 0x43]),
    (200880, [0x0b, 0x74, 0xa8, 0x37, 0xcd, 0xd8, 0x6e, 0x61, 0xdf, 0x7a, 0xc9, 0xaf, 0x81, 0x40, 0x00, 0x2f]),
    (200890, [0x64, 0x3a, 0xc4, 0x39, 0xf2, 0xdd, 0x22, 0x03, 0xc4, 0xbd, 0x52, 0xa1, 0x71, 0x9f, 0xeb, 0xac]),
    (200901, [0x10, 0xbe, 0x39, 0x39, 0xfb, 0xe8, 0xe0, 0x93, 0xbc, 0xce, 0x9c, 0x93, 0xbe, 0xbf, 0xf9, 0xc8]),
    (200902, [0x01, 0xd5, 0xfd, 0x08, 0xe8, 0x52, 0x69, 0x85, 0xcd, 0x76, 0x54, 0x0b, 0xa9, 0x6d, 0xae, 0x50]),
    (200903, [0x7f, 0x1d, 0x7d, 0xa0, 0x8d, 0x16, 0x85, 0x5d, 0x44, 0x2d, 0x69, 0x4d, 0x36, 0xe7, 0x1b, 0x6a]),
    (200904, [0xa0, 0xeb, 0x83, 0x33, 0xb1, 0x8e, 0x20, 0x06, 0x4a, 0xd7, 0x53, 0xdd, 0xb0, 0x19, 0xc0, 0xc7]),
    (200911, [0x9d, 0x6c, 0xec, 0xf4, 0xe0, 0x5d, 0xd9, 0x03, 0xde, 0x6a, 0xaf, 0x27, 0xce, 0xd1, 0xb5, 0x9b]),
    (200941, [0xfe, 0x63, 0x82, 0x1d, 0xc3, 0xf0, 0xc7, 0xd6, 0x00, 0x4a, 0xa6, 0x15, 0x03, 0x7d, 0x29, 0x27]),
    (200961, [0xea, 0x46, 0x11, 0x11, 0xe5, 0xaa, 0xeb, 0x5f, 0x8d, 0x39, 0xc5, 0x74, 0xbc, 0xbd, 0x96, 0xae]),
    (200981, [0xb2, 0xa6, 0x32, 0xca, 0xc3, 0x47, 0xce, 0x2c, 0x18, 0x0c, 0x75, 0xd3, 0xf3, 0x88, 0xbb, 0xc1]),
    (200991, [0x62, 0x69, 0x26, 0xcb, 0x41, 0x39, 0xd6, 0x3f, 0x08, 0x79, 0xbb, 0xb9, 0x40, 0xc5, 0x98, 0x45]),
    (201001, [0x77, 0xa1, 0xab, 0xc0, 0xce, 0xd5, 0x65, 0x5b, 0x19, 0xe7, 0x27, 0xf0, 0xdb, 0x86, 0xb8, 0xa5]),
    (201011, [0xf6, 0x0c, 0x5b, 0x6f, 0x97, 0x9f, 0x0b, 0x0f, 0x67, 0x87, 0x18, 0x86, 0xcf, 0x20, 0x50, 0x50]),
    (201061, [0xcd, 0xfd, 0x75, 0xe2, 0xcd, 0xfc, 0x84, 0xa2, 0xbc, 0x88, 0x0f, 0x7f, 0x29, 0x4f, 0xc5, 0x6a]),
    (201071, [0x5b, 0x0e, 0x0b, 0xff, 0xcd, 0x60, 0x45, 0xce, 0x1f, 0x38, 0xca, 0x65, 0x95, 0xb4, 0xae, 0x11]),
    (201091, [0xda, 0xe6, 0x36, 0xe2, 0x4b, 0x87, 0x52, 0x19, 0xf0, 0x0f, 0x4e, 0x5e, 0xbd, 0x68, 0x69, 0xa7]),
    (201092, [0xa4, 0x64, 0x5d, 0x10, 0x51, 0xc6, 0x6c, 0x4a, 0x7a, 0xf0, 0xe3, 0x2b, 0xa9, 0x59, 0xe9, 0xc4]),
    (201121, [0x05, 0x4a, 0x73, 0x1d, 0xac, 0x38, 0x7a, 0x18, 0xf1, 0xce, 0x8e, 0xfb, 0x62, 0x1a, 0xa1, 0xd0]),
    (201161, [0x02, 0x04, 0x62, 0x48, 0x64, 0x66, 0x10, 0x75, 0x1a, 0x3d, 0x2b, 0x85, 0x55, 0x29, 0x57, 0x62]),
    (201171, [0x5b, 0xd7, 0x65, 0x28, 0x7c, 0xaf, 0x1b, 0x3f, 0x92, 0xba, 0x60, 0xac, 0xea, 0x1d, 0xd3, 0x1e]),
    (201191, [0x49, 0x06, 0xea, 0xeb, 0xa3, 0x0d, 0x12, 0xbc, 0x62, 0xbb, 0xe8, 0x84, 0x3d, 0xc4, 0x4a, 0x94]),
    (201192, [0x76, 0xff, 0x4e, 0xce, 0x99, 0x09, 0xb8, 0x9f, 0xbb, 0x24, 0x4b, 0xb6, 0x85, 0x74, 0x28, 0x1e]),
    (201193, [0xd4, 0xd6, 0x86, 0x21, 0xc1, 0xde, 0x28, 0x3c, 0xd8, 0x68, 0x90, 0x20, 0x58, 0xfd, 0xa7, 0x1c]),
    (201194, [0x3c, 0x05, 0x65, 0xe4, 0xdc, 0x34, 0x65, 0xbf, 0xd1, 0xfc, 0x80, 0xa4, 0xed, 0x07, 0x9e, 0x56]),
    (201195, [0xb1, 0x62, 0x4d, 0x7f, 0x0b, 0x66, 0xf4, 0xb5, 0xcb, 0x1a, 0x1a, 0x80, 0x0d, 0x2c, 0x58, 0xb6]),
    (201196, [0x85, 0x6c, 0xd8, 0xe6, 0x72, 0x56, 0x77, 0x30, 0xb8, 0x1d, 0xa7, 0x57, 0x3d, 0x8f, 0xfb, 0x2a]),
    (201211, [0xec, 0x9a, 0x5d, 0xa9, 0x79, 0x46, 0x1b, 0xb7, 0x26, 0xa7, 0x1c, 0xe9, 0x63, 0x3a, 0x72, 0x39]),
    (201231, [0xf8, 0x84, 0x3a, 0xd8, 0x35, 0xc9, 0x73, 0x79, 0x73, 0xb8, 0x25, 0xce, 0xf6, 0x5e, 0x37, 0xff]),
    (201232, [0x47, 0xce, 0x0f, 0xd7, 0xbd, 0xca, 0xc3, 0xa2, 0xad, 0x14, 0x46, 0x16, 0xfe, 0x9c, 0xee, 0xd7]),
    (201233, [0x95, 0xa8, 0x26, 0xb2, 0x25, 0xa7, 0x28, 0xbf, 0x92, 0xba, 0x17, 0xfb, 0x98, 0x19, 0xc1, 0x2b]),
    (201234, [0x0a, 0x4b, 0x1a, 0x95, 0xff, 0xf1, 0xf2, 0xb8, 0x53, 0x77, 0x51, 0x6a, 0x65, 0xdd, 0xf0, 0x9e]),
    (201235, [0xf8, 0xc1, 0x6c, 0xcc, 0x8c, 0xfd, 0x52, 0x43, 0x28, 0xbb, 0x1b, 0x54, 0xb3, 0x77, 0x5b, 0x20]),
    (201271, [0xf3, 0xa2, 0x7e, 0x5c, 0x88, 0xce, 0x5d, 0xba, 0x6e, 0xd0, 0xe2, 0x43, 0x8d, 0x8e, 0x19, 0xc9]),
    (201278, [0x73, 0x7e, 0xf3, 0x6a, 0x28, 0x1a, 0x24, 0x29, 0xff, 0xbb, 0x66, 0xc9, 0x00, 0x61, 0xfa, 0x17]),
    (201281, [0xea, 0xcd, 0x02, 0x00, 0x84, 0xbf, 0x63, 0xd3, 0x01, 0x50, 0xc1, 0x4d, 0x25, 0xff, 0x2c, 0xd8]),
    (201282, [0x01, 0x54, 0xb9, 0x1a, 0x6f, 0xfb, 0x10, 0xee, 0x53, 0x82, 0xa7, 0x24, 0x3e, 0xa4, 0x43, 0xd5]),
    (201283, [0x32, 0x19, 0x1c, 0x40, 0x56, 0x68, 0xb1, 0x7d, 0x90, 0x86, 0x2e, 0xd5, 0xf7, 0x9b, 0x5d, 0x54]),
    (201284, [0xe5, 0xac, 0xb8, 0xbc, 0x0f, 0x02, 0xdb, 0xc3, 0xb7, 0x77, 0x2f, 0x12, 0xcf, 0x42, 0xdd, 0x68]),
    (201285, [0x69, 0x64, 0xd5, 0x92, 0x74, 0x42, 0xfa, 0xe4, 0x5a, 0x22, 0xd6, 0x84, 0xcd, 0x8e, 0x26, 0x7e]),
    (201286, [0xb7, 0x6a, 0x09, 0x10, 0xcc, 0xf3, 0xbc, 0xfe, 0x04, 0x4f, 0x73, 0x7d, 0x96, 0x93, 0xbe, 0xc0]),
    (201287, [0x90, 0x50, 0x6c, 0xab, 0x9d, 0xbe, 0x0c, 0x2d, 0x3d, 0x60, 0xc5, 0x41, 0xeb, 0xe3, 0x62, 0xc2]),
    (201288, [0xd7, 0x5c, 0xfc, 0x4e, 0x3c, 0xca, 0xc5, 0x72, 0xd8, 0xbe, 0xce, 0xed, 0x8f, 0x90, 0x47, 0x78]),
    (201289, [0x79, 0x1a, 0x84, 0xc5, 0xae, 0xde, 0xb9, 0x16, 0xda, 0xc0, 0xb2, 0xbb, 0x24, 0x69, 0x44, 0x78]),
    (201291, [0x23, 0x05, 0xa7, 0xaa, 0xd7, 0x89, 0x4a, 0xdc, 0x9b, 0xa8, 0xb1, 0xc2, 0xa9, 0xf1, 0xed, 0xaa]),
    (201311, [0x3c, 0xae, 0x91, 0x79, 0xdf, 0xde, 0x1d, 0x41, 0x4f, 0x7c, 0x08, 0x2c, 0x61, 0x97, 0x6e, 0xaf]),
    (201312, [0x6d, 0x31, 0x11, 0xc4, 0xbf, 0x41, 0x3c, 0x0b, 0x1c, 0x53, 0xbb, 0xff, 0xf9, 0x12, 0xa4, 0xa1]),
    (201313, [0x46, 0xe9, 0x11, 0x9e, 0xfc, 0xb4, 0xfe, 0xfb, 0x1c, 0xa4, 0x73, 0x6b, 0x56, 0x52, 0xb3, 0x6e]),
    (201314, [0x77, 0xa6, 0x75, 0x64, 0x3b, 0x62, 0x8e, 0xe0, 0xac, 0xff, 0x44, 0x93, 0x83, 0xec, 0x24, 0x37]),
    (201315, [0x9b, 0x75, 0x62, 0x52, 0x30, 0xc4, 0xcc, 0x70, 0x16, 0xa5, 0xed, 0xb4, 0x8c, 0x69, 0x90, 0x78]),
    (201316, [0xba, 0xb9, 0xe5, 0xc9, 0x63, 0xd4, 0x39, 0x4e, 0x24, 0x59, 0x44, 0x04, 0xdb, 0x2f, 0xd9, 0xe7]),
    (201317, [0xe3, 0xe3, 0x95, 0x08, 0xc6, 0x34, 0xba, 0xa8, 0x42, 0x8e, 0x4c, 0x05, 0x1b, 0x13, 0xaa, 0xf6]),
    (201318, [0x2e, 0xce, 0x39, 0x44, 0xf8, 0x51, 0x86, 0xdf, 0xaa, 0x10, 0xa6, 0xb8, 0x85, 0x6e, 0xc9, 0xd6]),
    (201319, [0x6b, 0x7a, 0x0c, 0x0a, 0xbc, 0x76, 0xef, 0xa8, 0xa0, 0xb8, 0xb1, 0x7b, 0x6d, 0x8d, 0x48, 0xd6]),
    (201341, [0xd8, 0xb6, 0xf9, 0x60, 0x1b, 0x35, 0xfb, 0xce, 0x2e, 0x6e, 0x1c, 0x7e, 0x1d, 0xdb, 0xae, 0xdd]),
    (201342, [0x8b, 0x1c, 0xf1, 0x6b, 0xcb, 0xaa, 0x51, 0x7a, 0x46, 0xe5, 0x89, 0xbe, 0x48, 0xf4, 0xc4, 0xc6]),
    (201343, [0xad, 0xae, 0xeb, 0x1e, 0xde, 0xa2, 0xbd, 0x7c, 0xb3, 0x97, 0xbc, 0xfe, 0x87, 0x51, 0x48, 0x53]),
    (201344, [0x0a, 0x88, 0x7a, 0x12, 0x20, 0xfa, 0xc8, 0x6b, 0x83, 0x1c, 0x5d, 0x0a, 0x2d, 0xb3, 0x18, 0x58]),
    (201345, [0x64, 0x54, 0x11, 0xaf, 0xd8, 0x34, 0x47, 0x25, 0x9e, 0x73, 0x1c, 0x6b, 0xee, 0x7f, 0xec, 0x2f]),
    (201421, [0x74, 0x0b, 0x7f, 0xbb, 0xe4, 0xd5, 0x72, 0x45, 0xef, 0xeb, 0x23, 0x74, 0xe7, 0xc6, 0xfe, 0x00]),
    (201422, [0x33, 0x26, 0xcc, 0x85, 0x05, 0xa5, 0x8a, 0xa0, 0xc0, 0x70, 0xd8, 0xd2, 0x25, 0x65, 0x5e, 0x10]),
    (201481, [0x20, 0x07, 0x3b, 0x55, 0xc9, 0x5c, 0xd5, 0x4e, 0x59, 0x46, 0xf4, 0x49, 0x0b, 0xe8, 0x9d, 0x3e]),
    (201491, [0x80, 0x50, 0x2a, 0xe4, 0x05, 0x73, 0x7b, 0xeb, 0x74, 0x44, 0xab, 0xd9, 0x40, 0x8a, 0x89, 0x7d]),
    (201492, [0xf2, 0x70, 0x4b, 0x97, 0x92, 0x5e, 0xa8, 0x47, 0x02, 0x54, 0xb4, 0xd6, 0xcc, 0xa4, 0xdc, 0x84]),
    (201493, [0x2d, 0x40, 0x81, 0xc4, 0x53, 0x5d, 0xb4, 0xe6, 0x5b, 0x0c, 0x0e, 0x3d, 0xad, 0xba, 0xab, 0xae]),
    (201494, [0x29, 0xcd, 0x9f, 0x80, 0x39, 0x26, 0xeb, 0x0b, 0xea, 0xe8, 0x4e, 0xbd, 0x45, 0x30, 0x29, 0x95]),
    (201495, [0x0a, 0x08, 0xa0, 0x87, 0xa4, 0x02, 0x4a, 0xcb, 0xce, 0x1e, 0xb6, 0xfc, 0x35, 0xa5, 0x77, 0xe7]),
    (201511, [0xad, 0xa4, 0x1c, 0x27, 0x6d, 0xc1, 0xc4, 0xb2, 0xdc, 0xf8, 0x4e, 0xac, 0x90, 0xd7, 0x4a, 0x35]),
    (201563, [0x92, 0x46, 0xab, 0xe9, 0x6c, 0x4b, 0x68, 0xe6, 0x8b, 0x86, 0xa7, 0x89, 0xa5, 0x48, 0x4b, 0x3f]),
    (201564, [0x37, 0x31, 0xd9, 0xff, 0xfa, 0xee, 0x7e, 0xc4, 0x12, 0x32, 0x51, 0x93, 0xd3, 0x20, 0xec, 0xa4]),
    (201565, [0x27, 0x0c, 0xe0, 0x9c, 0x5b, 0xa0, 0xa1, 0x26, 0x5e, 0x0d, 0x60, 0xf1, 0x4e, 0xdf, 0x38, 0x32]),
    (201566, [0x32, 0xe3, 0x68, 0xd3, 0xf4, 0x52, 0x5a, 0x76, 0x97, 0x15, 0x3e, 0x03, 0x05, 0x29, 0x33, 0x7d]),
    (201567, [0xe5, 0xfb, 0x73, 0x3e, 0xb9, 0x6f, 0x63, 0x2e, 0xde, 0xf9, 0x97, 0xb9, 0xa0, 0xc2, 0xb8, 0xb6]),
    (201568, [0xbc, 0xf7, 0xb2, 0x53, 0xb2, 0x55, 0xfd, 0xf1, 0x6a, 0x1e, 0xb3, 0x80, 0x00, 0xd7, 0x5d, 0xfb]),
    (201571, [0x72, 0xe4, 0x97, 0xc9, 0x2c, 0x8a, 0x4b, 0xb5, 0x80, 0x52, 0x2c, 0x11, 0xf5, 0x2c, 0x7e, 0xb6]),
    (201601, [0xc3, 0x47, 0xf2, 0x16, 0xb3, 0x45, 0x63, 0xa0, 0x0f, 0xe5, 0x4b, 0x44, 0xd4, 0x1f, 0xc9, 0x49]),
    (201602, [0xd0, 0x1b, 0x41, 0xed, 0x59, 0xe5, 0x51, 0x61, 0x61, 0x65, 0xb3, 0x7b, 0x71, 0xe1, 0x6b, 0xcd]),
    (201641, [0x58, 0x7d, 0x9e, 0x6c, 0xe8, 0x1d, 0x75, 0x98, 0x71, 0xa8, 0x7c, 0x33, 0x69, 0x2e, 0x26, 0xa7]),
    (201681, [0xea, 0x2c, 0x56, 0x7c, 0x82, 0x23, 0xec, 0x0f, 0x0d, 0xa2, 0xb7, 0x82, 0xb3, 0x14, 0x29, 0xb4]),
    (201701, [0xf0, 0xed, 0x49, 0xba, 0x49, 0x2f, 0xbb, 0x4d, 0x7b, 0xf2, 0x88, 0xf2, 0x41, 0x50, 0xfa, 0x2b]),
    (201702, [0x33, 0xde, 0xbe, 0x9f, 0xfa, 0x58, 0x97, 0x3a, 0xba, 0xc2, 0xbf, 0x93, 0x13, 0x09, 0x98, 0x11]),
    (201741, [0x64, 0x5b, 0x36, 0x63, 0xf5, 0x98, 0x0f, 0xcd, 0xb4, 0xa6, 0x70, 0xad, 0x1b, 0xef, 0xe7, 0x1a]),
    (201742, [0xb2, 0x65, 0x0f, 0x3f, 0xb0, 0xd9, 0xf8, 0x99, 0x8b, 0x25, 0xb4, 0xfb, 0x8a, 0x7d, 0x83, 0x87]),
    (201743, [0x0e, 0x62, 0x9e, 0x75, 0xeb, 0x12, 0x69, 0x33, 0x7d, 0x63, 0x3e, 0x6a, 0xdc, 0x41, 0x1c, 0xd4]),
    (201751, [0x88, 0x3f, 0xa4, 0x28, 0x1a, 0xbe, 0x8b, 0x8e, 0x2a, 0xfd, 0xb1, 0xd9, 0xa0, 0x9b, 0x58, 0x42]),
    (201752, [0xd3, 0x26, 0x35, 0xf7, 0x0b, 0x8a, 0xcb, 0x8e, 0xad, 0x18, 0x79, 0x45, 0x65, 0xfe, 0xb4, 0x7a]),
    (201753, [0x34, 0xda, 0x10, 0x51, 0x41, 0x76, 0x4b, 0x75, 0x38, 0x8f, 0x39, 0xbd, 0xe3, 0xef, 0xdb, 0x3e]),
    (201761, [0xa5, 0x37, 0xf2, 0x42, 0x42, 0xfd, 0xf0, 0x36, 0x2d, 0x33, 0x0b, 0xc7, 0xa8, 0x77, 0xff, 0xb5]),
    (201762, [0x97, 0x27, 0xd2, 0xb5, 0x47, 0xfc, 0x9f, 0x72, 0x5c, 0xff, 0x3e, 0xe9, 0xb3, 0xc1, 0xaa, 0x5b]),
    (201763, [0x17, 0x4e, 0x16, 0x37, 0x03, 0x75, 0x08, 0xb3, 0xe2, 0x3c, 0x91, 0xcc, 0x76, 0x52, 0xd9, 0xf2]),
    (201764, [0x7c, 0x14, 0x1a, 0x5c, 0x20, 0xee, 0x34, 0x20, 0x16, 0xd4, 0x7e, 0x05, 0xb5, 0x6b, 0xef, 0xfc]),
    (201765, [0x98, 0x38, 0x6e, 0x6f, 0x71, 0xa4, 0x19, 0xf8, 0xeb, 0xf8, 0x3e, 0x40, 0x2c, 0x53, 0x2b, 0x89]),
    (201766, [0x2f, 0x39, 0x79, 0xce, 0xb3, 0xc1, 0xa4, 0x0b, 0xc1, 0x95, 0x83, 0x1f, 0xc5, 0x38, 0xdc, 0xb9]),
    (201831, [0x92, 0x67, 0x85, 0xe2, 0xd7, 0xca, 0xe0, 0x4a, 0x20, 0xf5, 0x73, 0x8c, 0x9e, 0xc1, 0xbe, 0x60]),
    (201832, [0xbc, 0x22, 0xc5, 0x2c, 0xf7, 0x9a, 0xb9, 0xa1, 0xc2, 0x1e, 0x9d, 0x32, 0xdd, 0x96, 0x13, 0x7f]),
    (201871, [0x06, 0x2b, 0x45, 0x03, 0xa3, 0xb7, 0x9e, 0xaa, 0x70, 0xa2, 0x6d, 0x12, 0xb2, 0xb9, 0x06, 0x68]),
    (201872, [0x05, 0x5c, 0x7b, 0x29, 0xd8, 0x0a, 0x24, 0xc5, 0x82, 0xf7, 0x4b, 0xa8, 0x02, 0xd7, 0x30, 0x65]),
    (201873, [0xc2, 0x97, 0x7c, 0xad, 0x49, 0xe5, 0x41, 0xf1, 0x71, 0xff, 0x20, 0x51, 0x95, 0xa1, 0x87, 0xad]),
    (201878, [0x63, 0x42, 0xea, 0x95, 0x5f, 0x64, 0xa0, 0x86, 0x83, 0x57, 0xc5, 0x95, 0xf0, 0x61, 0xd1, 0xaf]),
    (201879, [0x63, 0x42, 0xea, 0x95, 0x5f, 0x64, 0xa0, 0x86, 0x83, 0x57, 0xc5, 0x95, 0xf0, 0x61, 0xd1, 0xaf]),
    (201880, [0x63, 0x42, 0xea, 0x95, 0x5f, 0x64, 0xa0, 0x86, 0x83, 0x57, 0xc5, 0x95, 0xf0, 0x61, 0xd1, 0xaf]),
    (201882, [0x38, 0xd3, 0xda, 0x0d, 0x65, 0xd5, 0xa5, 0x77, 0x4b, 0x40, 0xa5, 0xc8, 0x96, 0xfb, 0xaa, 0xc6]),
    (201891, [0xa3, 0x9f, 0x09, 0x5c, 0x48, 0x1c, 0x1f, 0x0a, 0x56, 0xdc, 0xc8, 0xba, 0x58, 0xff, 0x42, 0xd2]),
    (201931, [0xb8, 0xe4, 0xa8, 0x48, 0x83, 0xe3, 0xfa, 0x7e, 0xcb, 0xb9, 0x7c, 0xd5, 0x8a, 0xda, 0x59, 0x79]),
    (202001, [0x06, 0x0a, 0xc0, 0xc9, 0x15, 0x4b, 0x5a, 0x47, 0xc8, 0x7e, 0xa1, 0x4f, 0x85, 0x9f, 0xe9, 0x73]),
    (202002, [0x03, 0x5a, 0x08, 0x39, 0x93, 0xda, 0x0e, 0x40, 0x1c, 0x8e, 0xe0, 0xdb, 0x50, 0x77, 0x1a, 0x34]),
    (202010, [0xfd, 0xdd, 0x14, 0xb9, 0xae, 0x0a, 0x0f, 0xc4, 0x36, 0x7f, 0xe0, 0x2e, 0x1a, 0xa8, 0x0c, 0x5a]),
    (202020, [0xe7, 0x8e, 0x7f, 0xba, 0x0c, 0xa3, 0x90, 0xa3, 0x62, 0x16, 0xbb, 0xb8, 0x82, 0xcf, 0x98, 0xda]),
    (202030, [0x7d, 0x94, 0x79, 0xf0, 0x72, 0xb6, 0xa1, 0x8c, 0x1f, 0x9e, 0x73, 0x90, 0x70, 0x43, 0xe2, 0x75]),
    (202040, [0xdd, 0x08, 0xad, 0x8c, 0x31, 0xe9, 0x92, 0xea, 0x81, 0x06, 0x5a, 0x6a, 0xd3, 0x8d, 0x6e, 0xce]),
    (202071, [0x49, 0x77, 0x11, 0xc9, 0xaf, 0x89, 0x28, 0x22, 0xd0, 0x86, 0x54, 0x58, 0xae, 0x79, 0x24, 0x15]),
    (202092, [0xa7, 0x0e, 0x5f, 0x36, 0x59, 0x90, 0xd3, 0x2b, 0x83, 0x22, 0x93, 0x38, 0xea, 0x11, 0x3f, 0xc8]),
    (202111, [0x6a, 0x82, 0xe6, 0xba, 0x95, 0x01, 0x05, 0x15, 0xc2, 0xb4, 0x62, 0xc9, 0x44, 0x33, 0x5b, 0x49]),
    (202112, [0x94, 0x9a, 0x3e, 0xc4, 0x89, 0x38, 0x3f, 0xd7, 0x50, 0xa3, 0xf1, 0x9e, 0xc3, 0xc4, 0x14, 0x6a]),
    (202201, [0xb6, 0x11, 0xbe, 0x36, 0x95, 0xe1, 0xed, 0x46, 0x36, 0x77, 0xb6, 0xd8, 0x00, 0x05, 0x6a, 0xb2]),
    (202220, [0x52, 0xe5, 0xac, 0x81, 0x96, 0xb5, 0x9d, 0x01, 0x0e, 0x59, 0x21, 0xb7, 0xda, 0x6e, 0xfc, 0xae]),
    (202230, [0x7a, 0x89, 0x4d, 0xa7, 0xbe, 0x6a, 0x27, 0x8e, 0x82, 0xf7, 0xf5, 0x79, 0x85, 0x93, 0x1f, 0xc5]),
    (202240, [0x14, 0xc1, 0x25, 0x2e, 0x5a, 0x5f, 0xba, 0x5e, 0x81, 0x83, 0xaf, 0x72, 0xf6, 0x34, 0xc4, 0xe6]),
    (202291, [0x82, 0x39, 0x82, 0xdf, 0x59, 0x3d, 0x4e, 0x5d, 0xad, 0x29, 0x15, 0x46, 0x98, 0xfb, 0xe4, 0x4a]),
    (202311, [0xf4, 0xf6, 0x6f, 0x89, 0x62, 0x34, 0x25, 0xd0, 0xc7, 0x3e, 0xf4, 0xac, 0x57, 0x07, 0x31, 0xdd]),
    (202371, [0x17, 0x63, 0x3e, 0x2c, 0xe8, 0xa2, 0x58, 0x5a, 0xaf, 0xff, 0x9e, 0x49, 0xeb, 0xfd, 0x67, 0xeb]),
    (202391, [0x42, 0x4a, 0xb7, 0x9c, 0x21, 0x30, 0xf5, 0x62, 0x0e, 0xb9, 0xce, 0xd0, 0x0c, 0xdf, 0x50, 0x90]),
    (202392, [0x6a, 0x6a, 0x6b, 0x70, 0x14, 0x25, 0x62, 0xac, 0x05, 0xf0, 0xcb, 0x81, 0x8a, 0x14, 0xe9, 0xb5]),
    (202393, [0x17, 0xab, 0xee, 0x10, 0x1b, 0xb3, 0xb0, 0x70, 0x43, 0x95, 0x7e, 0xf1, 0xae, 0xee, 0x42, 0x36]),
    (202411, [0x6f, 0x83, 0x1c, 0xe8, 0xa5, 0x06, 0x22, 0x9d, 0xd1, 0xf5, 0x78, 0xb8, 0x03, 0xa5, 0xc8, 0xe5]),
    (202412, [0xd7, 0x4d, 0xeb, 0xdc, 0x52, 0x41, 0xd1, 0x1b, 0xd9, 0x87, 0x0a, 0xbe, 0x2b, 0x2f, 0x98, 0xea]),
    (202413, [0x2e, 0x87, 0x31, 0x07, 0x8f, 0xe7, 0x3a, 0xe9, 0x96, 0xe5, 0x68, 0x7e, 0xf6, 0x3f, 0xd9, 0x18]),
    (202431, [0x2c, 0x99, 0xf2, 0x04, 0x8b, 0xc5, 0xe8, 0x63, 0xc3, 0xfa, 0x10, 0x7e, 0xa0, 0x29, 0x6a, 0xdc]),
    (202461, [0x32, 0xf8, 0x65, 0xe9, 0x1c, 0x7c, 0xfe, 0xb4, 0x64, 0x3e, 0x0c, 0x22, 0x3b, 0xd5, 0x45, 0xa2]),
    (202462, [0xa1, 0x06, 0x82, 0xd7, 0xad, 0xc0, 0x70, 0x47, 0x4c, 0x2b, 0x9a, 0xdf, 0xab, 0x4e, 0x2b, 0x99]),
    (202463, [0x39, 0x61, 0xc4, 0xc5, 0xe5, 0x86, 0x0b, 0x23, 0x2b, 0x53, 0x7e, 0x77, 0xd0, 0x45, 0xfd, 0x45]),
    (202464, [0x28, 0xee, 0x72, 0xda, 0x9b, 0xa4, 0x3d, 0x8f, 0xf6, 0x7c, 0xff, 0xe6, 0xec, 0x49, 0x10, 0xe6]),
    (202465, [0xa0, 0xec, 0xf2, 0x23, 0xc9, 0x1b, 0x42, 0x5b, 0xa6, 0x6c, 0x34, 0xb2, 0x11, 0xd6, 0x61, 0xda]),
    (202466, [0xd7, 0x95, 0x4c, 0x99, 0x39, 0x15, 0xbf, 0xfa, 0xb9, 0xd0, 0x4b, 0xff, 0x16, 0x9d, 0x59, 0xdd]),
    (202467, [0xea, 0x69, 0x5f, 0xf4, 0x29, 0x91, 0xaa, 0xf7, 0x3b, 0x67, 0xa1, 0xc2, 0xa8, 0x52, 0x43, 0xb9]),
    (202481, [0xe9, 0x14, 0x22, 0x7d, 0xa7, 0x27, 0x24, 0xc0, 0xa1, 0x56, 0xfe, 0xda, 0x80, 0xf4, 0x7b, 0x3c]),
    (202485, [0x73, 0xf6, 0x28, 0x99, 0x9f, 0x64, 0xdb, 0x6d, 0x2f, 0xf0, 0xa4, 0xef, 0x9c, 0x57, 0x6d, 0xd1]),
    (202522, [0x2e, 0x7b, 0x21, 0x17, 0x7b, 0x10, 0x13, 0xdb, 0x5b, 0x4d, 0xd6, 0x3c, 0x8c, 0x89, 0xa9, 0x40]),
    (202531, [0x38, 0xaf, 0xe6, 0xa8, 0xdc, 0xe1, 0x54, 0x99, 0x4a, 0x39, 0x55, 0x49, 0xab, 0x0d, 0xd9, 0x15]),
    (202591, [0xcb, 0x8f, 0x7c, 0x7c, 0x54, 0xdf, 0x80, 0x05, 0x7f, 0xce, 0x6c, 0x73, 0x6a, 0x05, 0x94, 0xb4]),
    (202611, [0xa3, 0xf4, 0x73, 0xaa, 0x20, 0x76, 0xfc, 0xf2, 0xfe, 0x1a, 0x60, 0x6f, 0xb0, 0xb3, 0x85, 0x74]),
    (202612, [0x5b, 0xd2, 0x41, 0x65, 0xb5, 0x4f, 0x8c, 0xf1, 0xd7, 0xee, 0x01, 0x4d, 0xfd, 0x82, 0x4f, 0xc5]),
    (202613, [0x0f, 0x11, 0x34, 0xa0, 0x5c, 0x0a, 0x6d, 0xdc, 0x0e, 0x83, 0xf5, 0xb2, 0xc5, 0x29, 0x8a, 0xf4]),
    (202631, [0x72, 0x05, 0x0b, 0xff, 0x08, 0x4e, 0x28, 0xf7, 0x51, 0x81, 0xb5, 0x68, 0x60, 0xcc, 0xaf, 0x8c]),
    (202632, [0xce, 0x6d, 0x8d, 0xff, 0x44, 0x7d, 0xf0, 0xb7, 0xdb, 0xef, 0x07, 0x3c, 0x92, 0x71, 0x95, 0x3d]),
    (202633, [0x36, 0x98, 0xa5, 0x6d, 0xde, 0x0a, 0xee, 0x51, 0xc4, 0x89, 0xc3, 0x21, 0x17, 0x56, 0x34, 0x2a]),
    (202651, [0x22, 0xa6, 0x0a, 0x16, 0x6f, 0x58, 0x7b, 0x6f, 0xb5, 0x96, 0x2d, 0xdc, 0x55, 0x4c, 0x33, 0xa6]),
    (202671, [0x3b, 0x50, 0xe3, 0x51, 0x1f, 0xdb, 0x0a, 0x07, 0x89, 0xdb, 0x05, 0xb5, 0x32, 0xcf, 0x75, 0x03]),
    (202672, [0x92, 0x27, 0xa1, 0xa9, 0x21, 0xa3, 0x36, 0xe2, 0x43, 0x46, 0xdb, 0x49, 0xbf, 0xd2, 0x46, 0x75]),
    (202691, [0xcd, 0xc1, 0xa2, 0x0d, 0x66, 0xd2, 0x77, 0xec, 0x37, 0x62, 0x8e, 0x3c, 0x76, 0x55, 0x24, 0x60]),
    (202711, [0x3c, 0x27, 0x9d, 0x0c, 0xa7, 0x69, 0x05, 0x4a, 0xe5, 0x5f, 0x90, 0xa4, 0x7d, 0x37, 0xa3, 0x71]),
    (202731, [0xc4, 0x7e, 0xca, 0x20, 0x2d, 0x61, 0x99, 0x4e, 0xbb, 0x29, 0xe2, 0x56, 0xc9, 0x4a, 0x98, 0x6d]),
    (202732, [0x1e, 0xe6, 0xe6, 0xfc, 0xc2, 0xeb, 0x83, 0x26, 0xb7, 0x31, 0xfe, 0x9e, 0x4e, 0xd1, 0x52, 0x6f]),
    (202751, [0x4b, 0x72, 0x91, 0xf8, 0xef, 0x26, 0xa8, 0xff, 0xea, 0x4a, 0x03, 0xb9, 0xf7, 0xfc, 0xa3, 0xd6]),
    (202752, [0x9b, 0xc2, 0x7e, 0xc3, 0x2c, 0x3d, 0x72, 0x2e, 0xa7, 0x60, 0x51, 0x8d, 0xbc, 0xbb, 0xe3, 0x0d]),
    (202753, [0x47, 0x6a, 0xb3, 0x83, 0x55, 0x79, 0xbd, 0xaf, 0x0a, 0x4c, 0x2a, 0x04, 0x35, 0x6a, 0x42, 0x0d]),
    (202754, [0xfa, 0x4a, 0x2d, 0xaa, 0xe8, 0xe0, 0xd8, 0x74, 0x91, 0x92, 0x41, 0x21, 0x82, 0x42, 0xc2, 0xb6]),
    (202861, [0x14, 0x52, 0x19, 0xb4, 0x47, 0x9a, 0xf0, 0xf2, 0x8d, 0x24, 0x67, 0xab, 0x33, 0x8d, 0x52, 0xee]),
    (202862, [0xac, 0x6f, 0x87, 0x62, 0x6d, 0x8c, 0x9a, 0x46, 0xc5, 0xb8, 0xf0, 0xb0, 0x0c, 0x9d, 0x52, 0x38]),
    (202881, [0x22, 0xfb, 0x6f, 0x33, 0x96, 0x00, 0x3d, 0x21, 0x33, 0xf3, 0x0c, 0xff, 0x18, 0xb2, 0x9f, 0x7d]),
    (202921, [0x0e, 0x74, 0x8d, 0x84, 0x72, 0x19, 0x38, 0x58, 0x26, 0x72, 0xae, 0x51, 0x0a, 0xbf, 0xf7, 0x39]),
    (202931, [0xcc, 0xfc, 0x2e, 0xe7, 0x38, 0xee, 0xba, 0x13, 0xbc, 0xac, 0x35, 0xde, 0x05, 0xf0, 0x0c, 0xdc]),
    (202951, [0x5f, 0xa8, 0x0c, 0xbd, 0xbe, 0x8e, 0xbd, 0xf4, 0xb9, 0x4e, 0xf3, 0x05, 0x64, 0xb9, 0x40, 0xf1]),
    (202961, [0x62, 0xc1, 0x6a, 0x25, 0xdf, 0x1a, 0xba, 0x65, 0xa0, 0x43, 0x50, 0x5d, 0xf7, 0xbd, 0x40, 0x67]),
    (203031, [0x62, 0xd4, 0x88, 0xa8, 0x9e, 0xee, 0xc5, 0xc6, 0x31, 0x59, 0x80, 0xd5, 0xcf, 0x55, 0x3e, 0xd2]),
    (203050, [0xac, 0x7f, 0x37, 0x71, 0x4c, 0x50, 0x55, 0xc0, 0x8b, 0x6f, 0x92, 0x99, 0x22, 0x00, 0x50, 0x24]),
    (203180, [0xeb, 0xd7, 0xa3, 0x6e, 0xac, 0x58, 0xf0, 0xc1, 0x6c, 0xb0, 0xc2, 0x94, 0x5b, 0xe6, 0xb0, 0xc6]),
    (203181, [0x21, 0xb1, 0x18, 0xe5, 0x96, 0x2b, 0x4b, 0x14, 0xfa, 0x59, 0xd1, 0x06, 0xa5, 0x49, 0xe7, 0x2f]),
    (203185, [0x5e, 0x20, 0xb0, 0x28, 0xa9, 0xac, 0x02, 0x5f, 0x00, 0x15, 0x5a, 0x57, 0x62, 0xd2, 0xc2, 0x0b]),
    (203186, [0x83, 0x02, 0x02, 0xea, 0xa4, 0x1e, 0xf1, 0xa9, 0x0c, 0x3d, 0xc9, 0xaf, 0xb9, 0x4a, 0x7f, 0x41]),
    (203187, [0x8f, 0x89, 0x78, 0x8f, 0xf8, 0x15, 0x7c, 0x81, 0x11, 0xd9, 0xad, 0x8b, 0x9b, 0x49, 0x58, 0x84]),
    (203188, [0xa6, 0xb9, 0x30, 0xbb, 0x24, 0x5e, 0xa0, 0x97, 0x62, 0x26, 0xfa, 0xf1, 0xf4, 0xf3, 0x03, 0x29]),
    (203211, [0xb6, 0x85, 0xca, 0xeb, 0xb5, 0x6e, 0xa9, 0x5e, 0xca, 0xa9, 0xca, 0x95, 0xac, 0x10, 0x16, 0xec]),
    (203212, [0x29, 0x75, 0x74, 0x72, 0x80, 0x26, 0x4d, 0x43, 0x6b, 0x9e, 0x5b, 0xfa, 0x18, 0xbe, 0x05, 0x88]),
    (203230, [0x11, 0xc9, 0xef, 0xbc, 0x53, 0x79, 0x76, 0xe6, 0xfd, 0xba, 0x91, 0xbf, 0x14, 0x4f, 0x62, 0xe6]),
    (203231, [0xa1, 0x74, 0x5e, 0x3c, 0x04, 0x65, 0x3c, 0x98, 0x61, 0xcc, 0x01, 0x20, 0xc4, 0xfc, 0x8b, 0xa5]),
    (203232, [0x23, 0x5a, 0x9e, 0xeb, 0xa5, 0x93, 0x9a, 0xaf, 0x87, 0xe5, 0x2a, 0xb5, 0xb0, 0xb6, 0x75, 0xf0]),
    (203233, [0x04, 0xcf, 0x59, 0xe9, 0x7c, 0x72, 0xb7, 0x4f, 0x5e, 0x63, 0x00, 0x76, 0x7c, 0xb8, 0xe6, 0x99]),
    (203251, [0x30, 0xbc, 0x4c, 0x0d, 0x4f, 0x9d, 0xf8, 0x4b, 0x35, 0xab, 0x68, 0xc3, 0x30, 0xe4, 0xed, 0x1d]),
    (203252, [0x10, 0x90, 0xf3, 0x42, 0x88, 0xbe, 0x61, 0xac, 0xa4, 0x57, 0x6e, 0x12, 0x35, 0xbb, 0xf4, 0xe8]),
    (203253, [0x14, 0x8c, 0x5c, 0x03, 0x1a, 0x53, 0xd0, 0xd5, 0x75, 0x6b, 0xdf, 0x0a, 0xb9, 0x5a, 0x87, 0xf7]),
    (203254, [0x4e, 0xa3, 0x61, 0xc5, 0x4c, 0x02, 0x72, 0x45, 0x4d, 0x8a, 0x74, 0x75, 0x5a, 0xe3, 0x1e, 0xa5]),
    (203255, [0x72, 0x48, 0x13, 0xab, 0x8c, 0xff, 0x7f, 0xde, 0xe5, 0xd2, 0xd8, 0x10, 0x29, 0x5f, 0x7a, 0xa6]),
    (203256, [0x82, 0x51, 0x81, 0xd8, 0x2b, 0x97, 0x34, 0x5d, 0x54, 0x57, 0xea, 0xf1, 0x29, 0xea, 0xae, 0xb9]),
    (203257, [0xe1, 0xea, 0x55, 0x4e, 0xde, 0xf2, 0x44, 0x9a, 0x7d, 0x06, 0x54, 0x91, 0xc3, 0x04, 0x3c, 0xa6]),
    (203321, [0xca, 0xe2, 0x25, 0x8c, 0x06, 0x2f, 0xf6, 0x78, 0x1a, 0x21, 0x0c, 0xc4, 0xf3, 0xdd, 0x12, 0xc1]),
    (203322, [0x4f, 0x74, 0x6b, 0x6a, 0x09, 0xb5, 0x14, 0x57, 0x22, 0x89, 0x61, 0xab, 0xa0, 0x61, 0x6a, 0xbd]),
    (203344, [0xf6, 0xed, 0x82, 0xeb, 0xe6, 0x40, 0xb9, 0x8f, 0x98, 0x83, 0xc9, 0x20, 0x9c, 0x74, 0x72, 0x40]),
    (203345, [0xbb, 0x73, 0xe6, 0x4b, 0x63, 0x6d, 0xca, 0x5a, 0x7e, 0x75, 0xe3, 0x28, 0x30, 0x19, 0x84, 0x9a]),
    (203371, [0x31, 0xca, 0x47, 0xba, 0x7c, 0xb7, 0x71, 0x40, 0x98, 0x1d, 0x7a, 0xf6, 0xdf, 0xe3, 0x06, 0x2e]),
    (203372, [0x70, 0x38, 0xbe, 0xaf, 0x1e, 0xd0, 0x7d, 0xc6, 0x92, 0x1e, 0x74, 0xef, 0x9a, 0x4f, 0x13, 0xef]),
    (203391, [0xbc, 0xa4, 0x36, 0x1e, 0x94, 0xfb, 0xeb, 0x39, 0x17, 0xa8, 0x0b, 0x2c, 0xb7, 0x39, 0x20, 0x66]),
    (203411, [0x3e, 0x5f, 0x6a, 0x92, 0x59, 0x87, 0x09, 0x66, 0xd5, 0x6f, 0xa6, 0x8d, 0x2a, 0x71, 0x15, 0x4e]),
    (203431, [0x3a, 0x9a, 0xfd, 0x2f, 0x19, 0x95, 0xfc, 0x1b, 0xdf, 0x7b, 0x24, 0xd0, 0xf9, 0x8c, 0xad, 0x76]),
    (203511, [0xf4, 0x4d, 0x0d, 0x29, 0x3e, 0xc0, 0xc7, 0x2f, 0x95, 0xdc, 0xf4, 0x08, 0xf9, 0x21, 0x44, 0x3d]),
    (203531, [0x09, 0xdb, 0x93, 0x54, 0x87, 0x23, 0x92, 0xb2, 0x84, 0x97, 0x29, 0xde, 0xbd, 0x93, 0xd1, 0x3b]),
    (203551, [0x30, 0xa7, 0x4a, 0x6a, 0x59, 0x60, 0x9b, 0xac, 0x14, 0xaf, 0xd5, 0x4f, 0x8a, 0x97, 0x79, 0xb3]),
    (203561, [0x17, 0x8b, 0x98, 0x0c, 0xb5, 0x2d, 0xac, 0xb8, 0xb1, 0x04, 0x90, 0xd7, 0xb9, 0xc9, 0xb4, 0x27]),
    (203563, [0xb5, 0xc3, 0x8c, 0x56, 0xb4, 0xe8, 0x81, 0xae, 0xe6, 0xd4, 0xe1, 0xcf, 0x61, 0xd1, 0xab, 0xc6]),
    (203631, [0x80, 0x93, 0x57, 0xda, 0x90, 0x30, 0x59, 0xc1, 0x9c, 0x05, 0x61, 0x4f, 0x06, 0xfe, 0x22, 0xba]),
    (203632, [0x6a, 0xe1, 0xa4, 0xed, 0x02, 0xa8, 0xf4, 0x9a, 0x54, 0x03, 0xc6, 0x51, 0xd7, 0xfb, 0x3b, 0x5e]),
    (203633, [0x97, 0x8b, 0xd9, 0x86, 0x59, 0xb5, 0xb6, 0xb4, 0xd7, 0xb0, 0x7d, 0x29, 0xe6, 0x02, 0x25, 0x1a]),
    (203634, [0x8b, 0x38, 0x21, 0x61, 0xab, 0x25, 0x80, 0xd6, 0xae, 0x87, 0x32, 0xe5, 0x1d, 0xa9, 0x74, 0x51]),
    (203635, [0x5e, 0x32, 0x24, 0xa1, 0x47, 0xf7, 0x22, 0xde, 0xa6, 0x49, 0x9d, 0xb9, 0x7f, 0x3e, 0x78, 0x1e]),
    (203636, [0xb8, 0xe8, 0x8b, 0x80, 0x96, 0x5a, 0x0f, 0x7e, 0x4b, 0xad, 0x0c, 0x74, 0x80, 0x06, 0x2a, 0xa1]),
    (203637, [0x76, 0x30, 0x05, 0x8a, 0xa1, 0x95, 0xa4, 0x44, 0xb3, 0x6b, 0x26, 0x7a, 0x97, 0x51, 0xdc, 0xd8]),
    (203638, [0x7b, 0x2b, 0x36, 0x00, 0x29, 0xb3, 0xc7, 0x86, 0xca, 0x11, 0x88, 0x6d, 0x60, 0x07, 0x91, 0x3e]),
    (203639, [0x83, 0x26, 0xc0, 0x57, 0x01, 0x4e, 0x41, 0x55, 0x59, 0x83, 0xf4, 0xec, 0x05, 0x06, 0x83, 0x4c]),
    (203651, [0x17, 0xbb, 0xe5, 0x77, 0x53, 0xc7, 0x77, 0xae, 0x82, 0x84, 0x42, 0x32, 0x2b, 0xb7, 0x9a, 0x93]),
    (203681, [0x4a, 0x58, 0xa7, 0xc3, 0x6e, 0xbb, 0x45, 0x27, 0x51, 0x82, 0x2f, 0xb5, 0x6c, 0xce, 0x36, 0x64]),
    (203682, [0x2f, 0x4f, 0xa9, 0x31, 0x9f, 0x17, 0xe1, 0xad, 0xd8, 0xc0, 0x02, 0x45, 0x92, 0xc2, 0x8b, 0x37]),
    (203683, [0x15, 0xdb, 0x1c, 0x31, 0x4a, 0x4a, 0xa2, 0xe1, 0xa2, 0xb3, 0x45, 0x7a, 0xbd, 0xc0, 0x10, 0x94]),
    (203684, [0xf4, 0x64, 0x87, 0xfd, 0x13, 0xd1, 0xaa, 0x7c, 0x04, 0x60, 0x7b, 0x34, 0x20, 0x3e, 0x0e, 0x69]),
    (203685, [0x1e, 0x08, 0x5d, 0xc8, 0xfa, 0x1c, 0xd3, 0x0f, 0x89, 0x1d, 0x0c, 0xd8, 0x5c, 0xe7, 0xf6, 0x0c]),
    (203686, [0x93, 0x09, 0x4b, 0x7d, 0x5d, 0x2d, 0xb9, 0x4b, 0xe4, 0x53, 0xe6, 0x13, 0xe0, 0x2d, 0xe1, 0x93]),
    (203687, [0xb5, 0x92, 0xef, 0xb1, 0xb6, 0xf1, 0x1d, 0x20, 0xb5, 0x9d, 0x29, 0xfa, 0xa6, 0x54, 0x9c, 0xb8]),
    (203688, [0x1c, 0x70, 0xff, 0xfa, 0xa7, 0x6b, 0x41, 0x85, 0xb8, 0xb5, 0x78, 0xfd, 0x77, 0x90, 0x64, 0x7a]),
    (203689, [0x6c, 0xda, 0xef, 0x0d, 0x6d, 0x7f, 0x3b, 0x27, 0x5b, 0xf8, 0x00, 0x2a, 0xed, 0x6f, 0x9a, 0x31]),
    (203690, [0x85, 0x92, 0x24, 0x13, 0x27, 0xba, 0xf3, 0x2d, 0xd1, 0x54, 0xe9, 0x05, 0x38, 0xb0, 0xec, 0xc4]),
    (203692, [0xf4, 0x6c, 0x52, 0x19, 0xab, 0x27, 0xcf, 0x2f, 0xb3, 0xfa, 0xae, 0x48, 0x9a, 0xf8, 0x9e, 0x43]),
    (203731, [0x2e, 0x25, 0x19, 0x02, 0x3a, 0x81, 0x82, 0x13, 0x03, 0xc5, 0x20, 0x9f, 0x0e, 0x6e, 0x44, 0x20]),
    (203732, [0x72, 0xab, 0x1d, 0xc9, 0xcb, 0x47, 0x56, 0x7f, 0x33, 0xc0, 0xdc, 0x6a, 0xe2, 0x6e, 0x17, 0xf0]),
    (203733, [0xb6, 0x61, 0xa9, 0x9d, 0xdd, 0x58, 0x90, 0x38, 0xeb, 0x80, 0x79, 0x28, 0x44, 0xd2, 0xf4, 0x4a]),
    (203751, [0xd9, 0xda, 0x00, 0xab, 0x35, 0xaa, 0xef, 0xaf, 0x70, 0x71, 0xd2, 0xfd, 0x99, 0xd0, 0x24, 0xc2]),
    (203752, [0x0b, 0xcd, 0xf1, 0xe0, 0x12, 0x51, 0x17, 0x16, 0x3c, 0x8d, 0xd5, 0x53, 0x6a, 0xd3, 0x9d, 0x0d]),
    (203753, [0xa2, 0x87, 0xb9, 0x78, 0x90, 0x0c, 0xf1, 0x5b, 0x2e, 0x85, 0x09, 0x62, 0x96, 0xe9, 0x6a, 0x4f]),
    (203754, [0x24, 0xde, 0xf5, 0x8f, 0x8e, 0x23, 0x33, 0x45, 0x82, 0x1f, 0x98, 0x34, 0x26, 0x8f, 0xb7, 0xbf]),
    (203755, [0x8a, 0x1c, 0x18, 0xc1, 0x3d, 0x97, 0xa1, 0x99, 0x2e, 0xe8, 0x48, 0xe4, 0xcb, 0x10, 0x0f, 0x50]),
    (203771, [0x54, 0xf6, 0x8b, 0x07, 0x75, 0xa2, 0xbc, 0xc3, 0xc5, 0x58, 0x82, 0x97, 0x02, 0x49, 0xe2, 0x3d]),
    (203772, [0x7f, 0xe0, 0xd5, 0x74, 0x35, 0x4f, 0xda, 0xf7, 0x5e, 0x3a, 0xbd, 0x8d, 0x8d, 0x13, 0x45, 0xfc]),
    (203773, [0xf8, 0xd9, 0x92, 0xc9, 0x61, 0x2c, 0x14, 0xb3, 0xa6, 0xf6, 0x4c, 0xd3, 0x33, 0xe4, 0x62, 0xa5]),
    (203774, [0xac, 0x8b, 0x2c, 0xde, 0x25, 0x77, 0x60, 0xda, 0x56, 0x28, 0x37, 0xcf, 0xac, 0xf4, 0xaa, 0x0f]),
    (203775, [0x9b, 0x87, 0x8e, 0xb5, 0xc6, 0x4b, 0x0e, 0xfc, 0x6a, 0x12, 0x85, 0xfd, 0xaa, 0x5b, 0x77, 0xdf]),
    (203776, [0xa3, 0xa5, 0xab, 0x7c, 0x8d, 0x4e, 0x66, 0x4c, 0x87, 0xcb, 0xc5, 0x10, 0x67, 0x24, 0x3e, 0x7f]),
    (203777, [0xbf, 0x14, 0x0a, 0x28, 0x59, 0x90, 0x0f, 0xf0, 0xf3, 0xeb, 0x27, 0x87, 0xa2, 0xd5, 0x16, 0x74]),
    (203778, [0xdb, 0x14, 0x5d, 0x2f, 0x3a, 0xd4, 0x89, 0x77, 0x4e, 0x9a, 0xb8, 0x08, 0x79, 0x50, 0xbd, 0xf6]),
    (203779, [0xd0, 0xde, 0x41, 0xaa, 0x63, 0xf4, 0xc8, 0x53, 0xe0, 0x98, 0x9c, 0x0f, 0x0c, 0x90, 0x68, 0xa9]),
    (203791, [0x81, 0xa3, 0xe0, 0x50, 0xf7, 0x97, 0x1f, 0xf0, 0x2e, 0x44, 0xea, 0xf2, 0x27, 0xc9, 0x39, 0x95]),
    (203811, [0x38, 0x65, 0x76, 0xb9, 0x5c, 0x15, 0xf5, 0x71, 0xe9, 0x0a, 0x41, 0x60, 0x07, 0xf4, 0xa2, 0xc8]),
    (203812, [0x05, 0x89, 0x3d, 0x27, 0x5b, 0x7e, 0x07, 0x54, 0xb5, 0xcb, 0xc6, 0xa2, 0xb1, 0x98, 0x5d, 0xcc]),
    (203813, [0x74, 0x2d, 0xfa, 0x55, 0x9b, 0x87, 0x73, 0xe5, 0x86, 0xa2, 0x6c, 0xe3, 0x26, 0x5a, 0xad, 0xae]),
    (203831, [0x44, 0x0d, 0xfb, 0xcf, 0x6a, 0x33, 0x8b, 0xd2, 0xaa, 0xc2, 0x42, 0x17, 0x48, 0x11, 0x03, 0x61]),
    (203832, [0x67, 0x50, 0x1e, 0x88, 0x0a, 0xd2, 0x9d, 0x0a, 0x4a, 0x06, 0xca, 0xb8, 0xe8, 0x57, 0x99, 0xbc]),
    (203833, [0x68, 0x15, 0xa7, 0x01, 0x89, 0x14, 0x3e, 0x16, 0xbe, 0x4d, 0xb9, 0x9d, 0x91, 0x71, 0x90, 0x69]),
    (203834, [0x74, 0x0f, 0x4f, 0xb3, 0x07, 0x86, 0x3a, 0xd2, 0xe2, 0x4d, 0x32, 0x65, 0x39, 0xd0, 0x1c, 0x96]),
    (203835, [0x3d, 0xdd, 0x0e, 0xda, 0x6a, 0xa6, 0x63, 0xb5, 0x5a, 0x2c, 0x4a, 0x31, 0x8b, 0xa3, 0x4d, 0x8b]),
    (203836, [0x2b, 0x47, 0x33, 0x41, 0x80, 0xd2, 0xfc, 0x22, 0x0f, 0xfe, 0x2a, 0x89, 0xb2, 0x22, 0xf1, 0x56]),
    (203837, [0x0c, 0xe3, 0x62, 0x9f, 0x6f, 0xe1, 0x10, 0x85, 0x7c, 0x77, 0xae, 0xc5, 0xde, 0xdf, 0xb4, 0xd4]),
    (203851, [0x38, 0x22, 0xfc, 0x57, 0xda, 0xdc, 0x13, 0x03, 0x7f, 0xc1, 0xd0, 0x47, 0x86, 0xdf, 0x73, 0x54]),
    (203971, [0xc9, 0x68, 0x58, 0xa0, 0xda, 0xa9, 0xc1, 0x29, 0xc1, 0x4c, 0x89, 0x7b, 0x46, 0xb0, 0x8d, 0x40]),
    (203991, [0x6c, 0x83, 0x45, 0xd7, 0xfb, 0xca, 0x31, 0xa8, 0x86, 0x70, 0x30, 0x7d, 0xef, 0x39, 0x06, 0x35]),
    (204011, [0xc7, 0x7a, 0x4f, 0xf6, 0xee, 0xa5, 0xa0, 0xa6, 0x33, 0x86, 0xf3, 0xaa, 0x48, 0xba, 0x8e, 0xc5]),
    (204031, [0x5e, 0xa4, 0x87, 0x35, 0x11, 0xa3, 0x92, 0x4e, 0xf4, 0x07, 0x56, 0x1b, 0xf4, 0x4f, 0xe3, 0x29]),
    (204032, [0x21, 0xe4, 0xe9, 0x4e, 0x46, 0x35, 0x81, 0xf0, 0x14, 0xa3, 0x4c, 0x9e, 0x0d, 0xe5, 0x21, 0x02]),
    (204033, [0xc2, 0x53, 0xd7, 0x7b, 0x2f, 0xcd, 0x96, 0x0f, 0x5d, 0x26, 0xee, 0x72, 0x01, 0x8b, 0xff, 0x37]),
    (204034, [0x6d, 0x3e, 0xf1, 0xe6, 0x7f, 0x0c, 0x43, 0x4b, 0x4b, 0xfe, 0xa8, 0x16, 0xd9, 0x7f, 0xc6, 0x29]),
    (204035, [0xa5, 0xda, 0xcd, 0xba, 0xab, 0xcc, 0x3c, 0xfd, 0x06, 0xe7, 0x66, 0x8a, 0x16, 0xae, 0x35, 0xbd]),
    (204036, [0x15, 0x65, 0xdc, 0xf2, 0x0c, 0x22, 0x20, 0x3e, 0xa7, 0x07, 0x5c, 0x96, 0x41, 0xee, 0xc2, 0xbb]),
    (204037, [0x05, 0x5a, 0xf1, 0xb2, 0x4e, 0xb1, 0xc8, 0x1a, 0xa6, 0x14, 0x60, 0xde, 0xf4, 0x8f, 0x8c, 0xfd]),
    (204038, [0xe4, 0x1b, 0x7c, 0xea, 0xb5, 0x84, 0x35, 0x9a, 0xce, 0xc5, 0x44, 0x3b, 0xb8, 0x43, 0xaf, 0xdd]),
    (204051, [0x61, 0xe3, 0x91, 0x79, 0x00, 0x07, 0x16, 0x17, 0x7c, 0x18, 0xd5, 0xa8, 0x4b, 0xe8, 0x25, 0x57]),
    (204061, [0xd2, 0x49, 0x0a, 0x2f, 0xfe, 0xe6, 0xc5, 0xb6, 0x72, 0xb0, 0x07, 0x99, 0x08, 0x16, 0x6c, 0x48]),
    (204062, [0x5b, 0xa3, 0x44, 0x42, 0xf1, 0x13, 0xa3, 0x7e, 0xc0, 0xce, 0xa1, 0xc5, 0xd9, 0x00, 0x39, 0x9a]),
    (204075, [0x0e, 0x9e, 0x0f, 0x2a, 0xd0, 0xa6, 0x96, 0xa9, 0x41, 0xeb, 0x87, 0xcd, 0xed, 0x8c, 0x5c, 0x01]),
    (204076, [0x94, 0x11, 0xea, 0xf9, 0x78, 0x55, 0x10, 0x44, 0x38, 0xf7, 0xa1, 0x2f, 0x65, 0x37, 0xee, 0x5c]),
    (204077, [0xeb, 0xdf, 0x78, 0x23, 0x7c, 0x33, 0xe3, 0x95, 0xc7, 0x8f, 0x7f, 0xcb, 0xae, 0x20, 0x7f, 0xc5]),
    (204081, [0xd2, 0x72, 0x75, 0x4a, 0x79, 0x6f, 0xf7, 0x2f, 0x55, 0x01, 0x35, 0xff, 0x1e, 0xc7, 0x61, 0x0f]),
    (204082, [0xb1, 0xc6, 0x55, 0x7e, 0x09, 0x36, 0x12, 0xbc, 0x3d, 0x2a, 0x4a, 0xa8, 0xea, 0xce, 0x83, 0x91]),
    (204083, [0x31, 0x97, 0x9f, 0xdb, 0xb6, 0x2c, 0xea, 0xf1, 0x88, 0xae, 0xd7, 0x6d, 0x7e, 0xd6, 0x75, 0xc6]),
    (204084, [0x31, 0xe4, 0x2b, 0x2d, 0x1c, 0x92, 0x20, 0x24, 0xa3, 0x09, 0x58, 0xe9, 0xc2, 0x4e, 0xe3, 0x3c]),
    (204101, [0xc9, 0x36, 0xf1, 0x18, 0x0e, 0x6e, 0x8d, 0x1a, 0x05, 0xa2, 0xf4, 0xb0, 0xb0, 0xd0, 0x64, 0x19]),
    (204102, [0xb7, 0x8c, 0xdc, 0xa2, 0x44, 0x60, 0xae, 0xc1, 0xc5, 0xeb, 0x62, 0xa7, 0x28, 0x2c, 0x6c, 0xf6]),
    (204103, [0xe6, 0x31, 0xf9, 0x49, 0xec, 0x48, 0x9a, 0xa1, 0x2a, 0x47, 0xc0, 0xfe, 0xa6, 0xcd, 0xf7, 0x7a]),
    (204104, [0xc8, 0xa8, 0xe1, 0x01, 0xfb, 0x69, 0x6a, 0xaa, 0xc1, 0x07, 0xd8, 0xb4, 0x55, 0x14, 0x62, 0xdf]),
    (204105, [0x61, 0x4f, 0x74, 0x93, 0xda, 0xe3, 0x67, 0x15, 0x44, 0x99, 0x7f, 0x49, 0x45, 0x58, 0x8c, 0xbd]),
    (204112, [0x69, 0xa5, 0x59, 0xde, 0xaf, 0x4b, 0x6f, 0x7a, 0xff, 0x92, 0xad, 0x42, 0xcf, 0xae, 0x70, 0x36]),
    (204121, [0x41, 0x70, 0x05, 0xc6, 0xc4, 0x1d, 0x15, 0xf4, 0x67, 0x53, 0x08, 0x31, 0xfe, 0x2e, 0x95, 0x28]),
    (204141, [0x3c, 0xce, 0x39, 0x43, 0x8b, 0xaa, 0x10, 0x69, 0x20, 0x74, 0xeb, 0x23, 0xf9, 0xee, 0x0e, 0x93]),
    (204181, [0xfc, 0x1b, 0x75, 0xd1, 0x1f, 0xb5, 0x25, 0xde, 0x90, 0xfc, 0xbf, 0xc5, 0x3f, 0xb1, 0xf8, 0xf7]),
    (204201, [0xfb, 0xf8, 0x1b, 0xa3, 0x22, 0xfe, 0xe3, 0xf7, 0xee, 0x37, 0x29, 0x78, 0x21, 0x30, 0x96, 0x9b]),
    (204261, [0xbf, 0x33, 0x3f, 0xa8, 0x15, 0x35, 0xa0, 0xaa, 0xc4, 0x18, 0x6b, 0x67, 0xd2, 0xe6, 0x3b, 0x5b]),
    (204262, [0xce, 0x39, 0xdc, 0xef, 0xf8, 0x53, 0xa7, 0x3e, 0xeb, 0xc8, 0xfa, 0x18, 0x62, 0x83, 0xcc, 0x43]),
    (204341, [0xa2, 0x19, 0xc3, 0x63, 0x8a, 0x9e, 0x62, 0x5a, 0x9f, 0x68, 0x40, 0x59, 0xfb, 0x42, 0xdd, 0x86]),
    (204381, [0xc2, 0x8d, 0x7a, 0x3a, 0xf4, 0x6d, 0xc7, 0xf5, 0xaf, 0x96, 0x33, 0x27, 0x96, 0x80, 0x4a, 0x2d]),
    (204382, [0xec, 0x63, 0xfd, 0xe8, 0xb5, 0xf3, 0xca, 0x7e, 0xc8, 0x08, 0x8e, 0x04, 0x8c, 0xe8, 0xb2, 0xf4]),
    (204383, [0x1b, 0x6e, 0xb5, 0xa1, 0x17, 0x83, 0x8e, 0xe2, 0xc5, 0x78, 0x1f, 0xa2, 0x0c, 0xc0, 0xc1, 0x1a]),
    (204391, [0xcc, 0x49, 0x69, 0xb8, 0x71, 0x3b, 0xec, 0xdc, 0x2c, 0x05, 0x41, 0xf9, 0x44, 0xf5, 0xd9, 0x76]),
    (204411, [0xb1, 0x85, 0xf4, 0x18, 0x58, 0x7b, 0x34, 0x90, 0x0e, 0xf1, 0x07, 0xa9, 0x83, 0x66, 0xd6, 0xba]),
    (204412, [0xe7, 0x84, 0x5e, 0x6e, 0xbc, 0xe0, 0xc0, 0xcd, 0x9b, 0xbe, 0x0d, 0x55, 0x81, 0x65, 0xb3, 0x55]),
    (204413, [0x16, 0x89, 0x0b, 0x05, 0x31, 0xf9, 0xe8, 0x1e, 0xfb, 0x30, 0xca, 0x49, 0x0c, 0xab, 0xda, 0xc3]),
    (204414, [0xdc, 0x67, 0x89, 0xd7, 0xa4, 0x8e, 0x75, 0x33, 0xb5, 0xc8, 0xe7, 0x1c, 0xec, 0x6d, 0x9c, 0x7d]),
    (204415, [0x14, 0x87, 0xc7, 0x6c, 0x93, 0x08, 0x71, 0x74, 0x9d, 0x0e, 0x4e, 0xcf, 0x3c, 0xdf, 0x24, 0x3c]),
    (204416, [0x42, 0xb6, 0x23, 0x38, 0x66, 0x58, 0x3b, 0x8c, 0x70, 0x7e, 0xc2, 0x43, 0xc2, 0xcc, 0xbb, 0x07]),
    (204417, [0x02, 0x77, 0x10, 0xd7, 0x09, 0x70, 0x83, 0x17, 0x7c, 0x68, 0x29, 0xcf, 0x1b, 0xd6, 0x70, 0xe2]),
    (204418, [0x56, 0x2f, 0xfc, 0x0e, 0x42, 0xa2, 0x0e, 0x84, 0xec, 0x62, 0x28, 0x5a, 0x96, 0x9e, 0x3d, 0xa6]),
    (204441, [0x24, 0xeb, 0x95, 0x37, 0x33, 0xde, 0xd2, 0xf0, 0x11, 0xf0, 0x72, 0x18, 0x82, 0x30, 0x21, 0x8a]),
    (204442, [0x05, 0x2c, 0x09, 0xc0, 0x99, 0x15, 0x1d, 0xa7, 0x49, 0xc5, 0x6f, 0x43, 0xdb, 0x2e, 0x69, 0x44]),
    (204443, [0x88, 0xc8, 0xe7, 0xaa, 0x4a, 0x6a, 0x8c, 0x3f, 0xcf, 0xa4, 0x04, 0x5e, 0x28, 0xa3, 0x49, 0x1c]),
    (204470, [0x21, 0xdd, 0x6b, 0xdc, 0x36, 0x50, 0xe4, 0x7a, 0xbd, 0x00, 0x5a, 0xc2, 0x4d, 0x1d, 0xc5, 0xb1]),
    (204471, [0x74, 0x56, 0x38, 0x32, 0x11, 0xed, 0x4a, 0x0f, 0xfc, 0xeb, 0x58, 0x06, 0x6e, 0x9b, 0xc5, 0x4e]),
    (204472, [0xb7, 0x18, 0xdc, 0x98, 0x73, 0x11, 0x3b, 0x01, 0xdf, 0xd8, 0x2e, 0xfe, 0x9a, 0xc5, 0xe3, 0xe2]),
    (204473, [0x2b, 0x9a, 0x8b, 0xf0, 0xe0, 0x1a, 0xb1, 0xd5, 0xef, 0x47, 0xd2, 0x42, 0x00, 0x0d, 0x89, 0xb6]),
    (204474, [0xed, 0x4d, 0xe1, 0xf3, 0x5c, 0xc1, 0xe5, 0xae, 0x3e, 0x83, 0xf5, 0x25, 0x61, 0xf2, 0xd6, 0x06]),
    (204475, [0xad, 0x75, 0x45, 0xb6, 0x00, 0xea, 0x70, 0x2c, 0xbf, 0xbc, 0x86, 0xd7, 0x04, 0xc4, 0x95, 0x46]),
    (204476, [0xde, 0x1e, 0xd5, 0xf0, 0xc9, 0x61, 0xff, 0x4a, 0x91, 0x6c, 0x5f, 0xf8, 0x45, 0xd6, 0x30, 0xb9]),
    (204477, [0x8e, 0x38, 0x9e, 0xf3, 0xa8, 0x8e, 0x2e, 0xa9, 0xb9, 0xf2, 0x47, 0x52, 0xc4, 0x78, 0xc9, 0x04]),
    (204478, [0x0f, 0x04, 0x45, 0xe4, 0x08, 0xf8, 0xa7, 0x25, 0x27, 0xde, 0x17, 0x17, 0x31, 0x8a, 0xee, 0x9f]),
    (204479, [0xf1, 0x2c, 0x99, 0x4b, 0x12, 0xc6, 0x52, 0x46, 0x51, 0x2e, 0xb8, 0x19, 0xbb, 0x6b, 0xd0, 0x38]),
    (204480, [0x3e, 0xab, 0x60, 0x31, 0x87, 0x1d, 0xfe, 0x1a, 0x1c, 0xe5, 0x77, 0x61, 0xf2, 0x9a, 0xb6, 0xe6]),
    (204481, [0x32, 0xc9, 0xc0, 0x97, 0x1c, 0xb7, 0x5b, 0xd4, 0x6f, 0x81, 0x52, 0x34, 0x1c, 0xb6, 0x21, 0x5e]),
    (204482, [0x08, 0xf1, 0x2b, 0x20, 0x3f, 0x60, 0xd8, 0x59, 0x1a, 0x60, 0xaa, 0xc7, 0x19, 0x01, 0xd9, 0xf4]),
    (204483, [0x32, 0xfc, 0x08, 0x57, 0x22, 0x7e, 0x8a, 0x1c, 0x22, 0x50, 0x1f, 0xa7, 0x94, 0x23, 0x0b, 0xc3]),
    (204484, [0x5f, 0xdf, 0x8b, 0xe9, 0x23, 0x8d, 0x6f, 0x42, 0xfd, 0x86, 0x3e, 0xbc, 0x75, 0xcd, 0x2c, 0x06]),
    (204511, [0xfc, 0x6c, 0x43, 0xa6, 0x20, 0x7e, 0x68, 0xe5, 0xdc, 0xcf, 0xfd, 0x72, 0xad, 0xe4, 0x2e, 0xc0]),
    (204521, [0x1a, 0x02, 0x2d, 0xa8, 0xce, 0xf7, 0x38, 0x4c, 0x22, 0xba, 0x89, 0x30, 0x51, 0xb1, 0x34, 0x8f]),
    (204522, [0x30, 0x4d, 0x4e, 0x28, 0x66, 0x96, 0xb2, 0x6c, 0x8e, 0x95, 0x35, 0x28, 0x23, 0xd8, 0xae, 0x16]),
    (204523, [0xf6, 0xf9, 0x11, 0x7f, 0x62, 0xe5, 0x15, 0x4d, 0x0d, 0x11, 0x5f, 0x8c, 0xdc, 0xae, 0x22, 0x0f]),
    (204524, [0x46, 0x1d, 0x84, 0x71, 0x4e, 0xb6, 0x08, 0xc4, 0x88, 0x41, 0x00, 0x6a, 0x54, 0xcb, 0xb4, 0x08]),
    (204525, [0x6b, 0xa4, 0x65, 0xea, 0x26, 0x25, 0xb3, 0x01, 0x77, 0x0d, 0xc1, 0xed, 0x16, 0x3f, 0xd1, 0x65]),
    (204561, [0x62, 0xe1, 0xdf, 0xec, 0x05, 0xc1, 0xb9, 0x85, 0xc6, 0x72, 0x37, 0x46, 0x95, 0xd1, 0xa8, 0xf9]),
    (204562, [0x81, 0x3b, 0x91, 0x72, 0x5d, 0x52, 0x84, 0x6d, 0xf8, 0x00, 0x6f, 0x26, 0x6d, 0xc5, 0x8d, 0xa6]),
    (204563, [0x17, 0x82, 0x97, 0x12, 0x16, 0x75, 0x18, 0x02, 0xd8, 0xe4, 0xd9, 0x75, 0x98, 0x43, 0x4b, 0x4a]),
    (204564, [0x3b, 0xec, 0x7d, 0x70, 0xde, 0xcc, 0x95, 0x74, 0xdb, 0x58, 0x30, 0x95, 0x41, 0xd5, 0x3a, 0x7c]),
    (204565, [0x17, 0xdc, 0x8a, 0x9c, 0xab, 0x6d, 0x9a, 0x55, 0x01, 0xd9, 0xf8, 0x6c, 0x92, 0x63, 0xd7, 0x3c]),
    (204566, [0x35, 0xc9, 0x0e, 0x6d, 0x26, 0x80, 0x2b, 0x39, 0xb9, 0xe0, 0xdb, 0xce, 0xd3, 0xb4, 0xc1, 0x60]),
    (204567, [0x55, 0xde, 0x9d, 0xc2, 0xc8, 0x8f, 0xb2, 0x73, 0xec, 0xf5, 0x9c, 0xdd, 0x3a, 0xd6, 0x8f, 0x9c]),
    (204568, [0x16, 0x01, 0x95, 0x8b, 0x19, 0x6f, 0xd0, 0x28, 0xd7, 0x15, 0xcf, 0xa4, 0x98, 0x32, 0x9b, 0x14]),
    (204569, [0xb4, 0x9b, 0x38, 0xd0, 0xbc, 0x56, 0x87, 0xf6, 0x5e, 0xe4, 0x28, 0x50, 0x60, 0xf9, 0x11, 0xa4]),
    (204570, [0x78, 0xca, 0x5e, 0x5b, 0x2a, 0x6d, 0x8b, 0x79, 0xf1, 0x14, 0x52, 0xae, 0x33, 0x7d, 0xbb, 0x98]),
    (204600, [0xa4, 0x01, 0x66, 0x60, 0x3e, 0x4d, 0x83, 0x05, 0x02, 0x06, 0xc0, 0xd1, 0x65, 0x5c, 0x1a, 0xb2]),
    (204611, [0xcf, 0xb4, 0x96, 0x53, 0x08, 0x65, 0x97, 0x04, 0x96, 0x7c, 0xf3, 0xcc, 0x22, 0xf4, 0xe5, 0xbb]),
    (204631, [0x7f, 0x0c, 0xcb, 0x52, 0x93, 0x36, 0x4c, 0x21, 0xaf, 0x31, 0x3f, 0x4f, 0xec, 0xc4, 0xee, 0xd7]),
    (204681, [0x55, 0xba, 0xe1, 0x88, 0x18, 0xc4, 0x32, 0x49, 0x67, 0xe7, 0xcb, 0x04, 0x63, 0x1c, 0xf8, 0x92]),
    (204721, [0x70, 0xd1, 0x17, 0x24, 0xbc, 0x90, 0x11, 0x1f, 0xb0, 0xda, 0x6f, 0xdc, 0x2c, 0x9d, 0x15, 0x6c]),
    (204731, [0x3a, 0xa4, 0x36, 0xe0, 0x60, 0xcb, 0xeb, 0x05, 0xd6, 0x7f, 0xcd, 0x7a, 0x75, 0x34, 0xb1, 0x0c]),
    (204742, [0x88, 0xf0, 0x0c, 0x3c, 0x96, 0x74, 0xaa, 0x09, 0xb1, 0xff, 0x90, 0xb2, 0xfc, 0x8f, 0xca, 0xf4]),
    (204761, [0x33, 0xa2, 0x4f, 0xc4, 0x0f, 0xc4, 0x16, 0xc4, 0xbd, 0xe3, 0xdc, 0x63, 0x48, 0xa1, 0xaa, 0xc6]),
    (204803, [0x58, 0x8c, 0x34, 0x31, 0xfe, 0xa5, 0x70, 0xde, 0xc9, 0xe8, 0xa1, 0x3d, 0x61, 0xb9, 0x33, 0x78]),
    (204861, [0x53, 0xd1, 0x89, 0x6e, 0x8c, 0xc6, 0xc6, 0xb5, 0xb4, 0x23, 0x98, 0xb2, 0xc0, 0x5a, 0x95, 0xbf]),
    (204862, [0x28, 0x1b, 0x2b, 0x24, 0xfe, 0x2a, 0x6f, 0xba, 0xb5, 0x4c, 0x4f, 0x2e, 0xb6, 0xf8, 0x54, 0xeb]),
    (204881, [0xd0, 0x21, 0xf7, 0xcb, 0xad, 0xef, 0xc9, 0x0d, 0x10, 0x12, 0xfb, 0x68, 0x2f, 0x2e, 0x04, 0x67]),
    (204882, [0x1d, 0xe7, 0xe9, 0xb2, 0x1a, 0x4f, 0x1c, 0x9e, 0xe5, 0xf7, 0x26, 0x82, 0xd7, 0x99, 0x5d, 0x1a]),
    (204900, [0xb9, 0x42, 0xda, 0x0f, 0xe8, 0x1e, 0x5b, 0xc6, 0x72, 0xdd, 0x40, 0x73, 0x63, 0x8c, 0x9e, 0xc7]),
    (204901, [0xe1, 0xbe, 0xb7, 0xa6, 0x34, 0x3d, 0xb6, 0xd5, 0xda, 0x9d, 0xf6, 0x24, 0x02, 0x38, 0xd7, 0xcc]),
    (204921, [0x38, 0xca, 0xbe, 0x74, 0x53, 0x28, 0x84, 0x90, 0x31, 0x79, 0xe2, 0xfb, 0xe6, 0x3c, 0xb6, 0x0e]),
    (204922, [0x9d, 0xf3, 0x5c, 0x08, 0x18, 0xcc, 0xfd, 0x21, 0x84, 0x8a, 0x4a, 0x07, 0xe8, 0x30, 0xae, 0x14]),
    (204923, [0x49, 0x06, 0xa9, 0x11, 0xc7, 0x51, 0x08, 0x2b, 0x79, 0xd0, 0xd1, 0x49, 0x09, 0x86, 0x6d, 0x10]),
    (204924, [0xfa, 0x19, 0x64, 0xec, 0x9d, 0x03, 0xb4, 0xe5, 0x14, 0xf3, 0x00, 0x88, 0xc7, 0x33, 0x03, 0x9f]),
    (204925, [0x47, 0xfb, 0x03, 0x5c, 0x08, 0xf0, 0xee, 0x02, 0xb8, 0x26, 0x6f, 0xb2, 0x06, 0x49, 0x69, 0x75]),
    (204926, [0xd5, 0x57, 0x5e, 0x3b, 0x07, 0xc8, 0x84, 0xea, 0x17, 0x00, 0x81, 0x7c, 0x80, 0x5b, 0xdb, 0xa1]),
    (204927, [0x5a, 0x73, 0x6d, 0xad, 0xc4, 0xf7, 0xad, 0xe5, 0xd5, 0x42, 0x7c, 0x42, 0x2b, 0x48, 0x85, 0xe8]),
    (204928, [0xfd, 0x1b, 0x97, 0xac, 0x39, 0x3b, 0x70, 0xc8, 0xa9, 0xbe, 0xbc, 0x69, 0x0c, 0x10, 0x54, 0x2e]),
    (204929, [0x6c, 0x91, 0xa3, 0xf5, 0xbf, 0xac, 0xdb, 0xcd, 0xb7, 0x8f, 0xfa, 0xc1, 0x7a, 0x4a, 0x13, 0x95]),
    (204941, [0x0d, 0xd9, 0x00, 0xb7, 0xd0, 0xd1, 0x66, 0x19, 0x2a, 0x43, 0x36, 0x54, 0x6b, 0xf3, 0x5e, 0x90]),
    (204981, [0x4b, 0xd1, 0x1d, 0x79, 0x10, 0x05, 0xd1, 0x3c, 0xff, 0x78, 0x85, 0x7a, 0x65, 0x29, 0x01, 0x55]),
    (204982, [0x35, 0x62, 0x0a, 0x2c, 0x77, 0x48, 0xdd, 0x57, 0xc4, 0x57, 0x41, 0x08, 0x08, 0x0c, 0x23, 0xda]),
    (204983, [0x59, 0x0f, 0x0f, 0x7a, 0xef, 0x1f, 0x4f, 0xf5, 0x61, 0xe1, 0x64, 0x29, 0x0f, 0x9c, 0xbb, 0x58]),
    (204984, [0x02, 0xa4, 0xf2, 0xe8, 0xd5, 0x91, 0x62, 0x39, 0xdf, 0x16, 0xb8, 0x7d, 0x24, 0x2e, 0xce, 0x83]),
    (204985, [0x5e, 0x20, 0xb0, 0x28, 0xa9, 0xac, 0x02, 0x5f, 0x00, 0x15, 0x5a, 0x57, 0x62, 0xd2, 0xc2, 0x0b]),
    (204986, [0x77, 0xf2, 0x8b, 0x50, 0x2d, 0x98, 0x89, 0xfb, 0xea, 0xe1, 0x2b, 0x31, 0x42, 0xf9, 0xc9, 0x79]),
    (204987, [0xa2, 0x85, 0xfd, 0xbb, 0xcd, 0x3a, 0x19, 0x8f, 0x58, 0x06, 0x41, 0x77, 0x62, 0x5d, 0xc8, 0x46]),
    (204988, [0x56, 0xe8, 0x74, 0xa6, 0xb5, 0x68, 0x70, 0xf4, 0xfe, 0x44, 0x40, 0xf5, 0xfc, 0x69, 0xeb, 0x44]),
    (204989, [0xe7, 0xa0, 0x56, 0x28, 0xdd, 0x4b, 0x27, 0x2b, 0xa1, 0xfd, 0x5a, 0xc7, 0x16, 0x67, 0x8a, 0x67]),
    (205120, [0x65, 0x19, 0x59, 0x48, 0x2c, 0xe4, 0x49, 0xd5, 0xae, 0x9b, 0x2e, 0xed, 0x2e, 0xac, 0xce, 0xcb]),
    (205130, [0xbb, 0x0c, 0x25, 0x6a, 0xaf, 0x14, 0xdd, 0xf1, 0x9b, 0x4b, 0xe3, 0xee, 0x98, 0xcc, 0xa9, 0x90]),
    (205140, [0x3a, 0x09, 0xf9, 0xce, 0x17, 0x57, 0xe3, 0x1a, 0xb1, 0x27, 0xea, 0xc2, 0xf2, 0x4d, 0x06, 0x88]),
    (205150, [0x69, 0xed, 0x6c, 0x3e, 0x75, 0xd2, 0xbe, 0xaa, 0x31, 0xc0, 0x8f, 0xc7, 0xd8, 0xd0, 0xbc, 0x59]),
    (205160, [0x81, 0x81, 0xb1, 0x4a, 0x32, 0xc8, 0x95, 0x3d, 0x3d, 0x2a, 0x9e, 0xbe, 0x60, 0x44, 0xf8, 0xb2]),
    (205170, [0x42, 0xe4, 0x46, 0x27, 0x3b, 0x96, 0x81, 0xe3, 0x28, 0xff, 0xdc, 0xb0, 0x02, 0x2f, 0x68, 0x77]),
    (205181, [0x6e, 0x38, 0x75, 0x93, 0xf9, 0xf8, 0x6b, 0x54, 0x63, 0x0d, 0xab, 0x05, 0x73, 0x9b, 0x00, 0xd6]),
    (205211, [0xe9, 0x7e, 0x4a, 0x55, 0xbc, 0xc3, 0xef, 0x23, 0x3d, 0x8b, 0x3d, 0x28, 0xa0, 0xab, 0xab, 0x75]),
    (205212, [0xf4, 0xc4, 0x9f, 0xe7, 0xf4, 0xff, 0xff, 0x16, 0xf4, 0xe0, 0x4b, 0x78, 0xa0, 0x25, 0xb6, 0x36]),
    (205251, [0x21, 0x29, 0x99, 0x29, 0x43, 0xd1, 0x61, 0xb2, 0x1e, 0xeb, 0x73, 0x53, 0x58, 0xff, 0x5e, 0xc7]),
    (205271, [0xbc, 0x1c, 0xed, 0x91, 0x87, 0xd5, 0x19, 0xf4, 0x43, 0xf1, 0x34, 0x92, 0x47, 0xff, 0x05, 0xff]),
    (205331, [0xd3, 0xda, 0x9d, 0xbc, 0x85, 0x42, 0x92, 0xfb, 0x0c, 0xcd, 0xef, 0xf6, 0x00, 0xbd, 0x04, 0x35]),
    (205332, [0x1a, 0x53, 0xf2, 0x00, 0x69, 0xd0, 0xa4, 0x33, 0xff, 0xfb, 0xda, 0xd2, 0xbd, 0xab, 0xb3, 0x67]),
    (205351, [0x8e, 0xe7, 0x7b, 0xe0, 0x10, 0xfe, 0xa4, 0x97, 0x23, 0x39, 0x2e, 0x30, 0x70, 0x18, 0xd0, 0xab]),
    (205371, [0x50, 0xdf, 0xf4, 0xe5, 0xaf, 0x1d, 0xe9, 0x4c, 0x77, 0x31, 0xf6, 0x9c, 0x8c, 0x8c, 0xcf, 0xb1]),
    (205372, [0x0f, 0x1c, 0x73, 0x23, 0xb4, 0x83, 0x38, 0x17, 0x64, 0xbb, 0x51, 0xdb, 0xd1, 0x9a, 0xf5, 0x63]),
    (205373, [0x74, 0xa9, 0xf7, 0xa3, 0x6e, 0x01, 0xf9, 0x11, 0x3f, 0x60, 0x80, 0x89, 0x81, 0x10, 0xc7, 0xb4]),
    (205374, [0x0b, 0xaf, 0xa3, 0x1b, 0xc2, 0x30, 0xd9, 0x0f, 0xfd, 0xd2, 0xa2, 0x08, 0xe0, 0xe5, 0x6c, 0x6d]),
    (205551, [0x1d, 0x1d, 0xcc, 0xfa, 0xbb, 0x66, 0xb3, 0xd2, 0xc8, 0x35, 0xfe, 0x17, 0xdb, 0xf6, 0x8b, 0xbf]),
    (205552, [0x74, 0xef, 0x62, 0x93, 0x91, 0x1d, 0xfa, 0x1f, 0xba, 0xdb, 0x48, 0x2e, 0xeb, 0xcc, 0xe8, 0xbf]),
    (205571, [0x3b, 0x5e, 0x29, 0x33, 0xa5, 0x5c, 0x79, 0xc8, 0x02, 0x87, 0x79, 0x97, 0x09, 0xcd, 0xf6, 0xc5]),
    (205572, [0x32, 0x83, 0xa4, 0xce, 0xa4, 0x3f, 0x82, 0x14, 0xdf, 0xb9, 0x89, 0x75, 0x95, 0x6a, 0x94, 0xe7]),
    (205573, [0x31, 0xf8, 0x24, 0x26, 0xdc, 0x1c, 0xc6, 0x45, 0x39, 0xb4, 0x9d, 0x59, 0x35, 0xc2, 0x0c, 0x19]),
    (205574, [0x6a, 0x6b, 0x8e, 0x5e, 0x28, 0xc5, 0xda, 0x21, 0x44, 0x07, 0x21, 0x77, 0x43, 0x10, 0xf7, 0x41]),
    (205611, [0x96, 0xe4, 0x08, 0x8e, 0xf0, 0xf9, 0x5f, 0x75, 0x42, 0x0e, 0x98, 0x16, 0x3b, 0x8c, 0x86, 0x88]),
    (205612, [0xe3, 0x08, 0xef, 0x7a, 0x45, 0x01, 0xcf, 0xcc, 0xa8, 0x21, 0x6b, 0x94, 0xaf, 0x17, 0xbd, 0x2a]),
    (205613, [0x04, 0xb5, 0x09, 0x62, 0xda, 0x7d, 0x04, 0xb4, 0x3e, 0x51, 0x90, 0x5f, 0x34, 0x37, 0x46, 0x48]),
    (205614, [0x8c, 0xef, 0x55, 0xd1, 0xb9, 0xcb, 0x16, 0x84, 0x17, 0x22, 0x5d, 0x1b, 0xa4, 0xc3, 0xba, 0xb3]),
    (205630, [0xad, 0x98, 0x80, 0xca, 0x54, 0x8c, 0x05, 0xd3, 0x9b, 0x15, 0x32, 0x60, 0xa6, 0xd1, 0x6e, 0x22]),
    (205671, [0x1a, 0x0c, 0xad, 0x9a, 0x89, 0x50, 0xb7, 0xb6, 0xf8, 0xff, 0xf8, 0x05, 0x98, 0x13, 0x94, 0xdd]),
    (205672, [0xa8, 0x19, 0xc9, 0x6f, 0x14, 0x30, 0xf9, 0xae, 0x50, 0xdb, 0x24, 0x26, 0x84, 0x6d, 0x46, 0xfc]),
    (205673, [0x6b, 0x0a, 0xa2, 0x03, 0x06, 0x1e, 0xe4, 0x99, 0xe2, 0x98, 0x15, 0x5c, 0xc2, 0x91, 0x29, 0x0d]),
    (205691, [0x48, 0xc4, 0x24, 0x7c, 0x67, 0x82, 0xe2, 0x47, 0xba, 0xc5, 0x4c, 0x67, 0x86, 0x4f, 0x08, 0x44]),
    (205692, [0x6b, 0x09, 0xf4, 0x2f, 0x41, 0x2c, 0x5d, 0x47, 0xf3, 0x14, 0x20, 0x4e, 0xfe, 0x01, 0xa9, 0x26]),
    (205731, [0x68, 0x9b, 0x0b, 0x4e, 0xcb, 0xbf, 0x21, 0x7f, 0x7d, 0xb3, 0x65, 0xb2, 0x73, 0x32, 0xa7, 0x39]),
    (205771, [0x98, 0x4f, 0x98, 0xe2, 0x08, 0xe1, 0x73, 0xcd, 0x4a, 0xe1, 0xf6, 0x47, 0xd3, 0x24, 0xcb, 0xd2]),
    (205831, [0x9b, 0x57, 0x1a, 0x61, 0x87, 0x5c, 0xa4, 0xc4, 0x0c, 0x00, 0x23, 0x4d, 0xa5, 0x58, 0xa5, 0x2f]),
    (205841, [0x7f, 0x2a, 0xcc, 0x2c, 0x31, 0x1c, 0x75, 0xb8, 0xa1, 0x0a, 0xf9, 0xad, 0xc1, 0xcf, 0x0a, 0xcb]),
    (205842, [0x04, 0x67, 0x52, 0x14, 0x55, 0x39, 0xe5, 0xf5, 0x16, 0xf5, 0x76, 0x29, 0xc7, 0x9a, 0xcd, 0xab]),
    (205871, [0x13, 0xe1, 0xfd, 0xc0, 0x60, 0xbf, 0xd8, 0x64, 0x22, 0x17, 0xed, 0xa5, 0x6d, 0xae, 0xae, 0x64]),
    (205872, [0xd4, 0x9e, 0x91, 0xff, 0xfe, 0xa4, 0xe5, 0xc3, 0x73, 0x86, 0x70, 0x88, 0xc0, 0x2a, 0x20, 0xc3]),
    (205931, [0x94, 0xe5, 0x3b, 0x42, 0xbb, 0xc5, 0x8e, 0xa5, 0xcb, 0xf0, 0xa2, 0xad, 0x87, 0x67, 0x82, 0xd1]),
    (205932, [0x6c, 0x51, 0xfc, 0x95, 0x90, 0x46, 0xc2, 0x53, 0xa4, 0x9c, 0xbd, 0x01, 0x7c, 0x37, 0x4d, 0x4b]),
    (205933, [0x4a, 0xb3, 0x51, 0x4d, 0x33, 0xc0, 0x00, 0xea, 0xbc, 0x74, 0x66, 0xa6, 0x13, 0xa7, 0xb2, 0x26]),
    (205934, [0xd9, 0x27, 0x90, 0xe2, 0x51, 0x98, 0xc9, 0xc6, 0x6d, 0x73, 0x15, 0x6b, 0x34, 0xcc, 0xee, 0x5d]),
    (205935, [0x56, 0x25, 0x9d, 0x01, 0xfc, 0x1d, 0xc8, 0x2b, 0xb1, 0xcc, 0xa5, 0x88, 0x57, 0x8a, 0x3d, 0xce]),
    (205936, [0x7b, 0xf3, 0xc5, 0x3a, 0xe0, 0x54, 0xa3, 0xe0, 0x6c, 0x58, 0x4a, 0xa6, 0xaf, 0x1e, 0x46, 0x80]),
    (205937, [0x7c, 0x9e, 0xa4, 0x5b, 0x10, 0x75, 0x93, 0x4b, 0x6c, 0xb0, 0x9f, 0x01, 0x9a, 0xe1, 0x4d, 0x44]),
    (205938, [0x34, 0x5d, 0x24, 0xe8, 0x9f, 0xda, 0x04, 0x04, 0x80, 0xf2, 0x5e, 0xd0, 0x9c, 0x62, 0x96, 0xb2]),
    (205939, [0x36, 0xe4, 0x6d, 0x43, 0xe7, 0x41, 0x4e, 0x09, 0x86, 0xd2, 0xef, 0xa6, 0xa7, 0xca, 0xea, 0x76]),
    (205940, [0x08, 0xe0, 0xe8, 0x31, 0x91, 0x77, 0x69, 0x46, 0x40, 0xc2, 0x34, 0x70, 0xae, 0x30, 0x19, 0x24]),
    (205941, [0x2c, 0x17, 0x1e, 0xf4, 0xa6, 0x2e, 0xce, 0x4e, 0xa8, 0x1f, 0x87, 0xb4, 0x08, 0x53, 0xf4, 0x38]),
    (206011, [0x2b, 0xa1, 0x10, 0x4c, 0xe6, 0x0a, 0x3c, 0xcb, 0x63, 0x07, 0x2b, 0xfb, 0x76, 0x58, 0x15, 0xd5]),
    (206021, [0x89, 0x80, 0x99, 0x88, 0x5d, 0x5a, 0xe7, 0x9c, 0xc3, 0x4f, 0x5a, 0x7b, 0x27, 0xce, 0xa5, 0x7f]),
    (206041, [0xa0, 0xca, 0x5a, 0xdb, 0x2a, 0xc8, 0xae, 0x00, 0x63, 0x87, 0xa0, 0xad, 0x46, 0xfb, 0x31, 0x94]),
    (206061, [0x01, 0x07, 0x1a, 0x57, 0x33, 0x12, 0x5d, 0x54, 0x64, 0x8c, 0x2d, 0xfe, 0xe9, 0x75, 0x49, 0xf1]),
    (206081, [0xcb, 0xf6, 0xec, 0xaf, 0xdf, 0x34, 0xf1, 0x61, 0xd5, 0x72, 0x64, 0xe1, 0x32, 0x9b, 0xcc, 0xb4]),
    (206231, [0x48, 0x31, 0x51, 0x71, 0xca, 0xe3, 0x16, 0xf9, 0x95, 0xf4, 0x0b, 0x90, 0x74, 0x33, 0x13, 0x19]),
    (206251, [0xdb, 0xd8, 0xa4, 0x09, 0x33, 0xa1, 0x6b, 0xb7, 0x15, 0x5a, 0xfa, 0xef, 0x32, 0x3d, 0x1a, 0xfd]),
    (206291, [0x69, 0xfb, 0x68, 0x1a, 0x28, 0xc9, 0xe3, 0xd4, 0xd3, 0xd7, 0x1e, 0xb0, 0x9a, 0x3f, 0xa3, 0x3d]),
    (206292, [0x33, 0xfb, 0x6b, 0x40, 0x97, 0x8a, 0x58, 0xc5, 0xf1, 0x4d, 0x09, 0x93, 0x80, 0x5f, 0x6a, 0x3d]),
    (206311, [0xa2, 0x3f, 0x80, 0xd4, 0x84, 0x6f, 0x19, 0xa0, 0x32, 0x1e, 0x47, 0x41, 0x37, 0x36, 0x83, 0xb8]),
    (206331, [0x55, 0x7e, 0xbd, 0x6a, 0x6c, 0xb4, 0x83, 0x79, 0x3f, 0x77, 0xc6, 0xa7, 0xa8, 0xdd, 0x56, 0x25]),
    (206351, [0x1e, 0xcd, 0x71, 0xb4, 0xdd, 0xaa, 0x9a, 0x85, 0x08, 0xf0, 0x1c, 0xd5, 0x32, 0x4b, 0xbd, 0xf5]),
    (206352, [0x36, 0x72, 0x91, 0xd5, 0xa4, 0xcd, 0xcd, 0xf1, 0x43, 0x91, 0x96, 0x7d, 0xb2, 0xe3, 0x75, 0x5b]),
    (206353, [0x4c, 0x69, 0xc9, 0x1a, 0x9d, 0x30, 0xb8, 0x28, 0x80, 0x9c, 0x45, 0xe5, 0x7a, 0x9b, 0xb1, 0xc0]),
    (206354, [0x54, 0xb8, 0x4d, 0x36, 0x53, 0x0c, 0xe4, 0xef, 0x91, 0xfa, 0xf3, 0x49, 0xb3, 0xe5, 0x3e, 0x42]),
    (206371, [0x42, 0xea, 0x6c, 0x8c, 0x84, 0xa9, 0xcd, 0xc5, 0xe4, 0xf4, 0xaf, 0x8a, 0x66, 0x63, 0x30, 0x60]),
    (206391, [0x28, 0xb8, 0x4f, 0x88, 0x78, 0x57, 0xae, 0xbd, 0x9b, 0xf4, 0x7e, 0xcd, 0x07, 0x50, 0x17, 0x24]),
    (206411, [0x6b, 0x40, 0x15, 0x19, 0x47, 0x67, 0xdd, 0x22, 0x5e, 0xbc, 0x1e, 0x46, 0xc4, 0xe7, 0x3e, 0x91]),
    (206461, [0x2a, 0xa3, 0x72, 0xbc, 0x0d, 0xb7, 0xd7, 0x53, 0x59, 0xa8, 0xc7, 0x86, 0xe8, 0x2a, 0x1f, 0xc2]),
    (206462, [0x96, 0x2f, 0xf1, 0xe1, 0xf2, 0x36, 0x28, 0x86, 0x0e, 0x2a, 0x2a, 0x90, 0xa3, 0x47, 0xda, 0xf6]),
    (206463, [0x99, 0x3e, 0x50, 0xc0, 0xe6, 0xd2, 0x69, 0x5f, 0x3a, 0xfc, 0xe2, 0x94, 0xff, 0x8c, 0x2f, 0x10]),
    (206464, [0x75, 0xc9, 0xd0, 0x9e, 0x86, 0x33, 0xcc, 0xa8, 0x9c, 0x49, 0xe9, 0xbe, 0xeb, 0xd5, 0x61, 0xf9]),
    (206481, [0x28, 0x1d, 0x26, 0x08, 0xa5, 0x5e, 0x08, 0x4d, 0xe3, 0x00, 0xf4, 0x2b, 0xa8, 0xdc, 0x0e, 0xa8]),
    (206550, [0x15, 0x5e, 0x81, 0x11, 0xe3, 0x6b, 0xda, 0x9d, 0xc6, 0xdc, 0xd4, 0x01, 0xf8, 0xb6, 0x2f, 0xfb]),
    (206560, [0xe7, 0x7c, 0x0b, 0x93, 0x32, 0x22, 0x3d, 0x24, 0xcd, 0xd4, 0x67, 0xf9, 0x8c, 0x50, 0x00, 0xe2]),
    (206570, [0x46, 0x85, 0x04, 0x36, 0x8b, 0x30, 0x4d, 0xff, 0x67, 0xbc, 0xdf, 0xa4, 0xbb, 0x61, 0xc5, 0x62]),
    (206580, [0x4b, 0xbc, 0x08, 0x90, 0x16, 0x0e, 0x34, 0x86, 0x93, 0x0b, 0x5c, 0x62, 0x23, 0xd7, 0xd6, 0x8b]),
    (206590, [0x31, 0x1e, 0xf4, 0x30, 0x5c, 0x84, 0xd7, 0x76, 0x91, 0xbe, 0xf6, 0x1a, 0x3c, 0xa7, 0xb9, 0xd6]),
    (206611, [0xa7, 0x98, 0x1f, 0x80, 0xa9, 0xb2, 0x79, 0x96, 0x01, 0x04, 0x00, 0x85, 0x3d, 0x56, 0x5e, 0xfd]),
    (206612, [0xd2, 0x37, 0x6b, 0x23, 0xaa, 0xed, 0x58, 0xe1, 0xb9, 0xa3, 0xe3, 0xc5, 0xe5, 0x9e, 0x57, 0x76]),
    (206651, [0x1f, 0xcc, 0x35, 0xf8, 0xd9, 0xaf, 0x40, 0x1d, 0x26, 0xa5, 0x1a, 0xbb, 0xd3, 0x85, 0xdb, 0x1f]),
    (206691, [0x4d, 0x04, 0x1b, 0xfd, 0x81, 0x3c, 0xf6, 0x32, 0x1a, 0x5f, 0x4e, 0xbf, 0x9e, 0x21, 0x02, 0xc4]),
    (206692, [0xe6, 0xf9, 0x2e, 0x40, 0x73, 0x7c, 0x2b, 0x61, 0xd3, 0x60, 0x65, 0x93, 0x3b, 0x69, 0x26, 0x1f]),
    (206741, [0xa7, 0xbc, 0x28, 0xe4, 0x1e, 0xac, 0xda, 0x0d, 0xaa, 0x88, 0x95, 0xfd, 0x0e, 0x18, 0x07, 0xe7]),
    (206742, [0x51, 0x1d, 0x37, 0xd8, 0x89, 0x9d, 0x22, 0x2f, 0x00, 0x1f, 0x07, 0x06, 0x4f, 0x05, 0x30, 0x9e]),
    (206743, [0xed, 0xcf, 0x0e, 0xf4, 0xc7, 0x0d, 0xa5, 0x8d, 0xb6, 0xb1, 0x68, 0x52, 0xd0, 0x58, 0x4c, 0x34]),
    (206744, [0x38, 0xa1, 0x71, 0xc1, 0x78, 0x29, 0xc6, 0x1d, 0x42, 0xf8, 0x2f, 0x8f, 0x67, 0xa7, 0x27, 0x09]),
    (206745, [0x6b, 0x06, 0x85, 0x7a, 0x31, 0x57, 0x5c, 0xf4, 0xe2, 0x47, 0x8c, 0x6d, 0x53, 0x30, 0xd6, 0x33]),
    (206746, [0xcd, 0x1c, 0x90, 0xf9, 0xa7, 0xf6, 0xdf, 0x42, 0xb5, 0xc0, 0x45, 0x73, 0x98, 0x8f, 0xc8, 0x4d]),
    (206747, [0xd0, 0x0f, 0x2d, 0x7a, 0x42, 0x13, 0x39, 0x51, 0x66, 0x28, 0xf5, 0x07, 0x5a, 0xe7, 0x37, 0x29]),
    (206748, [0x82, 0xac, 0x47, 0xc6, 0x16, 0x8a, 0x95, 0x60, 0x73, 0xd4, 0x44, 0x4d, 0xc7, 0xd2, 0xd2, 0x72]),
    (206749, [0x7f, 0x2d, 0xc5, 0x82, 0xbc, 0xa0, 0x5c, 0x83, 0xcb, 0x96, 0xc9, 0x4b, 0x8b, 0xaf, 0x9d, 0xb4]),
    (206750, [0xe7, 0xac, 0xdb, 0xa0, 0x5f, 0x8f, 0x11, 0x69, 0x7c, 0x4b, 0xb5, 0xbf, 0xdc, 0x93, 0x71, 0xef]),
    (206751, [0x81, 0xdd, 0x7b, 0xee, 0x2c, 0xba, 0x20, 0x23, 0x57, 0x6f, 0x80, 0x0d, 0x00, 0x3c, 0xd7, 0xc2]),
    (206761, [0xf0, 0xba, 0xdb, 0xc2, 0xa6, 0xb7, 0x00, 0xa6, 0xb1, 0x61, 0x30, 0x7f, 0xe4, 0xb4, 0x37, 0xa7]),
    (206762, [0xc5, 0x15, 0x7d, 0x19, 0xfe, 0x86, 0x00, 0xec, 0x13, 0xeb, 0x30, 0xc4, 0x99, 0xa0, 0x6c, 0x4b]),
    (206763, [0xec, 0x52, 0x14, 0x0c, 0x0a, 0xff, 0xe9, 0x8b, 0xc8, 0x5a, 0x86, 0x55, 0x91, 0x79, 0xb9, 0x71]),
    (206764, [0x71, 0xb6, 0xb3, 0xad, 0x90, 0x92, 0x3c, 0xf4, 0x3b, 0x66, 0x9d, 0xea, 0x2d, 0x3f, 0x9b, 0xbd]),
    (206765, [0x7e, 0xf4, 0x17, 0xbc, 0xd3, 0x4b, 0x38, 0xf3, 0x15, 0xab, 0x27, 0x17, 0x76, 0x48, 0x77, 0xf4]),
    (206881, [0x0b, 0xe0, 0x11, 0xbe, 0x6f, 0x9d, 0x94, 0xdb, 0x57, 0xfd, 0xea, 0xc2, 0xe1, 0xe6, 0x4d, 0x43]),
    (206882, [0x6a, 0x58, 0x0c, 0x10, 0x1a, 0x0b, 0xcd, 0x98, 0x87, 0x9d, 0xf3, 0xf3, 0x65, 0x24, 0xb0, 0x41]),
    (206921, [0x2a, 0x79, 0xae, 0x5d, 0x75, 0xee, 0x18, 0x1e, 0xaf, 0x70, 0x3d, 0x7b, 0xd1, 0xcb, 0x36, 0x66]),
    (206922, [0x00, 0x93, 0x7d, 0xb0, 0x4b, 0xc1, 0xc8, 0x3a, 0xa2, 0x53, 0x13, 0xeb, 0x09, 0x87, 0x72, 0xd6]),
    (206923, [0xfd, 0x7a, 0x7b, 0x25, 0x94, 0x59, 0x32, 0x6b, 0x4d, 0x2d, 0xfa, 0x42, 0xf0, 0x0b, 0x21, 0x27]),
    (206981, [0x68, 0x6e, 0x2c, 0x13, 0x11, 0x70, 0x37, 0xf7, 0x76, 0x00, 0x85, 0xbe, 0x60, 0xd9, 0xc6, 0xfc]),
    (207021, [0xb6, 0x51, 0x20, 0x09, 0xe6, 0xde, 0x01, 0xb5, 0xe1, 0x14, 0xf6, 0x8d, 0x3a, 0x72, 0x18, 0x82]),
    (207061, [0x25, 0xd3, 0x03, 0xdd, 0xed, 0x13, 0x01, 0x85, 0x96, 0x03, 0xbf, 0xd5, 0xf6, 0xc6, 0x5f, 0x2a]),
    (207131, [0x37, 0xae, 0x27, 0x69, 0x91, 0xa5, 0xd3, 0x01, 0x1f, 0x82, 0x64, 0x29, 0x1a, 0xd7, 0x85, 0x0c]),
    (207151, [0x05, 0xd3, 0x4d, 0xb1, 0x58, 0xf0, 0x4d, 0x11, 0xa0, 0x3d, 0xe8, 0xf0, 0x90, 0xb8, 0x95, 0x4c]),
    (207171, [0x80, 0xf2, 0x45, 0x37, 0x1f, 0xc7, 0xaa, 0xb0, 0x08, 0xd6, 0x4a, 0xc6, 0xa8, 0xb2, 0xba, 0x21]),
    (207192, [0x0e, 0x32, 0x93, 0xea, 0xb8, 0x86, 0xdd, 0xa0, 0xa2, 0x06, 0x78, 0xd8, 0x8b, 0x98, 0x2f, 0x8d]),
    (207231, [0x7d, 0x0b, 0x56, 0x30, 0x28, 0x5b, 0xe7, 0x3e, 0xd9, 0x07, 0xdd, 0x23, 0x46, 0xad, 0x06, 0xeb]),
    (207251, [0x30, 0x46, 0x2f, 0x0c, 0x0c, 0xc1, 0x83, 0x6b, 0x73, 0x97, 0xf8, 0xfc, 0x75, 0x33, 0x67, 0xa7]),
    (207252, [0xc4, 0x68, 0xd2, 0xf4, 0x7f, 0xb4, 0xf7, 0x52, 0x28, 0x70, 0xde, 0x91, 0xac, 0x84, 0x64, 0x39]),
    (207271, [0x1d, 0x27, 0x63, 0x48, 0x0e, 0xb4, 0x1b, 0x2e, 0x5d, 0x0a, 0xfa, 0x8c, 0x08, 0xb2, 0x44, 0xa9]),
    (207272, [0x7b, 0x1a, 0x58, 0xb8, 0x59, 0x9a, 0xdc, 0xeb, 0x06, 0xa3, 0xae, 0xa7, 0x7a, 0x02, 0xdf, 0xf1]),
    (207291, [0x2f, 0x22, 0xc2, 0x4c, 0x71, 0xaa, 0xf0, 0x4e, 0x6c, 0xf7, 0x5f, 0x50, 0xab, 0x50, 0x35, 0x11]),
    (207311, [0x65, 0xb9, 0x29, 0xb1, 0x8a, 0x30, 0x8d, 0x18, 0xe8, 0x2a, 0x06, 0x87, 0x97, 0x12, 0xb3, 0x90]),
    (207313, [0x18, 0xe3, 0x0c, 0xb8, 0xff, 0x78, 0x37, 0xdb, 0x06, 0x66, 0x55, 0x2b, 0x1a, 0xf1, 0x12, 0xe1]),
    (207314, [0xee, 0x55, 0x7f, 0xed, 0x66, 0x95, 0x9b, 0x50, 0x2f, 0x30, 0xda, 0xf2, 0x9a, 0xfc, 0xd9, 0x52]),
    (207321, [0x85, 0x0b, 0x47, 0x79, 0x1c, 0x84, 0x7e, 0x2e, 0x64, 0x44, 0xda, 0xdd, 0xa0, 0xf9, 0xf5, 0xed]),
    (207351, [0x75, 0x45, 0x9a, 0x81, 0x1b, 0x16, 0x1d, 0xd4, 0x33, 0xf1, 0x12, 0xae, 0xe7, 0x57, 0x35, 0xd8]),
    (207371, [0x11, 0xfb, 0xfe, 0x66, 0xa9, 0xaa, 0xad, 0x6e, 0x02, 0x04, 0x71, 0xd6, 0x8a, 0x37, 0x83, 0x46]),
    (207381, [0xe8, 0xb2, 0xa8, 0xcb, 0x67, 0xef, 0xb2, 0x8c, 0x5d, 0xb8, 0x2c, 0xff, 0x2d, 0x8d, 0x72, 0x0d]),
    (207401, [0x8b, 0xfc, 0xa6, 0xfe, 0xaa, 0xe3, 0x89, 0x43, 0xf7, 0x5f, 0xec, 0xd1, 0x27, 0x09, 0x9c, 0x0b]),
    (207421, [0x60, 0x83, 0x4e, 0xe3, 0x01, 0x22, 0x39, 0xd8, 0x24, 0x1d, 0x47, 0x65, 0xaa, 0x2c, 0x48, 0x00]),
    (207422, [0x11, 0x78, 0x4c, 0x92, 0xca, 0xc2, 0x1c, 0x0c, 0x8c, 0x1d, 0x47, 0x34, 0xad, 0x66, 0x3f, 0x24]),
    (207431, [0x09, 0x43, 0xb7, 0xf8, 0xeb, 0x50, 0x4c, 0x5b, 0xbf, 0x92, 0xf9, 0xdb, 0x6e, 0x1a, 0x3b, 0xc6]),
    (207432, [0x17, 0x85, 0x1f, 0x5b, 0x4b, 0xdb, 0x6e, 0x4b, 0xd0, 0xaf, 0x0d, 0x34, 0x4c, 0xd6, 0xbf, 0xd2]),
    (207531, [0x1d, 0xa9, 0xf0, 0x68, 0xaa, 0x37, 0xd4, 0x09, 0x77, 0x06, 0xe5, 0xde, 0x06, 0x9a, 0x83, 0x5d]),
    (207551, [0x4d, 0x8e, 0x10, 0x38, 0xc7, 0x66, 0x4f, 0xae, 0xfa, 0x16, 0xb8, 0x6b, 0x07, 0x73, 0x85, 0x04]),
    (207591, [0x45, 0x87, 0xc8, 0xdf, 0x58, 0xad, 0xf9, 0xb7, 0xf8, 0xe8, 0xc7, 0x41, 0xa0, 0x5f, 0xd7, 0x8b]),
    (207611, [0x88, 0x9d, 0xae, 0x10, 0x0c, 0x74, 0x0a, 0xc7, 0xd8, 0x89, 0x1a, 0x38, 0xb5, 0x9f, 0xb2, 0x2b]),
    (207612, [0x7f, 0x05, 0x56, 0x8c, 0xfc, 0xbb, 0x53, 0xc5, 0x76, 0xb5, 0xfb, 0x30, 0xe5, 0xa5, 0xcc, 0xd9]),
    (207631, [0x88, 0xcc, 0xc5, 0x3a, 0x41, 0x43, 0xe8, 0x89, 0xe3, 0xe1, 0xa4, 0x29, 0xe3, 0x38, 0x46, 0xbc]),
    (207632, [0xc4, 0x0f, 0x5a, 0x88, 0x34, 0x49, 0xdb, 0x77, 0x5b, 0xc0, 0xbe, 0x13, 0x87, 0xcb, 0x7e, 0x6c]),
    (207651, [0x72, 0x15, 0x79, 0x99, 0xf2, 0x2f, 0x6e, 0xea, 0xe4, 0x0b, 0xbb, 0x50, 0x66, 0xe1, 0x8b, 0xa4]),
    (207655, [0x43, 0xa3, 0xed, 0x4b, 0x17, 0xd7, 0xa9, 0x86, 0xe0, 0x9f, 0x7d, 0xc3, 0x61, 0xc0, 0x1c, 0x52]),
    (207691, [0x7e, 0x15, 0x2a, 0x80, 0x21, 0xd1, 0xda, 0x3e, 0x31, 0xcd, 0xe0, 0x47, 0x13, 0xc9, 0x75, 0x8b]),
    (207692, [0x5d, 0xac, 0x39, 0x76, 0x28, 0xb8, 0x27, 0xca, 0xb8, 0x4c, 0xea, 0xec, 0x0b, 0xe5, 0xd5, 0xe5]),
    (207711, [0x07, 0x6c, 0xcd, 0x38, 0x83, 0x0b, 0xc0, 0xe5, 0x04, 0xa3, 0xab, 0xba, 0xeb, 0x15, 0x5c, 0x0f]),
    (207712, [0x5e, 0x38, 0x6e, 0xd8, 0x8e, 0xb6, 0xc1, 0xf0, 0xb8, 0xc4, 0xba, 0x3b, 0x54, 0x54, 0x4b, 0x98]),
    (207713, [0x29, 0x11, 0x05, 0x62, 0x52, 0xdd, 0x77, 0xf4, 0x57, 0x11, 0x2b, 0x47, 0xb0, 0x95, 0xc9, 0xd6]),
    (207731, [0xb8, 0x83, 0x1c, 0xd2, 0x21, 0xc4, 0x2d, 0xdd, 0xf2, 0x3b, 0x7f, 0x34, 0xdb, 0x7c, 0x4b, 0xb4]),
    (207771, [0xde, 0x53, 0x1b, 0x33, 0xb5, 0xf9, 0x56, 0xc8, 0x09, 0x81, 0x0e, 0x4a, 0x3a, 0x7b, 0xd4, 0xde]),
    (207772, [0x05, 0x74, 0x98, 0xd1, 0x49, 0x01, 0xc0, 0xc9, 0xf0, 0x4f, 0xe1, 0xd8, 0x2e, 0x54, 0xdd, 0x72]),
    (207773, [0x40, 0xab, 0x5f, 0xfd, 0x40, 0xed, 0x20, 0x2d, 0x6a, 0xc8, 0x4c, 0x80, 0xff, 0x90, 0x6b, 0x4c]),
    (207774, [0x95, 0xaa, 0x7a, 0xf5, 0x31, 0xbf, 0x85, 0x09, 0xc8, 0xa8, 0xe7, 0xcf, 0xbf, 0x5c, 0xd1, 0xed]),
    (207775, [0x76, 0xf8, 0x5e, 0xfe, 0xc9, 0x53, 0xf5, 0x2c, 0x22, 0x75, 0xef, 0x17, 0x23, 0xec, 0x8a, 0x82]),
    (207776, [0xd8, 0xb6, 0x42, 0x30, 0x19, 0xb8, 0xd2, 0x18, 0x0d, 0x57, 0x6a, 0x77, 0x42, 0x6d, 0x56, 0xc1]),
    (207778, [0x38, 0x24, 0x70, 0xad, 0x17, 0x27, 0x3a, 0x83, 0x2e, 0x99, 0x04, 0x2e, 0x2f, 0x65, 0x76, 0x58]),
    (207791, [0x98, 0x67, 0x2a, 0xa9, 0x39, 0xa2, 0xb5, 0x6a, 0x91, 0x65, 0xbe, 0xea, 0xb3, 0xae, 0xd1, 0x03]),
    (207792, [0xc3, 0xd4, 0x22, 0x88, 0x2d, 0xb1, 0xf8, 0x19, 0xf8, 0x39, 0x25, 0x4e, 0x87, 0xb7, 0xab, 0x87]),
    (207911, [0x21, 0x98, 0x79, 0xea, 0x3f, 0xee, 0x8a, 0x4a, 0xd1, 0x0f, 0x07, 0xa8, 0xb2, 0x34, 0x59, 0x6b]),
    (207971, [0x29, 0x86, 0x26, 0xf0, 0xe0, 0xf2, 0xf5, 0x70, 0x54, 0xb2, 0x38, 0xec, 0xdf, 0xa0, 0x17, 0x54]),
    (208011, [0xab, 0x43, 0x26, 0x05, 0xca, 0x41, 0x93, 0x4e, 0x26, 0xf1, 0x27, 0x6e, 0xff, 0x3a, 0xbc, 0x21]),
    (208031, [0xaa, 0xdf, 0xf1, 0x57, 0xad, 0x21, 0x5d, 0xaf, 0xea, 0x53, 0x7e, 0x48, 0x8e, 0x61, 0x18, 0x4e]),
    (208051, [0x43, 0x27, 0x87, 0x61, 0x95, 0x04, 0xe3, 0xaa, 0xd2, 0x6c, 0xcf, 0x91, 0xc8, 0xac, 0x67, 0xad]),
    (208071, [0xd4, 0xa7, 0xe1, 0xea, 0xb7, 0xe1, 0x49, 0x08, 0xad, 0x97, 0xbd, 0xe0, 0x8e, 0xe6, 0xe0, 0xd1]),
    (208111, [0xb6, 0x2f, 0xd7, 0x50, 0x4a, 0x39, 0xbd, 0x82, 0x88, 0xa9, 0x91, 0x36, 0x3a, 0xaf, 0x07, 0xff]),
    (208141, [0x08, 0x3c, 0x7d, 0xee, 0x5e, 0xa7, 0x27, 0xac, 0x1a, 0xf3, 0x4a, 0x50, 0x89, 0x37, 0x1f, 0xa3]),
    (208271, [0x37, 0x0c, 0x67, 0x68, 0x6b, 0x6f, 0xbb, 0x58, 0xcc, 0x87, 0xef, 0x46, 0x21, 0x65, 0xb2, 0x64]),
    (208280, [0xdb, 0xe5, 0x5f, 0x43, 0xd5, 0x6c, 0xca, 0xd1, 0x84, 0xb7, 0x6b, 0x5f, 0x72, 0x2c, 0xf4, 0xf9]),
    (208281, [0x44, 0x5d, 0x99, 0xca, 0x45, 0x10, 0x8d, 0x80, 0x5a, 0xd9, 0xd1, 0xd5, 0xb6, 0x69, 0x45, 0x9d]),
    (208282, [0x93, 0x6b, 0xf2, 0x36, 0xa8, 0xb2, 0xb0, 0x97, 0xf9, 0xc9, 0xd0, 0x15, 0xbb, 0xf3, 0x0b, 0xe8]),
    (208283, [0xdd, 0x91, 0xdc, 0x8d, 0x43, 0x03, 0x7d, 0xa7, 0x0a, 0xea, 0xb3, 0x59, 0xbd, 0xd2, 0xbc, 0x21]),
    (208284, [0xe7, 0x0b, 0xdd, 0x80, 0xae, 0x67, 0x07, 0x70, 0xef, 0xc0, 0xae, 0xd5, 0xd5, 0x29, 0x4f, 0x71]),
    (208285, [0x5d, 0x17, 0xef, 0x0a, 0x27, 0xc6, 0x84, 0x20, 0x42, 0xbe, 0xb5, 0x29, 0xf0, 0x50, 0xa0, 0xbb]),
    (208286, [0x3a, 0xd0, 0x3b, 0xe6, 0x63, 0x2c, 0xd5, 0xf7, 0xdb, 0x2f, 0x59, 0x26, 0x57, 0xdc, 0x66, 0xa9]),
    (208287, [0xaa, 0xdf, 0xe9, 0x19, 0x60, 0x71, 0xbb, 0x23, 0x71, 0x68, 0x27, 0xd7, 0x5c, 0xd9, 0xd7, 0xbf]),
    (208288, [0x12, 0x99, 0x1d, 0x59, 0x9d, 0xe4, 0x3b, 0xd8, 0x0e, 0x89, 0x57, 0x08, 0xd3, 0x2c, 0x58, 0x1e]),
    (208289, [0x66, 0x40, 0x0b, 0xed, 0x6a, 0x29, 0x52, 0xec, 0x0d, 0xa9, 0xde, 0x48, 0x60, 0x86, 0xc6, 0x7c]),
    (208290, [0x56, 0x8d, 0x9e, 0xfc, 0xae, 0xe2, 0x37, 0x3f, 0x93, 0x6f, 0xb3, 0x49, 0x70, 0xaa, 0x8c, 0x41]),
    (208292, [0xa1, 0x70, 0xc0, 0x3a, 0x2a, 0xa1, 0xec, 0xa1, 0x75, 0xa6, 0x5a, 0xc7, 0xa7, 0x39, 0x85, 0x31]),
    (208293, [0xf8, 0xac, 0xd8, 0xb5, 0xc8, 0x58, 0x43, 0xd5, 0xe0, 0x32, 0x6e, 0x06, 0xde, 0xbe, 0x94, 0xa9]),
    (208294, [0x1f, 0xbb, 0x61, 0xd1, 0xfa, 0x48, 0x10, 0x2d, 0xb5, 0xad, 0x9b, 0x71, 0xd3, 0x43, 0x2c, 0x9f]),
    (208295, [0x5d, 0x6f, 0x25, 0x22, 0x30, 0x0f, 0xc8, 0x3b, 0xe8, 0x35, 0x5f, 0x4e, 0x4e, 0x36, 0x9c, 0x21]),
    (208296, [0xc8, 0x7a, 0x3d, 0xdd, 0x8b, 0x09, 0x3a, 0xee, 0x6a, 0x0f, 0xe7, 0xcd, 0xc0, 0xa6, 0x2c, 0xfa]),
    (208298, [0x16, 0xa6, 0x02, 0xac, 0xf1, 0x18, 0x20, 0x0c, 0x60, 0xf6, 0xa8, 0xbf, 0xa5, 0x2d, 0xd3, 0xaf]),
    (208299, [0xc5, 0x19, 0x0b, 0x91, 0xae, 0x71, 0xc6, 0x6b, 0xdb, 0x06, 0x67, 0xb1, 0xc4, 0xf6, 0xe1, 0x5b]),
    (208300, [0xa5, 0xf5, 0x17, 0xc1, 0x54, 0x4a, 0x75, 0x26, 0x51, 0x7b, 0x5a, 0xe9, 0x75, 0xed, 0x0f, 0x77]),
    (208301, [0xc3, 0x30, 0x49, 0x8e, 0xee, 0xa0, 0x1b, 0x0f, 0xcd, 0xb6, 0xdb, 0x74, 0x12, 0xad, 0x1f, 0xd8]),
    (208302, [0x64, 0x38, 0x1f, 0xfd, 0xec, 0xf8, 0x51, 0xa6, 0xcf, 0xfe, 0x1b, 0x0a, 0x9c, 0x36, 0xee, 0xd0]),
    (208303, [0x02, 0x05, 0xbe, 0x0c, 0x5a, 0x95, 0xda, 0xfe, 0x88, 0x7f, 0x07, 0xef, 0x5e, 0x26, 0x95, 0xab]),
    (208304, [0x74, 0x47, 0xdc, 0xec, 0xf6, 0x7d, 0x8e, 0xf5, 0xbb, 0xd8, 0xce, 0x6b, 0x70, 0xa3, 0x08, 0xad]),
    (208305, [0x74, 0x30, 0xc2, 0xed, 0x1a, 0x8e, 0xed, 0xaa, 0x94, 0x97, 0x20, 0xff, 0x44, 0xba, 0xef, 0xd6]),
    (208306, [0x51, 0x3e, 0x95, 0x62, 0xdd, 0xdb, 0xed, 0xc1, 0x22, 0xec, 0x14, 0x02, 0x05, 0x36, 0x05, 0x85]),
    (208307, [0x62, 0xbc, 0xa6, 0xe3, 0x3a, 0xef, 0xa9, 0x55, 0xb9, 0x26, 0x4f, 0x3d, 0x36, 0x17, 0xa1, 0xa7]),
    (208311, [0x60, 0x52, 0x08, 0xa5, 0x24, 0x17, 0x41, 0x32, 0x83, 0x12, 0x4a, 0x02, 0x9c, 0xad, 0xc0, 0xf9]),
    (208312, [0xef, 0xcf, 0x0c, 0x5e, 0x1e, 0xb8, 0xdd, 0xf2, 0x58, 0xbd, 0xcf, 0xfb, 0x64, 0x4f, 0x09, 0xb6]),
    (208313, [0xda, 0x88, 0x1b, 0x91, 0x5f, 0x2e, 0x45, 0xaa, 0x15, 0x4f, 0x06, 0xdb, 0x38, 0x46, 0x39, 0x92]),
    (208314, [0x8e, 0x95, 0x46, 0x29, 0x91, 0x98, 0xc5, 0xb3, 0x56, 0x71, 0x73, 0x7e, 0x93, 0xca, 0x22, 0x40]),
    (208315, [0x4d, 0x2a, 0xa6, 0xaf, 0x01, 0x5e, 0x89, 0x57, 0x9b, 0x91, 0xa1, 0x63, 0x5c, 0x94, 0xed, 0x90]),
    (208316, [0xc5, 0x5f, 0x1a, 0x12, 0xe0, 0x4b, 0x0c, 0x59, 0x93, 0xff, 0xd8, 0x3b, 0x8f, 0xcc, 0xe0, 0x39]),
    (208317, [0xd2, 0xb5, 0x31, 0xd8, 0xd2, 0x75, 0x65, 0x39, 0xc6, 0x3a, 0xc9, 0x3b, 0x3d, 0xec, 0xcc, 0x0d]),
    (208318, [0xb4, 0xd3, 0x21, 0x22, 0x23, 0x29, 0x68, 0xb0, 0xbf, 0xb6, 0xfb, 0x81, 0x5b, 0x31, 0x77, 0x99]),
    (208319, [0xed, 0x16, 0x94, 0xa5, 0xe0, 0x5f, 0x0d, 0x99, 0x7e, 0xbd, 0x38, 0x88, 0xff, 0x02, 0xa6, 0x6f]),
    (208320, [0xbe, 0xe2, 0x66, 0x78, 0x84, 0x84, 0x86, 0xab, 0x84, 0x3d, 0x15, 0x1b, 0xed, 0xf0, 0xde, 0x68]),
    (208321, [0xa2, 0x42, 0x0f, 0xcb, 0x47, 0x8f, 0x53, 0x10, 0xe8, 0x77, 0xd2, 0x08, 0x43, 0x9a, 0x2b, 0xf7]),
    (208323, [0x84, 0xb6, 0x43, 0x4a, 0xd9, 0x03, 0x06, 0xc0, 0x5f, 0x82, 0xa1, 0x0e, 0xd2, 0xff, 0xa2, 0x7c]),
    (208340, [0xf1, 0x79, 0xf6, 0xf5, 0xa6, 0xd8, 0x69, 0x3a, 0x27, 0x46, 0x4f, 0x20, 0xb3, 0x1f, 0x48, 0x4d]),
    (208341, [0x0d, 0x9c, 0xea, 0xc8, 0xc4, 0xd4, 0xce, 0x21, 0xff, 0xda, 0x3e, 0x17, 0x15, 0x1e, 0xfc, 0xf0]),
    (208342, [0x83, 0x30, 0x2e, 0x76, 0x3e, 0x7a, 0x54, 0xd9, 0xba, 0x83, 0x89, 0x70, 0xb9, 0x01, 0x07, 0x57]),
    (208343, [0x61, 0xc2, 0x94, 0x5a, 0xb1, 0x43, 0x49, 0x72, 0xc4, 0x43, 0x43, 0x8e, 0x47, 0xfa, 0xd2, 0xe4]),
    (208344, [0x12, 0x0c, 0xaf, 0xb3, 0x26, 0x78, 0x10, 0x4f, 0x54, 0x04, 0x84, 0x8b, 0xc6, 0x9d, 0x56, 0xb0]),
    (208345, [0x67, 0x05, 0xab, 0xbd, 0x6b, 0x9e, 0xcb, 0xf3, 0xd9, 0x25, 0x2f, 0x39, 0xa4, 0xad, 0x73, 0x76]),
    (208346, [0x5e, 0xb0, 0xca, 0x92, 0x51, 0x0d, 0xe6, 0xe8, 0x40, 0x35, 0xbf, 0xff, 0x11, 0x43, 0x02, 0x7b]),
    (208347, [0xb6, 0xb1, 0x2c, 0x49, 0x30, 0xc1, 0x40, 0x4f, 0xdb, 0x58, 0x47, 0xda, 0xb4, 0x2e, 0x96, 0xe9]),
    (208348, [0xb9, 0xfc, 0xd1, 0x90, 0x04, 0x26, 0xc3, 0x2e, 0x9e, 0xe1, 0x5b, 0x3f, 0x44, 0x7b, 0xde, 0x53]),
    (208349, [0xdf, 0xe6, 0xec, 0x8f, 0x30, 0xd4, 0x18, 0x68, 0x0e, 0x7a, 0x97, 0xa8, 0xf3, 0x37, 0x0c, 0xb1]),
    (208350, [0x16, 0x0c, 0x89, 0x60, 0x1d, 0x75, 0x8b, 0x36, 0xd1, 0x65, 0xb7, 0x57, 0x55, 0x2a, 0x85, 0x19]),
    (208351, [0xe4, 0x8f, 0xb4, 0x76, 0x39, 0x34, 0x9c, 0x97, 0x6e, 0xe1, 0x43, 0x84, 0x69, 0xdf, 0x19, 0x0a]),
    (208352, [0x86, 0xa5, 0x68, 0x18, 0x3f, 0xd3, 0x2a, 0xd4, 0xd6, 0x48, 0xba, 0xc2, 0x07, 0x57, 0x43, 0xbc]),
    (208353, [0xe3, 0x6e, 0xce, 0xd1, 0x71, 0x7f, 0x88, 0x66, 0x2c, 0x84, 0xb8, 0xba, 0xec, 0x92, 0x3a, 0x9d]),
    (208354, [0x0e, 0x2b, 0xe8, 0x36, 0x48, 0xe6, 0x0b, 0x53, 0x37, 0x00, 0x63, 0x06, 0x99, 0x39, 0x58, 0x1d]),
    (208355, [0xa9, 0x45, 0x21, 0x9f, 0xaf, 0x99, 0xcf, 0xf1, 0x1b, 0xba, 0x01, 0x5b, 0x05, 0x33, 0xa1, 0x40]),
    (208356, [0x01, 0xa3, 0x9f, 0x52, 0x04, 0x8f, 0x48, 0x9e, 0xff, 0x9a, 0xc3, 0x09, 0x09, 0xaa, 0x52, 0x77]),
    (208357, [0x12, 0x6c, 0xdb, 0x61, 0x53, 0xa3, 0x5b, 0xea, 0x10, 0x4d, 0x17, 0x20, 0x11, 0x54, 0x83, 0xd9]),
    (208361, [0x7f, 0x51, 0xc0, 0x73, 0xce, 0x96, 0xc9, 0x3d, 0x3c, 0x57, 0x73, 0x1b, 0x87, 0x14, 0x22, 0xfe]),
    (208362, [0xef, 0x7c, 0xf9, 0xac, 0x49, 0xdb, 0xc3, 0xe1, 0x5b, 0x4e, 0x33, 0xe6, 0x42, 0x26, 0x6f, 0x31]),
    (208363, [0x3d, 0x6c, 0x68, 0x1c, 0x14, 0x8f, 0x50, 0x88, 0x33, 0xc6, 0xb3, 0x8c, 0xd9, 0xce, 0xd6, 0xfa]),
    (208364, [0xbd, 0x34, 0x53, 0x86, 0x74, 0x70, 0xe3, 0x89, 0x21, 0xc3, 0x15, 0xdf, 0x74, 0x75, 0x4b, 0xa6]),
    (208365, [0x4a, 0xdb, 0x01, 0x60, 0x2b, 0xac, 0x63, 0xe0, 0x36, 0x47, 0x8e, 0x04, 0xfc, 0xa1, 0x49, 0xa4]),
    (208366, [0x15, 0x39, 0x85, 0x3a, 0xf9, 0x10, 0x4a, 0xe3, 0x66, 0xcb, 0x6e, 0x15, 0xf4, 0x87, 0xc2, 0xb3]),
    (208367, [0x79, 0x10, 0xd0, 0x1e, 0x41, 0xa2, 0x4b, 0xc5, 0x20, 0xba, 0xc7, 0x47, 0x68, 0x34, 0xe2, 0xd8]),
    (208369, [0x1f, 0x75, 0x1b, 0x40, 0x81, 0xb3, 0xcb, 0x25, 0x9d, 0xdb, 0xb2, 0xf3, 0x08, 0x78, 0x2c, 0x00]),
    (208371, [0x95, 0x87, 0x13, 0xc3, 0x81, 0x01, 0x43, 0x07, 0x7d, 0xd9, 0x44, 0x48, 0x8d, 0x2c, 0x57, 0xc3]),
    (208374, [0x0d, 0x4b, 0xf1, 0xa3, 0xfd, 0x09, 0xa2, 0x15, 0xcf, 0xe2, 0x8f, 0xc6, 0x27, 0xb5, 0x2a, 0x0f]),
    (208376, [0x70, 0xc3, 0x83, 0xa7, 0x8b, 0x6e, 0x1b, 0xd2, 0x3e, 0xbd, 0x87, 0xd3, 0x59, 0xae, 0xb4, 0x94]),
    (208377, [0x05, 0x7f, 0x7c, 0x7a, 0xe2, 0xde, 0x95, 0x18, 0xc8, 0x0a, 0xad, 0xb3, 0x4d, 0xf5, 0x76, 0x46]),
    (208378, [0x7f, 0x4a, 0x59, 0x49, 0x4c, 0x92, 0x42, 0x3f, 0xbc, 0x27, 0xc8, 0x33, 0x84, 0x85, 0x29, 0xf8]),
    (208379, [0x06, 0x01, 0x45, 0x21, 0xb5, 0x6e, 0x11, 0x38, 0xc7, 0xf4, 0x8e, 0x1c, 0xf2, 0x38, 0x9b, 0xe4]),
    (208381, [0xf3, 0x13, 0x65, 0xd0, 0xa6, 0xd4, 0x0c, 0xe8, 0xc0, 0x56, 0xa1, 0xb4, 0xb2, 0xfb, 0x82, 0x58]),
    (208401, [0xba, 0x17, 0xf9, 0x26, 0xd6, 0xcd, 0x5c, 0xac, 0xa0, 0xda, 0xfe, 0xb9, 0x4c, 0x18, 0x59, 0xcc]),
    (208402, [0x1b, 0xdc, 0xc8, 0x74, 0xf3, 0x01, 0xec, 0xf7, 0x45, 0xf6, 0x16, 0xd1, 0xe7, 0x96, 0xc9, 0x67]),
    (208441, [0xb8, 0x96, 0x61, 0xba, 0x0c, 0x14, 0xf1, 0xff, 0x6d, 0xe9, 0x1f, 0x7e, 0x6a, 0x6a, 0x9b, 0xce]),
    (208461, [0x80, 0x84, 0xe2, 0xff, 0x91, 0xb0, 0xa0, 0x2d, 0x30, 0xba, 0xf0, 0x5e, 0xc5, 0xf4, 0x4a, 0x87]),
    (208501, [0x30, 0x8e, 0x77, 0xcb, 0xdb, 0xd6, 0xec, 0xd7, 0xae, 0x48, 0xca, 0x40, 0x0a, 0x7f, 0x42, 0x2f]),
    (208502, [0x73, 0x3b, 0xca, 0xa4, 0x73, 0xb8, 0x12, 0x98, 0xc6, 0xb9, 0x09, 0x94, 0x92, 0xf0, 0xaa, 0x25]),
    (208503, [0xbb, 0x74, 0x46, 0x12, 0x2c, 0xb5, 0x48, 0x99, 0x93, 0xfd, 0xaf, 0x10, 0x2a, 0x56, 0x95, 0x0e]),
    (208504, [0xbb, 0x31, 0x97, 0x70, 0x53, 0x1b, 0xad, 0xbc, 0xe1, 0x81, 0xbf, 0xd7, 0xc9, 0x96, 0x78, 0xec]),
    (208505, [0xe2, 0xdc, 0x17, 0x6f, 0xf3, 0x1a, 0x09, 0xbd, 0xb4, 0x65, 0x55, 0xbb, 0x5c, 0xd6, 0x86, 0x74]),
    (208506, [0x00, 0x25, 0x4e, 0x7a, 0xae, 0xf8, 0x21, 0xa9, 0xfc, 0x99, 0x91, 0xbf, 0x58, 0x66, 0x04, 0xee]),
    (208507, [0xbf, 0x6d, 0xf1, 0xd6, 0x42, 0xd8, 0x1d, 0x5b, 0xcf, 0xa8, 0x51, 0xc8, 0x19, 0xb1, 0xdd, 0x44]),
    (208508, [0x6e, 0xa9, 0xa5, 0x28, 0xff, 0xee, 0x35, 0x12, 0x7a, 0xa4, 0x2c, 0xf8, 0x6f, 0x57, 0xef, 0xfa]),
    (208509, [0xea, 0x2b, 0x35, 0x59, 0x24, 0x24, 0x3a, 0x13, 0x45, 0x76, 0xa2, 0x15, 0xa7, 0x28, 0xf5, 0x4b]),
    (208510, [0xf8, 0xf0, 0x4f, 0xab, 0x53, 0x5d, 0xf4, 0xf4, 0x31, 0xa4, 0x56, 0xf8, 0x5a, 0x45, 0x9b, 0x67]),
    (208511, [0xe6, 0xac, 0x3f, 0x2f, 0xc5, 0xfc, 0xe4, 0x69, 0x58, 0xcf, 0xdf, 0x44, 0x29, 0xce, 0x69, 0x9a]),
    (208512, [0x22, 0xeb, 0x90, 0x41, 0xad, 0x5b, 0x1e, 0xc1, 0xa0, 0x90, 0x5f, 0xd0, 0x60, 0xac, 0xe0, 0x37]),
    (208601, [0xd7, 0xd1, 0x89, 0xaf, 0x57, 0xa0, 0x2c, 0x06, 0x3c, 0x77, 0x11, 0x74, 0x08, 0x15, 0x35, 0xb4]),
    (208602, [0x3f, 0xe0, 0xcb, 0x46, 0x9d, 0x97, 0x9b, 0xe8, 0x3c, 0xd9, 0x96, 0xe4, 0x52, 0x03, 0xc5, 0x0b]),
    (208621, [0xe4, 0x25, 0x0a, 0xde, 0x9f, 0x25, 0x8f, 0x29, 0x1c, 0x6c, 0xbd, 0xa1, 0x31, 0xcb, 0x3c, 0x24]),
    (208622, [0xfe, 0x80, 0x70, 0x1e, 0x3d, 0x05, 0xce, 0xeb, 0x65, 0x83, 0x9c, 0xce, 0x77, 0xfc, 0x57, 0xfe]),
    (208631, [0x86, 0x35, 0xe1, 0x77, 0xa1, 0x21, 0x0f, 0x57, 0xba, 0x46, 0xae, 0xa1, 0x60, 0x42, 0xbf, 0x43]),
    (208632, [0x50, 0xb1, 0x22, 0xe2, 0x05, 0x78, 0xb1, 0xac, 0x69, 0x59, 0xf5, 0xb1, 0x4e, 0x0a, 0x97, 0xdd]),
    (208641, [0xff, 0x2d, 0x7c, 0x42, 0x11, 0x47, 0x83, 0x44, 0x38, 0xe7, 0x5f, 0x2d, 0x79, 0x2f, 0xe1, 0x85]),
    (208642, [0x65, 0x8a, 0x8e, 0x7a, 0x36, 0x54, 0xc2, 0xe8, 0xa2, 0x93, 0x32, 0xa3, 0x1b, 0xc5, 0xe1, 0x23]),
    (208671, [0x3a, 0xdd, 0x83, 0xe8, 0x80, 0x4a, 0xa1, 0xea, 0xc2, 0x8e, 0x21, 0xff, 0xa4, 0xba, 0x0c, 0x56]),
    (208672, [0xc1, 0x57, 0x5d, 0x80, 0x47, 0x5a, 0x52, 0xcd, 0xbf, 0xe3, 0xd7, 0x62, 0xff, 0x1f, 0x98, 0x39]),
    (208711, [0xee, 0x5d, 0xfd, 0xa9, 0x68, 0x39, 0x4f, 0x72, 0xea, 0x07, 0xd2, 0xa6, 0x95, 0x23, 0x7a, 0x17]),
    (208731, [0x89, 0x3f, 0xfa, 0x26, 0xce, 0x11, 0xf7, 0x20, 0xe2, 0xdf, 0xef, 0x15, 0x9d, 0x23, 0x8b, 0xe8]),
    (208732, [0x40, 0xa6, 0x29, 0xf5, 0x77, 0xa8, 0xd0, 0xd4, 0xb0, 0xe8, 0xec, 0xfb, 0x0f, 0x13, 0x2a, 0x60]),
    (208733, [0xa6, 0x24, 0x00, 0x6d, 0xfc, 0xa9, 0x22, 0xae, 0x13, 0xd1, 0xea, 0x14, 0xb5, 0xdf, 0xc0, 0xe2]),
    (208734, [0x49, 0xde, 0x6a, 0xc9, 0x77, 0x3f, 0xab, 0xa3, 0x1e, 0x04, 0xa1, 0x5a, 0xa2, 0x5d, 0x15, 0x1f]),
    (208735, [0x47, 0x31, 0x7d, 0x68, 0x4e, 0x78, 0x97, 0xf1, 0x77, 0xad, 0x7c, 0xd2, 0x8e, 0x04, 0x2b, 0xbc]),
    (208736, [0x8c, 0xaf, 0xc0, 0xfb, 0x62, 0x55, 0x7a, 0xd0, 0x33, 0xf7, 0x3b, 0xe1, 0x4e, 0x21, 0x30, 0x80]),
    (208737, [0x5d, 0x1c, 0x28, 0xb4, 0x3e, 0x20, 0xc8, 0xb4, 0x44, 0xf5, 0xb5, 0x1d, 0x35, 0xc2, 0xe3, 0x01]),
    (208738, [0x8f, 0x7e, 0x47, 0xcd, 0xef, 0xc0, 0xaa, 0xcc, 0x45, 0xb9, 0x41, 0x11, 0x3b, 0xbf, 0x31, 0x42]),
    (208741, [0x56, 0x31, 0xb5, 0x56, 0xed, 0xd7, 0xa8, 0x00, 0xc0, 0xe3, 0xc8, 0x7c, 0xd2, 0x22, 0x0a, 0x73]),
    (208742, [0xec, 0xa6, 0x68, 0x78, 0xe3, 0x94, 0xbe, 0x96, 0x3a, 0x4c, 0x60, 0x17, 0xad, 0x1f, 0x89, 0xd2]),
    (208861, [0x65, 0x23, 0xd7, 0x73, 0xbf, 0x44, 0x16, 0x9e, 0xa0, 0x75, 0x21, 0x6e, 0x7b, 0x5e, 0x97, 0x9e]),
    (208862, [0x0b, 0x00, 0x17, 0xd9, 0x17, 0x3c, 0x90, 0xc4, 0xbe, 0x08, 0xdd, 0x88, 0x68, 0xe9, 0xa9, 0xa6]),
    (208863, [0x3f, 0x94, 0x6e, 0x5f, 0x87, 0x78, 0xdf, 0x0f, 0xf3, 0x16, 0xdb, 0xd1, 0x38, 0xcc, 0x27, 0x3d]),
    (208864, [0xea, 0x84, 0xe3, 0xc0, 0x04, 0x82, 0x99, 0x77, 0x3d, 0xdf, 0xae, 0x4d, 0xd1, 0x3a, 0xf4, 0x03]),
    (208865, [0xa8, 0x28, 0x79, 0xb7, 0xb5, 0x58, 0x8c, 0x16, 0xf2, 0x38, 0xc0, 0xbf, 0xec, 0x7c, 0x06, 0xdf]),
    (208881, [0x55, 0x0c, 0xff, 0x05, 0xfd, 0xbe, 0xa5, 0xe6, 0x49, 0x42, 0x9b, 0xc7, 0x77, 0x4f, 0xdb, 0xdc]),
    (208981, [0x1d, 0x49, 0xe3, 0xf4, 0xee, 0xeb, 0xff, 0x49, 0xf3, 0x78, 0x0d, 0x8c, 0x5b, 0x95, 0xf3, 0x14]),
    (208982, [0xc4, 0x02, 0x9a, 0xb5, 0xd1, 0x19, 0xd9, 0xd5, 0xbb, 0x4c, 0x4e, 0xef, 0x32, 0x7b, 0xed, 0xf9]),
    (208983, [0x9e, 0x3f, 0x1c, 0x37, 0x75, 0xea, 0x1b, 0xf2, 0xe8, 0x5c, 0x9e, 0xcc, 0x99, 0x53, 0xa2, 0x82]),
    (208984, [0xd2, 0x6c, 0xd7, 0x55, 0x83, 0x2b, 0x5b, 0x27, 0x73, 0x6c, 0xaa, 0x05, 0x74, 0x16, 0xf4, 0x17]),
    (208985, [0x60, 0x6d, 0x49, 0xfb, 0x85, 0x27, 0x44, 0xa2, 0x51, 0x15, 0x5f, 0xd8, 0xf8, 0x21, 0x70, 0x1c]),
    (209021, [0x0d, 0x27, 0x0d, 0x82, 0x1b, 0x9e, 0xb4, 0x0d, 0xa7, 0x76, 0xba, 0x9b, 0xd5, 0x1d, 0xc4, 0xb5]),
    (209022, [0xc3, 0xc4, 0x3e, 0xa4, 0xda, 0x9b, 0x5b, 0x3b, 0xbd, 0x4b, 0x3e, 0xe7, 0x44, 0x49, 0xd3, 0xf0]),
    (209041, [0xbd, 0xa4, 0x83, 0x85, 0x99, 0x6f, 0x49, 0x55, 0x99, 0x4b, 0x94, 0x57, 0xb9, 0x6c, 0xe8, 0xc1]),
    (209081, [0x11, 0xb0, 0x47, 0x5d, 0xb3, 0xdf, 0xad, 0x3c, 0x89, 0xf1, 0xef, 0x83, 0x5d, 0xc5, 0xc0, 0x62]),
    (209082, [0x33, 0xde, 0x0e, 0x90, 0x3f, 0x26, 0x8a, 0x2c, 0xd2, 0xe3, 0xea, 0x35, 0x5a, 0xfc, 0x14, 0x26]),
    (209101, [0xe5, 0xcc, 0xee, 0xa6, 0x89, 0x48, 0x3b, 0xde, 0x6f, 0xe0, 0xc5, 0x58, 0x7c, 0x68, 0xbb, 0x9c]),
    (209102, [0x5e, 0x5b, 0x82, 0x68, 0xa5, 0x28, 0x6f, 0xde, 0xe4, 0x1e, 0xe3, 0xcf, 0xc1, 0x0c, 0xd4, 0xfd]),
    (209121, [0x5f, 0xa1, 0x02, 0xde, 0xb1, 0xe1, 0x54, 0xc2, 0x0d, 0x02, 0x3a, 0x1d, 0xc6, 0x11, 0xb1, 0x0c]),
    (209122, [0x78, 0xf9, 0xe7, 0x22, 0x25, 0xad, 0xdb, 0x92, 0xf9, 0x0c, 0xc8, 0xd8, 0x79, 0x17, 0xee, 0x41]),
    (209231, [0x15, 0xca, 0xdd, 0x4b, 0xce, 0xc1, 0xcf, 0x43, 0x2d, 0x2f, 0x8f, 0xf6, 0xff, 0x85, 0x84, 0x88]),
    (209232, [0x90, 0xde, 0x86, 0xdf, 0x10, 0x67, 0xa8, 0xab, 0xf2, 0x9a, 0xa6, 0xfb, 0x05, 0x0f, 0x33, 0xe5]),
    (209233, [0x49, 0xfe, 0x6a, 0x69, 0xdb, 0x90, 0xe2, 0x79, 0x69, 0xb5, 0xd9, 0x1d, 0xdd, 0xae, 0x6d, 0x37]),
    (209234, [0x71, 0xdc, 0x5b, 0xb6, 0xd5, 0x1f, 0x3c, 0x00, 0xc2, 0x00, 0x78, 0x7f, 0xe8, 0x9a, 0xb3, 0x32]),
    (209235, [0x47, 0x41, 0x56, 0xb1, 0xe0, 0xb2, 0x06, 0x70, 0x3e, 0x1a, 0x5f, 0x64, 0x77, 0x2b, 0x1e, 0xeb]),
    (209236, [0xa5, 0xdf, 0x6c, 0x22, 0x48, 0x85, 0xa5, 0xcb, 0xcc, 0x30, 0x94, 0x72, 0x30, 0xee, 0xb4, 0x59]),
    (209237, [0x0c, 0xbc, 0x42, 0x42, 0x35, 0x72, 0x24, 0x0e, 0x29, 0x3f, 0x60, 0xe4, 0x48, 0x12, 0xd5, 0xb6]),
    (209238, [0x8f, 0x3c, 0x6b, 0x9d, 0xea, 0xcb, 0xce, 0xd1, 0xab, 0xeb, 0xc1, 0xa7, 0xd9, 0xe3, 0x35, 0x47]),
    (209239, [0x53, 0x9a, 0xc0, 0xff, 0xb8, 0x6b, 0x87, 0xd2, 0x8a, 0x52, 0x34, 0xcf, 0x3a, 0xeb, 0x92, 0x0c]),
    (209240, [0x69, 0xde, 0xbb, 0x38, 0x72, 0xe9, 0xac, 0x43, 0xdd, 0xb7, 0x42, 0x24, 0x1b, 0xf8, 0x8e, 0x12]),
    (209241, [0x8d, 0xec, 0x11, 0x61, 0x30, 0xd8, 0xcf, 0x94, 0xe4, 0x25, 0x1a, 0xbb, 0xb7, 0x75, 0x4f, 0xa2]),
    (209242, [0x79, 0x5d, 0xff, 0x80, 0x7c, 0xdb, 0xef, 0x8d, 0xe3, 0x26, 0x61, 0x85, 0xc2, 0x1e, 0x7c, 0xba]),
    (209271, [0xe9, 0x12, 0x86, 0xd7, 0x0f, 0x0e, 0xd6, 0xa7, 0x04, 0x63, 0xed, 0xe5, 0x07, 0xe6, 0x9e, 0xdf]),
    (209331, [0x89, 0x7c, 0x96, 0xe4, 0xaa, 0x2f, 0x4b, 0x0e, 0x7c, 0x83, 0x85, 0xe8, 0x6b, 0x5e, 0x76, 0xa8]),
    (209332, [0x8a, 0xab, 0x5a, 0xd8, 0xb0, 0xdb, 0xb0, 0xfd, 0x27, 0xb6, 0xc2, 0xb7, 0xb8, 0xe5, 0x6f, 0xf0]),
    (209333, [0x08, 0x8b, 0x79, 0xca, 0xfc, 0xe8, 0x63, 0x8a, 0xbd, 0xa0, 0xa2, 0xb1, 0xcf, 0xa9, 0x1e, 0x06]),
    (209361, [0x21, 0x3a, 0x8f, 0x00, 0xe4, 0xac, 0x9b, 0x45, 0x29, 0x58, 0x65, 0x94, 0x37, 0xad, 0x91, 0x4a]),
    (209371, [0x93, 0x13, 0x1a, 0xeb, 0xee, 0xe1, 0x70, 0x02, 0x38, 0x6a, 0x81, 0xed, 0x6d, 0xdc, 0x5a, 0x74]),
    (209372, [0x98, 0xe1, 0x60, 0xe2, 0x63, 0x56, 0x15, 0x92, 0xe1, 0xeb, 0xeb, 0x28, 0x99, 0x7c, 0x77, 0xe5]),
    (209373, [0x91, 0x3b, 0x1e, 0xdc, 0x78, 0xa2, 0xd8, 0x9c, 0x91, 0x3d, 0x3e, 0xde, 0xfc, 0xb1, 0xf3, 0xfb]),
    (209374, [0x07, 0x0c, 0x4a, 0x06, 0xb5, 0x91, 0xe8, 0x3f, 0x4b, 0xe2, 0xf5, 0xf0, 0x9e, 0x51, 0x10, 0xd3]),
    (209481, [0x1b, 0x90, 0xbd, 0x21, 0x42, 0xbf, 0x23, 0xf1, 0x45, 0x67, 0xab, 0x80, 0x95, 0x8a, 0x21, 0x6c]),
    (209501, [0x58, 0xcb, 0x47, 0xc6, 0x8c, 0xf2, 0xe1, 0x96, 0x72, 0x01, 0x6a, 0x04, 0x0d, 0x40, 0x94, 0x98]),
    (209502, [0xaa, 0x1f, 0x7f, 0x59, 0x13, 0x66, 0x41, 0x1f, 0x2d, 0x0b, 0x7b, 0xd1, 0xbb, 0x2e, 0xbf, 0x3c]),
    (209503, [0xac, 0x13, 0xe4, 0x90, 0x78, 0x4c, 0x32, 0x08, 0xcd, 0xb5, 0x03, 0x0d, 0x80, 0x3f, 0xd2, 0x7f]),
    (209504, [0xcd, 0xd1, 0x10, 0xd6, 0xa2, 0xb2, 0x43, 0xac, 0x82, 0xc2, 0xe7, 0xa1, 0xec, 0x02, 0xcf, 0xf6]),
    (209505, [0x8e, 0xda, 0xcc, 0xe2, 0x06, 0x7e, 0x96, 0x24, 0xe3, 0x7d, 0xcf, 0xb5, 0x6d, 0xa3, 0x1d, 0x79]),
    (209506, [0x5c, 0xb4, 0xfc, 0xf9, 0x05, 0x1d, 0xa2, 0xdc, 0xd0, 0x6c, 0x52, 0xe3, 0xad, 0x37, 0x3e, 0x46]),
    (209507, [0xa2, 0xe9, 0x0f, 0x20, 0x03, 0x04, 0xa2, 0x88, 0x48, 0x56, 0xfc, 0xbe, 0x68, 0x4e, 0xdb, 0x55]),
    (209508, [0x78, 0x80, 0x01, 0xc5, 0x08, 0xf7, 0x6f, 0xd1, 0x59, 0xc8, 0x7a, 0xdb, 0xb1, 0x93, 0xed, 0x93]),
    (209691, [0xfb, 0x16, 0xe7, 0xee, 0x02, 0xec, 0x69, 0x35, 0x3f, 0x83, 0xc1, 0xe6, 0x73, 0xb0, 0x25, 0xfa]),
    (209692, [0xc2, 0x63, 0x27, 0xfd, 0x81, 0xca, 0x33, 0x29, 0xc6, 0xf8, 0x55, 0x80, 0x39, 0x45, 0x6b, 0x4d]),
    (209693, [0x8e, 0x6f, 0x29, 0x8c, 0x73, 0xdb, 0x6e, 0x62, 0x7d, 0xc9, 0xb2, 0x5f, 0x04, 0xde, 0xc0, 0x95]),
    (209751, [0x2e, 0x63, 0x2a, 0x59, 0xcc, 0x49, 0xe4, 0x18, 0x49, 0x40, 0x63, 0xe2, 0x22, 0xd3, 0x6c, 0x05]),
    (209771, [0xa9, 0xbb, 0x74, 0x09, 0x89, 0x37, 0x1f, 0xe3, 0xcd, 0x73, 0xa7, 0xf2, 0x26, 0xb4, 0x02, 0x3e]),
    (209772, [0xa1, 0xb2, 0xe4, 0x8f, 0xc1, 0x85, 0xe9, 0x09, 0xf5, 0x69, 0x06, 0x8f, 0xbd, 0xf3, 0xeb, 0x1b]),
    (209791, [0x4c, 0xa6, 0xfa, 0x81, 0x83, 0xb5, 0x46, 0x75, 0xe4, 0x1a, 0x98, 0x36, 0x2c, 0x45, 0x2f, 0x4b]),
    (209792, [0x7a, 0xb3, 0xb1, 0xd7, 0x16, 0x44, 0x42, 0x5c, 0x05, 0x97, 0xeb, 0x52, 0x3c, 0x63, 0x7e, 0xd7]),
    (209793, [0xf9, 0x37, 0xc5, 0x23, 0x40, 0xe1, 0x0d, 0xe3, 0x0e, 0x5b, 0x65, 0xff, 0x05, 0xe2, 0x40, 0x2c]),
    (209831, [0xd6, 0xb1, 0x8b, 0x71, 0xa3, 0x87, 0x0e, 0xa6, 0x25, 0xa6, 0xb4, 0x85, 0xe5, 0x0e, 0x8e, 0xe5]),
    (209832, [0xae, 0xbc, 0x90, 0xb2, 0xd4, 0xae, 0x16, 0x1c, 0x3b, 0x9b, 0x0a, 0x9c, 0x80, 0xba, 0x39, 0xb1]),
    (209990, [0xc2, 0xe3, 0xb8, 0xa1, 0x09, 0x5f, 0xf4, 0xed, 0x3c, 0x29, 0x3c, 0xa7, 0x65, 0x80, 0x57, 0xb3]),
    (210011, [0x36, 0x4e, 0x6e, 0x8f, 0xea, 0xc6, 0x07, 0x7e, 0xc8, 0x78, 0x23, 0xe6, 0x25, 0x01, 0x5c, 0x91]),
    (210012, [0x7b, 0xee, 0x68, 0x70, 0x24, 0x32, 0x5d, 0xb8, 0x17, 0x7c, 0x7c, 0xf8, 0xd6, 0x02, 0x94, 0x51]),
    (210013, [0x66, 0xc3, 0xf1, 0xcb, 0x28, 0xcc, 0x19, 0xab, 0x7e, 0x9a, 0x65, 0xf0, 0x1a, 0x29, 0x84, 0xc5]),
    (210014, [0x87, 0x92, 0x8c, 0xfc, 0xf8, 0xce, 0xd0, 0x27, 0x14, 0x94, 0xa3, 0x99, 0x4d, 0x37, 0x4f, 0x45]),
    (210015, [0x48, 0x0a, 0x70, 0xfd, 0x74, 0x29, 0xc8, 0xaa, 0xf4, 0x1a, 0x2f, 0x79, 0x0f, 0xe7, 0xe6, 0x2e]),
    (210016, [0xc6, 0x3e, 0x42, 0xf1, 0xdb, 0x8a, 0x86, 0xd1, 0x47, 0x44, 0x6f, 0x02, 0xec, 0xe2, 0xa1, 0x26]),
    (210017, [0xe7, 0xc1, 0x1b, 0xed, 0xcd, 0xdd, 0xc5, 0xba, 0x5f, 0x8a, 0xbf, 0x5f, 0x40, 0x6f, 0xda, 0x82]),
    (210018, [0x3d, 0x83, 0x7b, 0x8c, 0x13, 0x6a, 0xec, 0x6b, 0xa7, 0x81, 0x7d, 0xdf, 0x8f, 0x5d, 0x9e, 0x52]),
    (210019, [0x0e, 0x92, 0x1d, 0xad, 0x1d, 0x3b, 0x0b, 0x61, 0xe9, 0x33, 0x15, 0xfe, 0x79, 0x38, 0xde, 0x54]),
    (210151, [0x76, 0xf3, 0xb4, 0xe2, 0x8f, 0x92, 0x4e, 0x3c, 0x97, 0xf0, 0x90, 0xca, 0x44, 0x04, 0x3c, 0x3c]),
    (210152, [0x31, 0x58, 0xbe, 0xca, 0xfa, 0xef, 0x89, 0x5b, 0x34, 0x46, 0xf9, 0x0a, 0x5b, 0xa0, 0xae, 0xda]),
    (210231, [0x04, 0xba, 0x89, 0x0a, 0xf8, 0xaa, 0x9e, 0xaf, 0x05, 0x5d, 0x1a, 0x0e, 0x71, 0xf0, 0x51, 0xd9]),
    (210311, [0x81, 0x3c, 0x6e, 0x53, 0x45, 0x24, 0x88, 0x22, 0x00, 0x3b, 0x92, 0x8f, 0x48, 0xc6, 0x18, 0xf9]),
    (210312, [0x30, 0xb4, 0x6d, 0xd7, 0x95, 0x5a, 0x12, 0xee, 0xc9, 0x3a, 0x84, 0x68, 0xd9, 0x2d, 0x4b, 0xf7]),
    (210313, [0x45, 0x44, 0x0b, 0xad, 0x44, 0x87, 0x2d, 0x6f, 0xa3, 0x0a, 0xa8, 0x2e, 0x93, 0x66, 0x7b, 0xe5]),
    (210314, [0x6e, 0x30, 0x57, 0x65, 0x7c, 0x6e, 0xf7, 0xa4, 0xae, 0xde, 0x7d, 0x1e, 0x1e, 0xc4, 0xa7, 0xaa]),
    (210315, [0x43, 0x04, 0xcf, 0x88, 0xac, 0x45, 0xed, 0x07, 0x76, 0xd8, 0x87, 0xf3, 0x68, 0xe7, 0x13, 0x7b]),
    (210330, [0xc5, 0x97, 0x27, 0x70, 0x7b, 0x94, 0x2b, 0x5b, 0x39, 0x4d, 0xac, 0xc4, 0xa0, 0xa1, 0x4b, 0x07]),
    (210351, [0x95, 0xbb, 0x3c, 0x2e, 0x31, 0x14, 0xb7, 0x13, 0xff, 0x7b, 0xae, 0xc1, 0xd5, 0xcd, 0xdc, 0x73]),
    (210371, [0x95, 0x9e, 0x7d, 0x8e, 0xed, 0xbf, 0x30, 0x68, 0xee, 0xd8, 0xd9, 0xc7, 0x20, 0x9c, 0x03, 0x43]),
    (210391, [0x49, 0x00, 0x49, 0x2f, 0xac, 0x22, 0x4e, 0x99, 0xb9, 0x27, 0xc2, 0xeb, 0x4e, 0x61, 0x06, 0x1b]),
    (210450, [0x6e, 0xac, 0xcf, 0x96, 0x80, 0x4e, 0x07, 0xc9, 0x3f, 0x22, 0x7c, 0x15, 0xbe, 0x8c, 0x92, 0xfd]),
    (210451, [0x2e, 0x6a, 0xda, 0x13, 0x2a, 0x45, 0x94, 0x45, 0x16, 0x11, 0x81, 0x5c, 0x26, 0x2f, 0x4a, 0x46]),
    (210471, [0xb0, 0xd7, 0x30, 0x59, 0xc2, 0xbe, 0xe4, 0x79, 0x1d, 0xc0, 0x16, 0x28, 0x51, 0x59, 0x9d, 0x82]),
    (210472, [0x2d, 0x01, 0x50, 0xa8, 0x26, 0x97, 0x8a, 0xa6, 0x4a, 0x13, 0xb4, 0x47, 0x1d, 0x57, 0x77, 0x8d]),
    (210473, [0x12, 0x95, 0xd3, 0xf4, 0xe4, 0x9e, 0x79, 0x63, 0x50, 0x7b, 0xb4, 0x11, 0xcd, 0x6a, 0xb6, 0x09]),
    (210474, [0xa3, 0xa1, 0x5e, 0x21, 0xef, 0x48, 0x4d, 0x59, 0xe0, 0x94, 0xe8, 0xd0, 0x85, 0x53, 0x1a, 0x61]),
    (210475, [0xfa, 0xff, 0x3e, 0x54, 0x44, 0x4b, 0xb2, 0xd2, 0xfd, 0x5b, 0x48, 0x65, 0xe9, 0x05, 0x17, 0xa6]),
    (210476, [0xdb, 0x3a, 0xde, 0x53, 0xc3, 0xa8, 0x9c, 0x23, 0x9e, 0xfb, 0x74, 0xd3, 0xb9, 0x1f, 0x5a, 0x3a]),
    (210477, [0xb7, 0xbc, 0x7d, 0xcb, 0x4d, 0xf1, 0xba, 0x9f, 0xbb, 0x2a, 0xd9, 0x14, 0x66, 0xaa, 0x31, 0x22]),
    (210478, [0xe9, 0x7a, 0xf4, 0xb0, 0xfc, 0x46, 0x5f, 0x48, 0x0f, 0x57, 0x51, 0x3a, 0x9d, 0xcc, 0x65, 0x2b]),
    (210700, [0xa8, 0x44, 0xc6, 0x5b, 0x47, 0x45, 0xe5, 0x47, 0x02, 0xdb, 0x20, 0x29, 0x58, 0x02, 0x0d, 0x31]),
    (210701, [0x5c, 0xb7, 0xcb, 0x04, 0x46, 0x0a, 0xd5, 0x51, 0x6a, 0xd6, 0x80, 0x27, 0x64, 0xeb, 0x0b, 0x74]),
    (210702, [0x71, 0xeb, 0x8f, 0xea, 0xbd, 0x16, 0xcc, 0xbc, 0x60, 0x6e, 0xe3, 0xc4, 0xa2, 0x45, 0x29, 0x94]),
    (210703, [0x48, 0x5f, 0xd4, 0x68, 0x5c, 0xca, 0x5c, 0xd2, 0x45, 0x96, 0x19, 0xcf, 0x3a, 0x33, 0x98, 0x26]),
    (210704, [0xed, 0xee, 0x89, 0x67, 0x7a, 0x49, 0x98, 0x67, 0x88, 0x72, 0x06, 0x7d, 0x0a, 0x7f, 0x01, 0x4c]),
    (210705, [0x17, 0xd6, 0xc6, 0x71, 0xcb, 0x98, 0x67, 0x45, 0x54, 0x8f, 0x69, 0xd1, 0x93, 0xda, 0x3b, 0x8f]),
    (210706, [0x47, 0x42, 0xa5, 0xcd, 0x62, 0x42, 0x0c, 0x6c, 0x75, 0x9a, 0x22, 0x18, 0x60, 0x1c, 0xef, 0x57]),
    (210707, [0x1b, 0x3e, 0x89, 0x0d, 0x03, 0x7c, 0x31, 0xf5, 0x20, 0x9d, 0x86, 0x70, 0xea, 0x57, 0x73, 0xea]),
    (210708, [0xf5, 0x9b, 0x46, 0x7a, 0x67, 0x70, 0x2c, 0xac, 0x08, 0xe1, 0xfb, 0xd3, 0x26, 0x03, 0xa3, 0x78]),
    (210721, [0xc1, 0x08, 0xbd, 0x28, 0x54, 0x6a, 0x11, 0x63, 0xaa, 0x9d, 0x87, 0xbc, 0x58, 0x92, 0xb3, 0xf1]),
    (210722, [0xbc, 0x7c, 0x55, 0x5a, 0x5c, 0xe2, 0x87, 0x09, 0xfa, 0x3f, 0x3d, 0xeb, 0x58, 0x35, 0x43, 0x71]),
    (210741, [0x23, 0xcc, 0x57, 0x32, 0x11, 0x6d, 0xa6, 0xeb, 0x19, 0x0b, 0xda, 0x0d, 0xb0, 0xa8, 0x18, 0xf9]),
    (210742, [0xde, 0x84, 0xdc, 0x75, 0xc4, 0x37, 0x99, 0x2d, 0x0d, 0x08, 0x31, 0x01, 0xa0, 0x1b, 0x36, 0x43]),
    (210801, [0x59, 0xa2, 0x0f, 0x22, 0xa2, 0x97, 0x0b, 0x3d, 0xed, 0x48, 0xd2, 0xe7, 0x18, 0x0a, 0x66, 0xe3]),
    (210821, [0x4d, 0x1e, 0x84, 0xdb, 0x26, 0xea, 0x59, 0x02, 0x5d, 0xcd, 0xc2, 0xf7, 0xdf, 0xfb, 0x1c, 0x8e]),
    (210822, [0xbf, 0x87, 0x1b, 0xd9, 0x41, 0xb3, 0xe6, 0x0b, 0x83, 0x9c, 0xad, 0xe0, 0x22, 0xc8, 0x2e, 0x20]),
    (210823, [0xd1, 0x14, 0x0a, 0x64, 0x1c, 0xd4, 0x94, 0x15, 0xdd, 0xfd, 0x9d, 0x02, 0x90, 0xd7, 0x77, 0x14]),
    (210824, [0x7e, 0x80, 0xa2, 0x09, 0xad, 0x6b, 0x45, 0x71, 0xda, 0x49, 0xa5, 0x51, 0x38, 0x40, 0xbc, 0x1a]),
    (210825, [0xa4, 0x8d, 0xd3, 0xa1, 0x1c, 0x50, 0xe4, 0x34, 0x3b, 0xee, 0x64, 0x84, 0x04, 0xe9, 0x12, 0x4a]),
    (210826, [0x17, 0x5c, 0xe1, 0xae, 0xf7, 0x25, 0x50, 0xf0, 0x09, 0xd0, 0xb3, 0x0d, 0xda, 0x0f, 0xf1, 0x1f]),
    (210827, [0x22, 0xcc, 0xd2, 0x30, 0x1f, 0x63, 0x45, 0x3a, 0x7f, 0x5f, 0xfe, 0xb0, 0xc8, 0x8e, 0x4a, 0xb9]),
    (210828, [0xd1, 0x88, 0x64, 0x2a, 0x6f, 0x49, 0xf6, 0x50, 0x3d, 0xb6, 0x96, 0x7b, 0xe9, 0x77, 0xb8, 0x16]),
    (210829, [0x22, 0xaf, 0xdc, 0xb1, 0xd0, 0x8b, 0x50, 0x52, 0x55, 0x6c, 0x79, 0x32, 0x7f, 0x1d, 0x46, 0x73]),
    (210830, [0x0e, 0x5c, 0xa2, 0x31, 0xc5, 0xfb, 0x81, 0x7e, 0x0a, 0xdc, 0x3d, 0xcc, 0x6d, 0xbb, 0x85, 0x7b]),
    (210841, [0x9b, 0x39, 0x2a, 0xd4, 0x0d, 0x50, 0x41, 0x25, 0xf0, 0x12, 0xb0, 0x4f, 0xb9, 0x26, 0x6b, 0xa5]),
    (210842, [0xa8, 0x5d, 0x59, 0x77, 0xd6, 0x55, 0xb5, 0xfa, 0x7c, 0x91, 0xd4, 0x8c, 0x03, 0x76, 0xcc, 0x90]),
    (210843, [0x5c, 0xf9, 0x5d, 0x57, 0x22, 0x18, 0x10, 0x40, 0xd0, 0xeb, 0x1d, 0xb3, 0xd3, 0x70, 0x97, 0x7a]),
    (210844, [0x4b, 0x00, 0xef, 0xf1, 0x5c, 0xe1, 0x4c, 0x41, 0x50, 0x51, 0x9c, 0x33, 0x49, 0xe8, 0xad, 0x51]),
    (210845, [0xec, 0x1b, 0x88, 0xb0, 0x55, 0x0f, 0xcd, 0x0d, 0xe0, 0x64, 0x50, 0x98, 0x5f, 0x47, 0xd4, 0x04]),
    (210846, [0x66, 0x61, 0x34, 0x1d, 0xa1, 0xfe, 0x75, 0x81, 0xa3, 0xcb, 0x24, 0xb6, 0xe1, 0x56, 0xbb, 0x0d]),
    (210872, [0x9d, 0xdc, 0x3a, 0x54, 0x8b, 0x48, 0xe3, 0x8c, 0x0d, 0x8a, 0x4c, 0x71, 0xd1, 0xe2, 0x6e, 0x17]),
    (210890, [0x8f, 0x1a, 0x5f, 0x97, 0x1b, 0x7c, 0xa6, 0x9b, 0xf7, 0xa7, 0x4d, 0x0a, 0xd5, 0x7f, 0x57, 0xf2]),
    (210891, [0xf6, 0xa4, 0x44, 0x03, 0x56, 0xce, 0x73, 0x2f, 0x8b, 0x5c, 0x8c, 0xb9, 0x70, 0x6e, 0x3d, 0xa8]),
    (210892, [0x0a, 0xe2, 0x44, 0xfb, 0x12, 0x16, 0x8f, 0x45, 0xa6, 0x8c, 0x16, 0x1f, 0x0f, 0xbb, 0xca, 0x6c]),
    (210893, [0x31, 0x73, 0x09, 0x4d, 0x4f, 0x9b, 0x26, 0x75, 0x60, 0x70, 0x89, 0xe1, 0x70, 0xf4, 0x01, 0x14]),
    (210991, [0x6d, 0xde, 0x5d, 0x1a, 0x7e, 0x8d, 0xbf, 0x0c, 0x84, 0x3d, 0x7e, 0xfd, 0x6b, 0x2e, 0xa3, 0x5d]),
    (210992, [0xa6, 0xe7, 0xfa, 0xbe, 0x9f, 0x16, 0x29, 0xff, 0x77, 0xc3, 0x34, 0xd6, 0xb8, 0x73, 0xd8, 0x68]),
    (210993, [0xc3, 0x1b, 0xf7, 0x4c, 0x32, 0x7a, 0xfc, 0x59, 0xe3, 0x64, 0x78, 0x46, 0x33, 0x66, 0xd1, 0xf8]),
    (210994, [0x40, 0x56, 0x36, 0x6b, 0xba, 0x06, 0x1e, 0xae, 0xc5, 0x06, 0xb2, 0x65, 0x72, 0x33, 0xe2, 0xf6]),
    (210995, [0x57, 0x2e, 0x3d, 0x3f, 0x1b, 0xf2, 0x00, 0x6b, 0x06, 0xb3, 0x40, 0x2f, 0x90, 0x7e, 0xe3, 0x6f]),
    (210996, [0x57, 0x17, 0x96, 0x6a, 0xfc, 0x50, 0x60, 0x34, 0xa1, 0x67, 0x25, 0x66, 0x9d, 0x86, 0xd6, 0x0b]),
    (210997, [0x4a, 0xdc, 0x59, 0xa9, 0x5b, 0x60, 0x07, 0x5e, 0x39, 0xc0, 0xb4, 0x25, 0x1c, 0x27, 0xb0, 0xbf]),
    (210998, [0x92, 0xc5, 0x7e, 0xf5, 0x97, 0x8e, 0x80, 0x32, 0x4e, 0x50, 0xd5, 0x65, 0x6f, 0xb7, 0x59, 0x50]),
    (211011, [0xd6, 0x61, 0x85, 0x02, 0x9d, 0xad, 0xa8, 0x59, 0xbb, 0x9a, 0x21, 0x35, 0x06, 0xe5, 0x94, 0xa2]),
    (211051, [0xa7, 0x98, 0x1f, 0x80, 0xa9, 0xb2, 0x79, 0x96, 0x01, 0x04, 0x00, 0x85, 0x3d, 0x56, 0x5e, 0xfd]),
    (211071, [0xe1, 0x74, 0x47, 0x78, 0xf9, 0xbe, 0xe5, 0x49, 0x81, 0x57, 0xd4, 0xff, 0x16, 0x33, 0xf8, 0xa4]),
    (211101, [0x7f, 0x83, 0x94, 0x39, 0x9a, 0x07, 0x3e, 0x9c, 0x4e, 0x74, 0xee, 0x7c, 0x86, 0x82, 0xc4, 0xe5]),
    (211161, [0xb9, 0xf9, 0x46, 0x16, 0x24, 0x77, 0x64, 0x5d, 0x0d, 0x4a, 0x2b, 0xda, 0xb0, 0x83, 0x0a, 0x67]),
    (211162, [0x99, 0xc5, 0x77, 0x98, 0x71, 0xf5, 0xb4, 0x31, 0x78, 0x92, 0x58, 0x16, 0xb2, 0x15, 0x0c, 0xde]),
    (211200, [0xe8, 0xdf, 0xd3, 0xd3, 0x09, 0xfb, 0x92, 0x5e, 0x6c, 0x41, 0xc6, 0x64, 0x7d, 0x4c, 0x25, 0x47]),
    (211201, [0xb4, 0xaf, 0xa4, 0x04, 0xdf, 0x0e, 0x6b, 0xdf, 0x10, 0xa4, 0x16, 0xe6, 0xc9, 0x8d, 0x7a, 0xc4]),
    (211202, [0x97, 0x53, 0xca, 0x0c, 0x25, 0xaf, 0xf2, 0x07, 0x6d, 0xc0, 0x85, 0x91, 0xd5, 0xd5, 0x87, 0xcf]),
    (211203, [0x00, 0xe4, 0xef, 0xbb, 0xba, 0xd3, 0xd0, 0xaa, 0xe1, 0xb8, 0x36, 0xee, 0x55, 0x16, 0x3a, 0x9a]),
    (211204, [0xd0, 0xb4, 0x2a, 0x21, 0xd3, 0x9a, 0x9b, 0xf7, 0xff, 0x85, 0x89, 0xc6, 0x92, 0x9f, 0x73, 0x8c]),
    (211205, [0xf3, 0x36, 0x42, 0x6c, 0x0f, 0x81, 0xf5, 0x91, 0x40, 0x28, 0x26, 0xd0, 0xdf, 0xa0, 0x8b, 0xe5]),
    (211206, [0xfa, 0x6b, 0x4c, 0x84, 0x46, 0x69, 0x16, 0x17, 0x1a, 0x27, 0xf1, 0x3f, 0x34, 0x52, 0x92, 0x80]),
    (211207, [0x22, 0x73, 0xe7, 0xe9, 0xed, 0xb7, 0xff, 0x6f, 0x56, 0x3f, 0xa6, 0xdc, 0xda, 0xfb, 0x70, 0xe8]),
    (211208, [0xfb, 0x96, 0x02, 0xb1, 0xed, 0xed, 0x39, 0x75, 0x53, 0x34, 0x10, 0x4b, 0x14, 0x7f, 0x29, 0xa4]),
    (211209, [0x93, 0x6d, 0x21, 0x16, 0xc0, 0x8e, 0xa5, 0x79, 0x65, 0x0d, 0x7c, 0x9c, 0x81, 0x5d, 0xb2, 0x13]),
    (211241, [0x84, 0xc5, 0x73, 0xf7, 0xbe, 0x76, 0xbd, 0x77, 0xb2, 0xd6, 0xfa, 0xfc, 0xee, 0x34, 0x96, 0x6b]),
    (211341, [0xcb, 0x15, 0x41, 0x7b, 0xc8, 0xb5, 0x49, 0xc8, 0x6d, 0x6f, 0x36, 0xc9, 0xd8, 0x9e, 0xb7, 0x2f]),
    (211343, [0x2a, 0xea, 0xa0, 0x27, 0xe7, 0x5b, 0xf2, 0x68, 0xd9, 0xd7, 0x1c, 0xff, 0xbf, 0x9d, 0x8f, 0x5f]),
    (211344, [0x66, 0x71, 0x6a, 0xa8, 0x02, 0xc1, 0x19, 0x42, 0x62, 0x07, 0x28, 0x21, 0x17, 0xa0, 0xb5, 0xc7]),
    (211345, [0x3e, 0xb6, 0xbf, 0xd7, 0x0b, 0x88, 0x74, 0x86, 0xdc, 0x88, 0x2a, 0xb3, 0xde, 0x27, 0xd1, 0xa4]),
    (211361, [0x39, 0x07, 0x95, 0xdb, 0x90, 0xb4, 0x40, 0x1e, 0x36, 0x56, 0xe7, 0xc7, 0xcd, 0xfa, 0xba, 0xe8]),
    (211364, [0x8d, 0x51, 0x6f, 0x6f, 0xc7, 0xe0, 0x53, 0xf1, 0x05, 0x3f, 0xb0, 0x99, 0xee, 0x01, 0x87, 0xf2]),
    (211382, [0xed, 0x6c, 0x6f, 0xbc, 0xdf, 0x57, 0x00, 0x46, 0x87, 0x0e, 0xd8, 0x42, 0x2e, 0x1d, 0x41, 0x76]),
    (211520, [0x2d, 0x78, 0xb9, 0x86, 0x8c, 0xb7, 0x45, 0x83, 0x58, 0x4b, 0x4e, 0x03, 0x7b, 0x14, 0x9e, 0xeb]),
    (211521, [0xf7, 0xc0, 0x3e, 0x9b, 0x3a, 0x93, 0x24, 0x7c, 0x7b, 0x42, 0x42, 0x1c, 0x8d, 0x6e, 0x25, 0xfd]),
    (211581, [0x88, 0x2e, 0x51, 0xec, 0x6a, 0x30, 0xe3, 0x3d, 0x63, 0xd3, 0x89, 0x06, 0xcf, 0x35, 0x07, 0x67]),
    (211621, [0x48, 0xb3, 0x78, 0xfb, 0x18, 0x5a, 0x72, 0xb8, 0xad, 0xa3, 0xd6, 0x06, 0x3a, 0x2e, 0xaf, 0xd2]),
    (211622, [0x3c, 0xb6, 0xdd, 0xae, 0x03, 0x05, 0xd1, 0xbf, 0xa6, 0x3b, 0xdf, 0xc2, 0xfc, 0xd5, 0x4c, 0xd4]),
    (211623, [0xfc, 0xe4, 0x42, 0x31, 0x0c, 0x7f, 0x66, 0xb4, 0x89, 0xa1, 0x24, 0xc0, 0x38, 0x6b, 0x6b, 0xea]),
    (211624, [0x7e, 0x9d, 0xbc, 0x02, 0x28, 0x48, 0x9c, 0x34, 0x83, 0x22, 0xec, 0x4e, 0x54, 0x00, 0x4a, 0x8f]),
    (211720, [0xa9, 0x04, 0x2b, 0xf0, 0xe5, 0xc0, 0x1e, 0x24, 0x5c, 0xe3, 0xc2, 0x8a, 0xe5, 0x59, 0x2e, 0x31]),
    (211721, [0xca, 0xff, 0x96, 0x55, 0x0e, 0x18, 0x65, 0x11, 0xb3, 0x95, 0xb7, 0x39, 0x18, 0xc9, 0x66, 0xd7]),
    (211722, [0x76, 0x1f, 0xb3, 0x18, 0x8e, 0x2f, 0xa0, 0x08, 0xde, 0xa9, 0x60, 0x0f, 0x65, 0xfb, 0xcd, 0x91]),
    (211723, [0x15, 0x39, 0x7c, 0x00, 0xc1, 0x1a, 0x50, 0xbb, 0x08, 0xa0, 0x12, 0xaf, 0xe3, 0x2a, 0x6d, 0xb6]),
    (211724, [0xe1, 0x4d, 0x5a, 0xe6, 0x3e, 0x66, 0x1c, 0x19, 0x0f, 0x55, 0x2f, 0x27, 0x35, 0x80, 0xe8, 0x59]),
    (211725, [0x15, 0x8e, 0xd6, 0x83, 0xab, 0x6f, 0x8c, 0x92, 0x89, 0x1d, 0xc9, 0xbb, 0x47, 0xe4, 0xb1, 0x6a]),
    (211726, [0x17, 0xed, 0x81, 0x9f, 0x6b, 0x6d, 0x67, 0x84, 0x19, 0x93, 0x15, 0x99, 0xc6, 0xfd, 0xad, 0x63]),
    (211727, [0xc1, 0x11, 0x13, 0x8f, 0x3d, 0x3a, 0xeb, 0x9a, 0x03, 0x10, 0x36, 0x0b, 0xf6, 0x8a, 0xc2, 0xef]),
    (211801, [0xc9, 0xc8, 0x71, 0x4a, 0x2f, 0x9f, 0x78, 0xe6, 0x15, 0x1d, 0x41, 0x0f, 0xf1, 0xc3, 0x87, 0x95]),
    (211802, [0x1b, 0xb1, 0x0f, 0xfc, 0xdd, 0x00, 0x49, 0x4b, 0x1d, 0x58, 0x62, 0x75, 0x72, 0xf0, 0xf8, 0x3c]),
    (211841, [0x16, 0xed, 0xeb, 0x9f, 0xfe, 0xbe, 0xa5, 0x5c, 0x11, 0x13, 0x7e, 0x00, 0x45, 0x2b, 0x51, 0x62]),
    (211842, [0x39, 0xc4, 0x45, 0xf7, 0xef, 0x3b, 0x45, 0x25, 0x87, 0xb0, 0xcf, 0x3a, 0xbc, 0x00, 0x83, 0x48]),
    (211941, [0xd5, 0x64, 0x31, 0xd9, 0x0c, 0xb5, 0x6d, 0x57, 0xc6, 0x4f, 0xb2, 0x8b, 0xe8, 0x4f, 0x9f, 0x99]),
    (211942, [0x6c, 0xf2, 0x0f, 0x6e, 0x77, 0x47, 0x9e, 0x54, 0x28, 0xab, 0x0b, 0xb6, 0xcf, 0xda, 0x16, 0xce]),
    (211944, [0x11, 0x44, 0xad, 0x90, 0x45, 0xe5, 0xc7, 0x16, 0x28, 0x13, 0x9a, 0x5e, 0xd1, 0x2d, 0x24, 0x0c]),
    (212011, [0xa3, 0xf0, 0x82, 0x3a, 0x56, 0x61, 0x05, 0x49, 0x20, 0x39, 0x36, 0x7d, 0x8d, 0x8b, 0xeb, 0x98]),
    (212031, [0x87, 0x8d, 0x3b, 0x26, 0xae, 0xd3, 0x4b, 0x51, 0xc8, 0x90, 0xa1, 0x52, 0x3a, 0xef, 0xb4, 0x6e]),
    (212041, [0x33, 0x3b, 0x36, 0xd5, 0xfc, 0x8c, 0xe0, 0x71, 0xc6, 0x05, 0x93, 0x66, 0xec, 0x02, 0xa2, 0xa0]),
    (212141, [0xcc, 0xd8, 0xe6, 0x9a, 0xd2, 0x22, 0xea, 0x1e, 0x80, 0x1f, 0x20, 0x7d, 0xfd, 0xe0, 0x2d, 0xe6]),
    (212142, [0xbe, 0x7f, 0xb7, 0x2e, 0x40, 0x02, 0x40, 0x26, 0xc9, 0x69, 0xd9, 0xcf, 0x2e, 0x15, 0x77, 0x5e]),
    (212143, [0x01, 0xbd, 0x9b, 0x9a, 0x40, 0xdc, 0xfe, 0x2c, 0xdc, 0xa0, 0xda, 0x0b, 0x8b, 0x1a, 0x08, 0x5f]),
    (212144, [0xf1, 0x2a, 0xf3, 0x52, 0x32, 0x2e, 0x08, 0xbd, 0xe0, 0x52, 0xc5, 0x78, 0x68, 0xfd, 0xc1, 0xcc]),
    (212351, [0x5f, 0x7b, 0x52, 0xc5, 0x2e, 0x21, 0x07, 0xd0, 0xb8, 0x3f, 0xfc, 0xe2, 0x93, 0xb4, 0x49, 0xa3]),
    (212431, [0x12, 0x1d, 0x14, 0x68, 0xd0, 0x2b, 0x98, 0x92, 0x19, 0xcf, 0x68, 0xdf, 0xa7, 0xa0, 0x9d, 0xbd]),
    (212432, [0x55, 0x96, 0x47, 0x6e, 0x47, 0x32, 0x28, 0xc0, 0xb0, 0x16, 0x08, 0x99, 0x8a, 0x42, 0x73, 0xfb]),
    (212433, [0x45, 0x77, 0x4e, 0xbc, 0x2b, 0x01, 0xa4, 0xa8, 0x21, 0x66, 0x4b, 0xc4, 0x7b, 0x84, 0x00, 0xf5]),
    (212434, [0xd3, 0x88, 0x0d, 0x69, 0x00, 0x9a, 0x2d, 0xf3, 0x97, 0x66, 0x42, 0xec, 0x49, 0xf7, 0x7e, 0x6f]),
    (212435, [0xf5, 0x1a, 0x29, 0xf6, 0x66, 0xaf, 0x02, 0xb9, 0xd5, 0x6d, 0xc2, 0xec, 0xb7, 0x3d, 0x5b, 0xc2]),
    (212436, [0xb9, 0x0d, 0x48, 0x1b, 0x5a, 0x24, 0xf3, 0x4c, 0x57, 0x3f, 0x01, 0x5e, 0x91, 0xa0, 0x32, 0xfb]),
    (212437, [0xc6, 0x6f, 0x93, 0xc2, 0xf1, 0xef, 0x8e, 0x32, 0x44, 0xa3, 0x44, 0xe7, 0x19, 0x03, 0x2f, 0x10]),
    (212438, [0x78, 0xea, 0x9d, 0x24, 0x61, 0x08, 0x7d, 0x96, 0xc8, 0x9b, 0x15, 0x94, 0x49, 0xee, 0x6a, 0x41]),
    (212439, [0xce, 0xe2, 0x76, 0x81, 0xaa, 0x75, 0x7e, 0x0d, 0x95, 0xe6, 0xd2, 0xba, 0x50, 0xf5, 0xcd, 0x5d]),
    (212440, [0x40, 0xcd, 0x60, 0x48, 0xa5, 0x67, 0x72, 0x43, 0x36, 0x80, 0x43, 0x97, 0x1d, 0xef, 0x96, 0x0d]),
    (212441, [0x8c, 0x2a, 0xcf, 0x39, 0x5c, 0x92, 0xb7, 0xbf, 0xd0, 0x40, 0x1f, 0xcf, 0x62, 0x23, 0x25, 0x9e]),
    (212442, [0xb7, 0xfd, 0x27, 0xeb, 0x59, 0x0f, 0xb3, 0x39, 0x42, 0x05, 0xfd, 0x9d, 0x09, 0x8e, 0x6a, 0x0f]),
    (212443, [0xe7, 0xe3, 0x09, 0x84, 0x03, 0x8d, 0x1e, 0x03, 0x19, 0x11, 0x22, 0x77, 0xbe, 0xbe, 0x0a, 0x23]),
    (212444, [0x58, 0x40, 0x17, 0x2f, 0xa5, 0x53, 0x49, 0xdf, 0xfc, 0x35, 0x1e, 0xa4, 0x86, 0xb0, 0x17, 0x84]),
    (212445, [0x86, 0xb7, 0x58, 0x41, 0x09, 0x74, 0x07, 0xa4, 0xb2, 0x14, 0x14, 0xe8, 0x5f, 0xe7, 0x99, 0xcc]),
    (212446, [0x67, 0x0e, 0x41, 0x2d, 0x3f, 0xed, 0x65, 0x46, 0xfe, 0xb1, 0x75, 0x5b, 0x85, 0xbe, 0xd4, 0x93]),
    (212447, [0xce, 0xa4, 0xe3, 0x94, 0xdc, 0x2f, 0x65, 0x97, 0x8e, 0xd7, 0x53, 0x24, 0xd2, 0x76, 0x0d, 0x23]),
    (212448, [0x9b, 0xff, 0xe6, 0xbf, 0xe1, 0x5d, 0x2d, 0xeb, 0x1d, 0x4d, 0xb2, 0x45, 0xac, 0xf9, 0xd5, 0x93]),
    (212449, [0xd0, 0x79, 0xa4, 0xb3, 0x4e, 0xa7, 0x86, 0xe5, 0x3b, 0x4a, 0xc7, 0x8c, 0x77, 0x15, 0xbc, 0x62]),
    (212450, [0x78, 0x79, 0x69, 0xa4, 0x41, 0x0e, 0x90, 0x69, 0x23, 0x0e, 0xa7, 0x80, 0x8e, 0x0f, 0xdc, 0xf3]),
    (212501, [0xa3, 0xb7, 0xe7, 0xb3, 0xd5, 0x6e, 0xc5, 0xf9, 0x24, 0x83, 0x0f, 0x9c, 0xb7, 0x85, 0x1c, 0x89]),
    (212502, [0x74, 0x13, 0x43, 0x28, 0x7c, 0x50, 0xa0, 0x61, 0x66, 0x97, 0x17, 0x50, 0x32, 0xb8, 0xbc, 0x44]),
    (212503, [0x3d, 0x11, 0x68, 0x9d, 0x62, 0x18, 0xe4, 0x6e, 0xb5, 0x28, 0x56, 0xed, 0x18, 0x24, 0xc5, 0x17]),
    (212504, [0x0b, 0x49, 0x8c, 0xd2, 0x5d, 0xe4, 0xfe, 0x26, 0x12, 0x7b, 0xfc, 0xe6, 0x58, 0x0b, 0x1f, 0xa2]),
    (212505, [0x36, 0xfc, 0x6a, 0xec, 0x9e, 0xef, 0xf7, 0x2a, 0x2d, 0xbe, 0x35, 0xc0, 0x63, 0xc7, 0x92, 0x85]),
    (212721, [0x39, 0x9f, 0xec, 0x9a, 0xe6, 0xa3, 0x9c, 0xf9, 0xa6, 0x9c, 0x83, 0x46, 0xe1, 0x6d, 0x00, 0x25]),
    (212841, [0x32, 0xa1, 0xab, 0x7b, 0x27, 0xdd, 0x43, 0x0c, 0x12, 0x32, 0x9e, 0x26, 0x2a, 0x9c, 0x45, 0xb4]),
    (212861, [0x69, 0x10, 0x4d, 0x54, 0xc8, 0xdc, 0x51, 0xa3, 0xf9, 0x95, 0xb8, 0x2d, 0x1d, 0xc3, 0xa0, 0xb7]),
    (212862, [0xf9, 0xb2, 0x60, 0xcb, 0x3b, 0x1b, 0x44, 0x91, 0xe7, 0xa7, 0x35, 0x68, 0x39, 0xf1, 0x1e, 0x07]),
    (213041, [0x08, 0x57, 0xc5, 0xa3, 0x3a, 0x1b, 0x44, 0xc1, 0x6a, 0x62, 0x85, 0x1a, 0x16, 0xc4, 0x25, 0xaf]),
    (213051, [0x34, 0x56, 0x4e, 0x85, 0xd6, 0xdd, 0xdc, 0x18, 0x90, 0x4a, 0xbc, 0x2e, 0xed, 0x57, 0xac, 0x2f]),
    (214531, [0xf9, 0xc3, 0x18, 0x06, 0xc4, 0x96, 0x5c, 0xc8, 0x4a, 0x03, 0x47, 0xee, 0x76, 0xbd, 0xe4, 0xca]),
    (214532, [0x57, 0xf9, 0xd9, 0x5e, 0xc2, 0x54, 0x3c, 0x1a, 0xd7, 0xd1, 0x2e, 0x6c, 0xd3, 0x48, 0x7d, 0x97]),
    (214631, [0x53, 0x43, 0x18, 0x21, 0x09, 0xdb, 0x63, 0xdc, 0x16, 0x92, 0xd6, 0x64, 0xab, 0x2f, 0xc3, 0xc0]),
    (214632, [0x4d, 0x24, 0xb4, 0x2b, 0xc4, 0x6d, 0x03, 0x15, 0xa3, 0x4e, 0x5e, 0x9c, 0x3d, 0xad, 0x25, 0x9c]),
    (214633, [0xa4, 0x66, 0xc5, 0x91, 0x92, 0xa3, 0xed, 0x03, 0x42, 0xe9, 0x48, 0x93, 0x5c, 0xa7, 0xc0, 0x53]),
    (214634, [0x9b, 0xcd, 0x73, 0x0f, 0x8c, 0x04, 0x2c, 0x94, 0x50, 0x02, 0x2e, 0x7d, 0x9d, 0x18, 0x82, 0x26]),
    (214635, [0xc0, 0x84, 0x0b, 0x2a, 0x97, 0xaf, 0x7c, 0xab, 0x13, 0x5c, 0x79, 0x37, 0xc5, 0x4b, 0x8d, 0x17]),
    (214636, [0x9a, 0x87, 0x13, 0xb2, 0xb6, 0xab, 0x71, 0xdd, 0x8a, 0xcb, 0xac, 0x16, 0x43, 0x73, 0xfa, 0x32]),
    (214637, [0x8b, 0xa1, 0x62, 0xce, 0x20, 0x51, 0xb6, 0x0c, 0x97, 0xb4, 0xa6, 0xe1, 0x1e, 0x79, 0x35, 0x7a]),
    (214638, [0x2d, 0xec, 0x2c, 0xad, 0xd1, 0x4f, 0x0b, 0x0d, 0x90, 0xc3, 0x25, 0x36, 0xcb, 0xe8, 0x45, 0xa8]),
    (214645, [0x7d, 0x6f, 0xc8, 0xc2, 0x9b, 0xb6, 0x7a, 0x45, 0xe2, 0xad, 0x5a, 0xc5, 0x06, 0x8e, 0x19, 0x76]),
    (214646, [0x99, 0x4d, 0xf1, 0x10, 0xf3, 0xb8, 0x4c, 0x23, 0xcd, 0xe4, 0x44, 0x42, 0x3a, 0x8d, 0xf1, 0xb2]),
    (214647, [0x7e, 0x78, 0xc7, 0x8b, 0xba, 0xa3, 0x4a, 0xf7, 0x03, 0x9e, 0xdc, 0x62, 0x59, 0x3c, 0xc3, 0x51]),
    (214648, [0x3e, 0x47, 0x65, 0xfd, 0x18, 0x8a, 0x2d, 0x5b, 0xba, 0x7f, 0x57, 0xd5, 0x1d, 0x23, 0x89, 0x17]),
    (214649, [0x26, 0x62, 0x5b, 0x44, 0xe0, 0x5e, 0x64, 0xcf, 0xb2, 0x58, 0x65, 0x3f, 0x8e, 0xde, 0x3f, 0x59]),
    (214652, [0x4b, 0x03, 0xcc, 0x7a, 0xe9, 0xdb, 0x60, 0x57, 0xd8, 0x5d, 0x72, 0x92, 0x9f, 0x5f, 0x14, 0xf1]),
    (214653, [0xf0, 0x55, 0x36, 0xff, 0x36, 0xff, 0x03, 0x5b, 0x52, 0x92, 0xe7, 0x18, 0x2f, 0x7f, 0xd8, 0xbd]),
    (214681, [0xc5, 0x97, 0xd3, 0xf5, 0x1c, 0xd9, 0x79, 0x0d, 0xf7, 0x1d, 0xdc, 0xc4, 0x23, 0xcf, 0xe5, 0x67]),
    (214711, [0xf8, 0xc2, 0x08, 0xc9, 0x10, 0x15, 0xa7, 0xfa, 0x84, 0x7e, 0x03, 0x50, 0x0e, 0xef, 0x0f, 0x8d]),
    (214712, [0x38, 0xe8, 0xf7, 0xe4, 0xf7, 0x0d, 0x87, 0xbb, 0x62, 0x26, 0x13, 0x20, 0xb4, 0x6a, 0xb5, 0xa9]),
    (214980, [0x4a, 0x58, 0xcb, 0xb6, 0x1c, 0x00, 0x66, 0x90, 0x4b, 0x42, 0x55, 0xb3, 0xd5, 0x8e, 0x98, 0xf9]),
    (214981, [0x64, 0xb0, 0x0e, 0xf2, 0x25, 0x9f, 0x9d, 0x49, 0xfc, 0x5d, 0xfe, 0xbd, 0xc5, 0x8e, 0x32, 0xbb]),
    (214982, [0xa7, 0x39, 0x28, 0x11, 0xb5, 0x23, 0x4a, 0x8c, 0x1e, 0xc7, 0x77, 0x7b, 0x03, 0x4d, 0x56, 0xef]),
    (214983, [0x98, 0x2c, 0x2e, 0x47, 0x6d, 0xa9, 0x71, 0xd9, 0x32, 0x55, 0x66, 0x1b, 0xd6, 0x64, 0x3d, 0x2a]),
    (214984, [0x3e, 0x66, 0x3b, 0xe9, 0x77, 0xd9, 0x9d, 0x75, 0x97, 0x47, 0x94, 0xb8, 0x97, 0x2a, 0x2d, 0x7e]),
    (214985, [0x57, 0x1e, 0x81, 0x83, 0xad, 0x7a, 0xac, 0x44, 0x71, 0x6e, 0xc3, 0x76, 0x3a, 0x2d, 0xd9, 0xee]),
    (215041, [0x90, 0xfd, 0x9f, 0x10, 0x95, 0x37, 0xaf, 0xed, 0x3f, 0xb9, 0xc5, 0xa8, 0xb4, 0xef, 0xda, 0xb5]),
    (215042, [0xb4, 0x7f, 0x5d, 0x54, 0x51, 0xb2, 0x4e, 0x63, 0x5e, 0x49, 0xc3, 0x38, 0xd5, 0x5b, 0xa3, 0x18]),
    (215043, [0x2c, 0x09, 0x08, 0x62, 0x2a, 0x0c, 0x32, 0xd3, 0xd5, 0x52, 0x33, 0x37, 0x5c, 0xc8, 0xcc, 0x92]),
    (215044, [0xfe, 0x5d, 0x18, 0x4c, 0x2d, 0x4a, 0x6e, 0xf4, 0x33, 0xd3, 0xdd, 0x61, 0x48, 0x11, 0x48, 0xbf]),
    (215045, [0x01, 0x1e, 0x02, 0xa4, 0x05, 0x47, 0xf6, 0x7b, 0xe4, 0x97, 0xc9, 0xcf, 0xdf, 0x1f, 0x46, 0x5a]),
    (215046, [0x0f, 0x6a, 0x3d, 0xa6, 0xc9, 0xa2, 0xf7, 0xf1, 0x56, 0x20, 0xfb, 0x99, 0x8b, 0x48, 0x6e, 0xdd]),
    (215047, [0x40, 0x17, 0x1b, 0x96, 0x4a, 0xee, 0x94, 0x91, 0x5a, 0x50, 0xa9, 0x8c, 0x05, 0xca, 0xb3, 0xcf]),
    (215048, [0x3e, 0x2c, 0xb9, 0x40, 0x6c, 0x5c, 0xd8, 0x90, 0x79, 0x86, 0x6a, 0x52, 0x92, 0xfd, 0x4e, 0x5c]),
    (215049, [0x61, 0x80, 0x39, 0x28, 0x20, 0x32, 0x0e, 0x37, 0x4a, 0xce, 0xc6, 0xbc, 0x59, 0xf7, 0xcc, 0xe4]),
    (215050, [0x32, 0x87, 0x68, 0xd7, 0xcf, 0xdc, 0x07, 0x91, 0x96, 0xf1, 0xc4, 0x26, 0x30, 0x8e, 0x10, 0x1f]),
    (215051, [0x2f, 0x1b, 0x0f, 0x36, 0x78, 0x03, 0x66, 0x28, 0x42, 0x8f, 0xca, 0xda, 0x11, 0x07, 0x65, 0xd2]),
    (215052, [0xb7, 0xf2, 0x8a, 0x2b, 0x48, 0x20, 0x52, 0xcc, 0xb8, 0xef, 0xe2, 0x9d, 0x68, 0xcc, 0xe8, 0x33]),
    (215053, [0x33, 0xc4, 0x0e, 0xd6, 0x1b, 0x2e, 0x68, 0x2b, 0xc5, 0x37, 0x29, 0x77, 0x0e, 0xd4, 0x07, 0x78]),
    (215302, [0x03, 0xad, 0x84, 0x9d, 0x09, 0xfe, 0x16, 0xd3, 0xa5, 0x26, 0x7e, 0x62, 0x5b, 0x2a, 0x15, 0xa7]),
    (215304, [0x92, 0x2a, 0xb8, 0x83, 0x42, 0x7c, 0x75, 0x45, 0x60, 0x98, 0x48, 0xe3, 0xe4, 0x94, 0x3f, 0x6f]),
    (215305, [0xdb, 0x92, 0xcd, 0xb5, 0x62, 0xa4, 0x54, 0xf9, 0x35, 0x0a, 0xeb, 0x35, 0x52, 0x5f, 0x37, 0xc3]),
    (215306, [0x62, 0x90, 0x1a, 0xb7, 0x5b, 0x41, 0x31, 0x0c, 0x55, 0xf2, 0x39, 0x83, 0x6e, 0x29, 0x44, 0xeb]),
    (215307, [0xe5, 0x5f, 0x3c, 0xe3, 0x69, 0x55, 0xf4, 0x5b, 0x58, 0x0e, 0x3a, 0x6a, 0x09, 0xe9, 0x4e, 0xff]),
    (215308, [0xd4, 0x0f, 0x70, 0xc2, 0xa4, 0xe5, 0x2b, 0xe4, 0x1b, 0xaf, 0xba, 0x73, 0xb0, 0xb0, 0x32, 0xbc]),
    (215309, [0xfe, 0x95, 0x0f, 0x62, 0x79, 0xa0, 0x82, 0xd5, 0xa7, 0x7a, 0x39, 0x39, 0x31, 0x77, 0x92, 0xe6]),
    (215310, [0x53, 0xa0, 0x6a, 0x4b, 0x0e, 0x64, 0x26, 0x38, 0xc8, 0xc6, 0x22, 0xdc, 0x69, 0xb8, 0x1c, 0x55]),
    (215311, [0x19, 0x62, 0x67, 0x37, 0x0f, 0xe1, 0xe9, 0x10, 0x51, 0x85, 0x33, 0x31, 0xa1, 0xea, 0xaf, 0xab]),
    (215313, [0x14, 0x32, 0x0b, 0xdf, 0xd7, 0x5b, 0xd2, 0xa9, 0xca, 0x7a, 0x6a, 0x99, 0xbc, 0x6a, 0x2f, 0x66]),
    (215314, [0xfa, 0xef, 0x58, 0x44, 0x10, 0x7f, 0x24, 0x41, 0xc5, 0x94, 0x28, 0xf9, 0x26, 0x7a, 0x1c, 0xb7]),
    (215315, [0xaa, 0x89, 0xe5, 0x2e, 0xc1, 0xc3, 0x26, 0x64, 0xd7, 0x8a, 0xd4, 0x34, 0x60, 0x35, 0xf2, 0x8b]),
    (215316, [0xe3, 0x8d, 0x55, 0xc5, 0x85, 0x4e, 0x10, 0xf0, 0x3f, 0xae, 0xe5, 0xa2, 0x87, 0xdf, 0xb1, 0x4b]),
    (215320, [0x84, 0x85, 0xcc, 0xbe, 0x9c, 0x3b, 0x96, 0x7f, 0x5b, 0x11, 0x0b, 0x21, 0xa8, 0xca, 0x93, 0xa0]),
    (215321, [0x90, 0xe7, 0xa2, 0x95, 0xa7, 0xf2, 0x1d, 0x83, 0x9d, 0x25, 0x27, 0x1d, 0x10, 0x5c, 0xd8, 0x42]),
    (215611, [0x5b, 0xe9, 0x32, 0xc9, 0xe7, 0x5d, 0x53, 0xc2, 0xea, 0x07, 0xf6, 0x73, 0x14, 0x62, 0xcf, 0xad]),
    (215731, [0x6c, 0xbb, 0xf6, 0xf1, 0xaf, 0x48, 0x4d, 0x67, 0x7a, 0xdf, 0xe2, 0x58, 0x3e, 0x78, 0x62, 0xce]),
    (216671, [0x55, 0x31, 0x8f, 0xd4, 0xbc, 0x72, 0xae, 0x51, 0x4d, 0x92, 0xdb, 0xd9, 0x4c, 0x18, 0xfb, 0x59]),
    (218371, [0x02, 0x12, 0x0c, 0x79, 0xeb, 0x46, 0x70, 0x36, 0xb2, 0xf2, 0xf8, 0x5d, 0x94, 0xb1, 0xfb, 0xea]),
    (218372, [0x3a, 0x75, 0xe0, 0x7a, 0x1f, 0xea, 0xd7, 0xff, 0x27, 0x71, 0x60, 0xa3, 0xf3, 0xc0, 0x45, 0x8d]),
    (218373, [0x4c, 0xce, 0x8b, 0xa7, 0xde, 0xf6, 0x52, 0x7b, 0xca, 0x14, 0x67, 0x5d, 0x96, 0x83, 0x87, 0x4e]),
    (218374, [0x3a, 0x2b, 0x6a, 0x70, 0xbf, 0x05, 0xee, 0x80, 0x45, 0x46, 0xf7, 0x32, 0xf1, 0x07, 0xc9, 0xd0]),
    (218375, [0x49, 0x80, 0x78, 0x54, 0x67, 0x0e, 0xc9, 0x5b, 0xa1, 0x4c, 0x75, 0xd6, 0xb4, 0xe2, 0x5d, 0xf1]),
    (218376, [0x77, 0x49, 0xb7, 0x2a, 0x9f, 0xf5, 0xa9, 0x10, 0x37, 0x62, 0xd9, 0x1a, 0x89, 0x72, 0x16, 0x90]),
    (218377, [0xbb, 0x42, 0x92, 0x73, 0xe3, 0x1f, 0xbe, 0x98, 0x05, 0x07, 0xae, 0xa9, 0x60, 0x21, 0x9a, 0x24]),
    (218378, [0xee, 0xe8, 0x4b, 0x46, 0xf3, 0x1b, 0x18, 0x64, 0x64, 0xd6, 0x6a, 0xd1, 0xc0, 0x66, 0xc3, 0x90]),
    (218379, [0x43, 0xd6, 0x44, 0xe5, 0x9c, 0x4a, 0x99, 0xed, 0x83, 0x17, 0x77, 0x14, 0x7c, 0xda, 0x47, 0xb8]),
    (218380, [0x82, 0xa4, 0x48, 0x3e, 0x5e, 0x04, 0xbf, 0x65, 0x5b, 0xb3, 0x5c, 0x43, 0x7b, 0xef, 0x8b, 0x4a]),
    (218381, [0x0a, 0x63, 0x26, 0x16, 0xd8, 0x21, 0x51, 0xb8, 0x9e, 0x5f, 0x26, 0xe9, 0x02, 0x6a, 0xc8, 0xb5]),
    (218382, [0xc5, 0xc3, 0xa4, 0x45, 0xc8, 0xbd, 0x32, 0x5f, 0x95, 0x64, 0x36, 0xaa, 0x53, 0x8c, 0x3a, 0x7f]),
    (218391, [0xd6, 0xab, 0x03, 0x40, 0x8a, 0xd3, 0xb9, 0xa3, 0xea, 0xca, 0x00, 0x5f, 0x62, 0x14, 0x9f, 0x56]),
    (218392, [0x41, 0x24, 0xb0, 0xaa, 0x04, 0x67, 0xb2, 0xc8, 0xc9, 0xb1, 0x9b, 0x90, 0x52, 0x2e, 0xd8, 0xbc]),
    (218393, [0x11, 0xda, 0x72, 0xae, 0x2b, 0xcd, 0x8f, 0xf2, 0x98, 0x7b, 0x2a, 0x2e, 0x8b, 0xbf, 0xa0, 0x6b]),
    (218394, [0xd5, 0xd6, 0x5f, 0xfd, 0x4b, 0x5d, 0x1c, 0x81, 0xa0, 0x9e, 0x79, 0x10, 0x1b, 0xb5, 0x78, 0x83]),
    (218395, [0x33, 0x0c, 0xae, 0x59, 0x9b, 0x46, 0x2d, 0x31, 0xe9, 0xc9, 0x9d, 0x07, 0x45, 0xf0, 0xb0, 0x03]),
    (218396, [0x15, 0x6f, 0xaa, 0xf8, 0xd2, 0x45, 0x8e, 0x42, 0xcf, 0x3f, 0xa8, 0x5d, 0x3b, 0xbb, 0x61, 0x1d]),
    (218397, [0x8f, 0xaa, 0xd2, 0xe0, 0x3a, 0x3a, 0x19, 0x70, 0x8a, 0x2d, 0xb0, 0x3b, 0xcb, 0xdf, 0x21, 0x33]),
    (218398, [0xa9, 0x96, 0x8b, 0xed, 0x31, 0xf7, 0x28, 0xbd, 0x80, 0x18, 0x8f, 0x09, 0xbb, 0x1a, 0x2f, 0x63]),
    (218399, [0xb5, 0x60, 0x59, 0x71, 0x40, 0x83, 0x51, 0x08, 0x72, 0xd0, 0x69, 0x86, 0xb4, 0x9d, 0xb7, 0xf0]),
    (218400, [0x26, 0x64, 0x56, 0x4c, 0x73, 0x49, 0x40, 0xb2, 0x33, 0xfd, 0x2c, 0xa6, 0x4d, 0xe3, 0xfe, 0x63]),
    (218401, [0x65, 0x17, 0xd6, 0x1f, 0x5c, 0x02, 0x6f, 0x7f, 0xd0, 0x4f, 0x58, 0x51, 0x5f, 0x04, 0x0d, 0x26]),
    (218402, [0x68, 0x28, 0x36, 0x7b, 0x6f, 0x3c, 0xba, 0x15, 0x1f, 0x22, 0x6a, 0x74, 0x15, 0x5f, 0xb2, 0x8c]),
    (220760, [0x79, 0xed, 0x15, 0x4e, 0xa7, 0x28, 0x1d, 0xce, 0x79, 0xf8, 0xaa, 0x95, 0x88, 0x14, 0x85, 0x7a]),
    (220761, [0x7f, 0x62, 0xdc, 0x90, 0x57, 0x12, 0x06, 0x8e, 0xaf, 0x6e, 0xfc, 0x9d, 0x61, 0xa9, 0xc5, 0x88]),
    (220762, [0x5b, 0x7d, 0x5a, 0x08, 0x89, 0xf1, 0x55, 0xcb, 0xe1, 0x0f, 0x8f, 0xdd, 0x62, 0x3b, 0x49, 0xa2]),
    (220763, [0x49, 0x8a, 0xfa, 0xbe, 0x08, 0x1c, 0xf5, 0x30, 0x71, 0x6d, 0x42, 0x2e, 0xa0, 0x5a, 0xeb, 0x68]),
    (220764, [0xdd, 0x64, 0xe3, 0xee, 0x7d, 0x72, 0x94, 0xe1, 0x10, 0x2c, 0x23, 0xde, 0x23, 0x18, 0x1d, 0x40]),
    (220765, [0xb9, 0x51, 0xb2, 0xc0, 0x64, 0xe6, 0xc1, 0xaf, 0xf9, 0xff, 0x08, 0x9f, 0x28, 0xa6, 0xb9, 0x8a]),
    (221941, [0xf5, 0xb4, 0xba, 0xb5, 0x74, 0x33, 0x14, 0x93, 0x42, 0x90, 0xa7, 0xc8, 0x61, 0xd7, 0xd7, 0xf4]),
    (221942, [0xf1, 0x08, 0x79, 0x1e, 0x7c, 0x9e, 0xcf, 0x28, 0xa2, 0x2f, 0x14, 0x48, 0xe8, 0xbc, 0x61, 0x72]),
    (221943, [0x3f, 0xbc, 0x2e, 0x32, 0xa8, 0xb8, 0xbb, 0x5a, 0xd2, 0x11, 0x87, 0xf2, 0x28, 0xa9, 0x9b, 0xce]),
    (221944, [0xc3, 0xb0, 0x8d, 0x63, 0x0d, 0x1a, 0x5e, 0xb9, 0x24, 0xe2, 0xfb, 0xff, 0x46, 0xa0, 0x35, 0x73]),
    (221945, [0x1e, 0xb3, 0xe1, 0x80, 0x24, 0xcd, 0xfe, 0x76, 0xff, 0x61, 0x21, 0x0d, 0xdf, 0xad, 0x59, 0xaf]),
    (221946, [0x9b, 0xfa, 0x10, 0xcf, 0xcf, 0xf9, 0xcd, 0x28, 0xed, 0xcd, 0xeb, 0x6f, 0x3d, 0xa7, 0x14, 0x02]),
    (221947, [0x9d, 0x45, 0x97, 0x5e, 0xf6, 0xea, 0x7c, 0x1a, 0x20, 0xe4, 0x25, 0xb0, 0x6e, 0xed, 0x8f, 0x54]),
    (221948, [0xd4, 0xf4, 0x67, 0x4a, 0x9e, 0x18, 0x68, 0x64, 0x6f, 0xa8, 0x0a, 0xa5, 0x8b, 0xe7, 0x78, 0x9a]),
    (221949, [0xc3, 0x9f, 0xaa, 0x9c, 0x60, 0x31, 0x8c, 0x39, 0xa4, 0x44, 0xb7, 0x1c, 0x1a, 0xcf, 0xd8, 0x76]),
    (221950, [0x8d, 0xb9, 0x58, 0x53, 0x2b, 0xdc, 0x27, 0x5f, 0xa2, 0x4c, 0x99, 0xb9, 0xd8, 0x18, 0x74, 0xb3]),
    (221952, [0x34, 0xd4, 0x5a, 0xb6, 0xce, 0x5c, 0x5b, 0xdb, 0xc4, 0x9b, 0x43, 0x64, 0xae, 0x01, 0xa8, 0x5b]),
    (221961, [0x98, 0x75, 0xf7, 0x43, 0xd1, 0x8f, 0xc6, 0x86, 0x4b, 0xd9, 0x90, 0xa4, 0xf6, 0xee, 0xe5, 0x48]),
    (221962, [0x95, 0x3a, 0x27, 0xb7, 0x92, 0x3e, 0xc5, 0x5b, 0x90, 0xff, 0x26, 0xec, 0xa8, 0xdb, 0xba, 0x49]),
    (221963, [0x26, 0x96, 0x30, 0x9c, 0x8d, 0x57, 0x34, 0xdd, 0x14, 0x61, 0xae, 0xeb, 0x7f, 0x80, 0xb8, 0xf6]),
    (221964, [0x1b, 0x6d, 0x90, 0x2e, 0xe6, 0x99, 0x60, 0x06, 0x87, 0x7b, 0x13, 0x10, 0xd8, 0x77, 0xb1, 0x5f]),
    (221965, [0xfe, 0x9d, 0x7f, 0x21, 0xb3, 0x86, 0x0a, 0xc9, 0xf0, 0xc5, 0xb6, 0x31, 0x3d, 0x39, 0xbf, 0x96]),
    (221966, [0x4c, 0x4d, 0x8b, 0x9f, 0xa2, 0xa5, 0x13, 0x78, 0xd2, 0xf4, 0x49, 0xd7, 0x49, 0xed, 0xa8, 0xc8]),
    (221967, [0x57, 0x8e, 0x28, 0x17, 0x53, 0xcc, 0x41, 0x34, 0x1c, 0x1a, 0x81, 0x80, 0x57, 0xe4, 0x60, 0x6e]),
    (221968, [0x01, 0xd7, 0xb9, 0x8a, 0x6e, 0x72, 0xaf, 0xd2, 0xae, 0x61, 0x8a, 0x45, 0x95, 0x07, 0x98, 0x79]),
    (221969, [0x81, 0xec, 0x97, 0x5c, 0x5e, 0x0c, 0xec, 0xb0, 0xb6, 0x3b, 0xd7, 0x07, 0x35, 0x47, 0x85, 0x9d]),
    (221970, [0xa6, 0x5c, 0x27, 0xda, 0xf1, 0x9d, 0x18, 0x49, 0xf9, 0x41, 0xf5, 0xbe, 0xbb, 0x00, 0x49, 0xf4]),
    (221972, [0x56, 0x54, 0x01, 0xbb, 0xe6, 0x78, 0xa2, 0xd1, 0xdf, 0x29, 0xdc, 0x2e, 0xfd, 0x4e, 0xb1, 0x8c]),
    (222301, [0x1c, 0x1d, 0x5c, 0x0d, 0xd0, 0xe3, 0x56, 0x0b, 0xa8, 0x3f, 0xfa, 0x64, 0xe8, 0x8c, 0xbe, 0x86]),
    (222302, [0x74, 0x4b, 0x84, 0xa2, 0x30, 0x18, 0x2f, 0xb1, 0xdf, 0xa5, 0x43, 0xcf, 0xed, 0x48, 0x50, 0x8d]),
    (222303, [0x50, 0xc2, 0x21, 0x90, 0xe1, 0xd7, 0x16, 0xf9, 0x6b, 0x26, 0x04, 0x05, 0x15, 0x06, 0xc4, 0x3b]),
    (222304, [0x4d, 0xdc, 0xe0, 0x75, 0xb1, 0x44, 0x4e, 0x85, 0xcc, 0x01, 0x5c, 0x75, 0x7d, 0xb6, 0x49, 0x27]),
    (222305, [0x8e, 0xa2, 0x85, 0x99, 0xcb, 0x72, 0x1f, 0x02, 0xfd, 0xc0, 0x72, 0x17, 0x35, 0x5b, 0x91, 0x33]),
    (222306, [0xb3, 0x24, 0x79, 0xbe, 0x68, 0x42, 0x1b, 0x24, 0xcd, 0x3d, 0x53, 0xdc, 0xad, 0xaa, 0x35, 0xff]),
    (222307, [0xbe, 0x7d, 0xe7, 0x8c, 0x0a, 0x69, 0xd7, 0xc7, 0x64, 0xc0, 0x6c, 0xfd, 0x00, 0x54, 0x83, 0xc0]),
    (222308, [0xd0, 0xf1, 0x0c, 0x5d, 0x9a, 0x21, 0xe0, 0x17, 0xbe, 0x1e, 0x07, 0xc7, 0x3c, 0x3c, 0x21, 0x6e]),
    (222309, [0xc8, 0xe1, 0x76, 0x26, 0xef, 0xac, 0xcb, 0x89, 0x29, 0xbe, 0x56, 0xca, 0x37, 0x33, 0x60, 0x1d]),
    (222310, [0x96, 0x9b, 0x17, 0xea, 0xd5, 0xec, 0x54, 0x44, 0x30, 0xe3, 0xf7, 0xe9, 0x08, 0x89, 0x5c, 0xa8]),
    (222312, [0xc9, 0xf9, 0x99, 0x57, 0x5c, 0x6c, 0xee, 0xbc, 0x26, 0xcb, 0x86, 0xbd, 0x45, 0x49, 0xe9, 0xfc]),
    (222540, [0x7b, 0xcc, 0xa6, 0x49, 0x77, 0x0a, 0x0b, 0x28, 0xff, 0xb7, 0x06, 0xd5, 0xbb, 0xb7, 0xc6, 0x71]),
    (222541, [0xe7, 0x90, 0x3d, 0x5f, 0x17, 0x3f, 0x40, 0x43, 0xd6, 0xfd, 0x25, 0x60, 0xa4, 0x3c, 0x97, 0xe7]),
    (222542, [0xec, 0xcc, 0x6c, 0xde, 0xd5, 0x9e, 0x60, 0x1f, 0x47, 0x82, 0x08, 0x44, 0x83, 0xf5, 0x0b, 0x3e]),
    (222543, [0x54, 0xdb, 0x1b, 0x28, 0xbf, 0xea, 0x90, 0x0a, 0x42, 0xe0, 0x1a, 0xda, 0x1b, 0x87, 0x29, 0x23]),
    (222544, [0x40, 0xf5, 0x8c, 0xa4, 0x46, 0x03, 0xf7, 0x5c, 0xa2, 0xac, 0x46, 0x75, 0x21, 0xb6, 0x42, 0x44]),
    (222545, [0x70, 0xb4, 0x35, 0x94, 0x5d, 0x82, 0xbf, 0x9d, 0x38, 0x69, 0xbe, 0x2e, 0xe3, 0x4f, 0x1b, 0x5c]),
    (222546, [0x25, 0x19, 0x7f, 0x79, 0x32, 0x37, 0xf0, 0xa1, 0x12, 0x0b, 0x61, 0xfe, 0xa2, 0xe6, 0x75, 0x3e]),
    (222547, [0x2f, 0x6b, 0x04, 0x7b, 0xe3, 0xfa, 0x7e, 0x2b, 0x61, 0xeb, 0xd0, 0x51, 0xe9, 0x82, 0xba, 0xe3]),
    (222548, [0x9e, 0x3d, 0x34, 0x64, 0x14, 0xf1, 0x3c, 0xcd, 0x69, 0x42, 0x4e, 0xa5, 0x86, 0x8c, 0x45, 0x2e]),
    (222550, [0x72, 0x8f, 0x60, 0x3a, 0x49, 0x29, 0xb9, 0x77, 0xc8, 0x93, 0xb9, 0xb9, 0x18, 0x93, 0x81, 0xa1]),
    (222551, [0xb8, 0x13, 0x96, 0xb2, 0x2e, 0x7a, 0x2b, 0x5e, 0xff, 0xab, 0x56, 0xfb, 0xcb, 0x2f, 0x78, 0x98]),
    (222562, [0xc4, 0x07, 0x74, 0xfd, 0x75, 0xed, 0xf7, 0xe6, 0x09, 0x53, 0x9b, 0xb9, 0x6f, 0xa3, 0xf3, 0x70]),
    (222564, [0x67, 0xb0, 0xf0, 0xe2, 0x36, 0x58, 0x13, 0x37, 0x54, 0x4e, 0x2c, 0x4a, 0xf5, 0xa9, 0x11, 0x34]),
    (222565, [0xa1, 0x6c, 0xcd, 0xe6, 0x0f, 0xe6, 0xd4, 0xe6, 0x8a, 0x15, 0x00, 0x11, 0x27, 0x05, 0x46, 0xce]),
    (222566, [0x55, 0xff, 0x9d, 0x10, 0x2d, 0x06, 0xb5, 0x79, 0x70, 0x9d, 0x35, 0x32, 0xe1, 0x24, 0xf6, 0xcb]),
    (222567, [0x71, 0xc5, 0xf1, 0xd4, 0xd0, 0x89, 0xe2, 0x26, 0x34, 0x7b, 0xb2, 0x86, 0x34, 0x60, 0x6a, 0x4a]),
    (222568, [0xde, 0xbc, 0xf5, 0xf7, 0xbf, 0x47, 0x2e, 0x3a, 0x57, 0x42, 0x90, 0x87, 0x20, 0x70, 0x42, 0x92]),
    (235781, [0xdf, 0xa9, 0x98, 0x3e, 0x6a, 0xfb, 0x52, 0xcc, 0x5b, 0x0d, 0xcc, 0x35, 0x29, 0x11, 0xb2, 0x3b]),
    (387001, [0x3c, 0x82, 0x8b, 0x33, 0x71, 0x6f, 0x9f, 0xc3, 0x68, 0xac, 0x06, 0x00, 0x48, 0x48, 0x03, 0xad]),
];
